2025-11-19 10:08:45,916 - Knowledge - INFO - Created shared MongoDB connection pool
2025-11-19 10:08:46,242 - Knowledge - INFO - Starting Knowledge Graph processing with 20 threads
2025-11-19 10:08:46,434 - Knowledge - INFO - Initial configuration: chunk_size=65536, max_cache_size=500
2025-11-19 10:08:46,637 - Knowledge - INFO - Knowledge Graph concurrency configuration: workers=20, max_batch_size=25, max_concurrent_llm_calls=50
2025-11-19 10:08:48,257 - Knowledge - INFO - 🔍 _load_persisted_knowledge called - checking for Redis optimization
2025-11-19 10:08:48,401 - Knowledge - WARNING - ❌ load_from_redis method not found - Redis support not attached
2025-11-19 10:08:48,595 - Knowledge - INFO - load persisted knowledge: begin
2025-11-19 10:08:48,773 - Knowledge - INFO - Loaded 0 files from persisted knowledge
2025-11-19 10:08:48,955 - Knowledge - INFO - load persisted knowledge: end
2025-11-19 10:08:49,184 - Knowledge - WARNING - No persisted knowledge found. Files will be queued during start()
2025-11-19 10:08:49,395 - Knowledge - INFO - Redis support added with prefix knowledge:b4715fp:
2025-11-19 10:08:49,772 - Knowledge - INFO - Starting knowledge initialization for ID: BGf6WV-b4715fp
2025-11-19 10:08:49,917 - Knowledge - INFO - 🔍 Checking Redis for build_id: b4715fp
2025-11-19 10:08:50,104 - Knowledge - INFO - 🔍 Full session ID: BGf6WV-b4715fp
2025-11-19 10:08:50,278 - Knowledge - INFO - 🔍 Redis prefix will be: knowledge:b4715fp:
2025-11-19 10:08:50,447 - Knowledge - INFO - 🔍 Using attached load_from_redis() method
2025-11-19 10:08:50,642 - Knowledge - INFO - 🔍 Attempting to load knowledge from Redis...
2025-11-19 10:08:50,826 - Knowledge - INFO - 🔍 Using derived instance_id for Redis lookup: b4715fp
2025-11-19 10:08:53,459 - Knowledge - WARNING - ❌ No Redis cache found
2025-11-19 10:08:55,905 - Knowledge - INFO - 📁 Loading knowledge from disk...
2025-11-19 10:08:56,108 - Knowledge - INFO - load persisted docinfo: begin
2025-11-19 10:08:56,263 - Knowledge - INFO - load persisted docinfo: end
2025-11-19 10:08:56,452 - Knowledge - INFO - 🔍 _load_persisted_knowledge called - checking for Redis optimization
2025-11-19 10:08:56,637 - Knowledge - INFO - ✅ load_from_redis method found - attempting Redis load
2025-11-19 10:08:56,834 - Knowledge - INFO - 🔍 Attempting to load knowledge from Redis...
2025-11-19 10:08:57,009 - Knowledge - INFO - 🔍 Using derived instance_id for Redis lookup: b4715fp
2025-11-19 10:08:59,579 - Knowledge - WARNING - ❌ No Redis cache found
2025-11-19 10:08:59,753 - Knowledge - INFO - ❌ Redis load returned False - falling back to file loading
2025-11-19 10:08:59,955 - Knowledge - INFO - load persisted knowledge: begin
2025-11-19 10:09:00,136 - Knowledge - INFO - Loaded 0 files from persisted knowledge
2025-11-19 10:09:00,291 - Knowledge - INFO - load persisted knowledge: end
2025-11-19 10:09:00,482 - Knowledge - INFO - 📁 Disk load complete in 4.42s
2025-11-19 10:09:00,644 - Knowledge - INFO - Populating ingest queue with source files...
2025-11-19 10:09:01,369 - Knowledge - INFO - Added 237 files from /app/data/T0015/271517/b4715fp/spacetelescope to ingest queue
2025-11-19 10:09:01,550 - Knowledge - INFO - Worker kw1 created using shared MongoDB connection pool
2025-11-19 10:09:01,746 - Knowledge - INFO - knowledge worker kw1 start
2025-11-19 10:09:01,748 - Knowledge - INFO - Worker kw2 created using shared MongoDB connection pool
2025-11-19 10:09:01,925 - Knowledge - INFO - [kw1] Queue=237, InProgress=0, PendingWorkers=0/1, Completed=0/237 (0.0%)
2025-11-19 10:09:02,044 - Knowledge - INFO - knowledge worker kw2 start
2025-11-19 10:09:02,045 - Knowledge - INFO - Worker kw3 created using shared MongoDB connection pool
2025-11-19 10:09:02,139 - Knowledge - INFO - Batch sizing: calculated=15, max_allowed=25, queue=237, active_workers=0/2
2025-11-19 10:09:02,202 - Knowledge - INFO - [kw2] Queue=237, InProgress=0, PendingWorkers=0/2, Completed=0/237 (0.0%)
2025-11-19 10:09:02,299 - Knowledge - INFO - knowledge worker kw3 start
2025-11-19 10:09:02,299 - Knowledge - INFO - Worker kw4 created using shared MongoDB connection pool
2025-11-19 10:09:02,407 - Knowledge - INFO - Worker kw1 processing /app/data/T0015/271517/b4715fp/spacetelescope/CHANGES.rst
2025-11-19 10:09:02,471 - Knowledge - INFO - Batch sizing: calculated=15, max_allowed=25, queue=237, active_workers=1/3
2025-11-19 10:09:02,544 - Knowledge - INFO - [kw3] Queue=222, InProgress=0, PendingWorkers=1/3, Completed=0/237 (0.0%)
2025-11-19 10:09:02,625 - Knowledge - INFO - knowledge worker kw4 start
2025-11-19 10:09:02,625 - Knowledge - INFO - Worker kw5 created using shared MongoDB connection pool
2025-11-19 10:09:02,740 - Knowledge - INFO - Worker kw1 processing /app/data/T0015/271517/b4715fp/spacetelescope/environment_python_3_9.yml
2025-11-19 10:09:02,813 - Knowledge - INFO - Worker kw2 processing /app/data/T0015/271517/b4715fp/spacetelescope/jwql/utils/plotting.py
2025-11-19 10:09:02,885 - Knowledge - INFO - Batch sizing: calculated=15, max_allowed=25, queue=222, active_workers=2/4
2025-11-19 10:09:02,964 - Knowledge - INFO - [kw4] Queue=207, InProgress=0, PendingWorkers=2/4, Completed=0/237 (0.0%)
2025-11-19 10:09:03,073 - Knowledge - INFO - knowledge worker kw5 start
2025-11-19 10:09:03,074 - Knowledge - INFO - Worker kw6 created using shared MongoDB connection pool
2025-11-19 10:09:03,158 - Knowledge - INFO - Fast-tracked /app/data/T0015/271517/b4715fp/spacetelescope/environment_python_3_9.yml (ext=.yml, size=1520)
2025-11-19 10:09:03,284 - Knowledge - INFO - Worker kw2 processing /app/data/T0015/271517/b4715fp/spacetelescope/jwql/utils/utils.py
2025-11-19 10:09:03,403 - Knowledge - INFO - Worker kw3 processing /app/data/T0015/271517/b4715fp/spacetelescope/jwql/example_config.json
2025-11-19 10:09:03,468 - Knowledge - INFO - Batch sizing: calculated=15, max_allowed=25, queue=207, active_workers=3/5
2025-11-19 10:09:03,597 - Knowledge - INFO - [kw5] Queue=192, InProgress=0, PendingWorkers=3/5, Completed=0/237 (0.0%)
2025-11-19 10:09:03,665 - Knowledge - INFO - knowledge worker kw6 start
2025-11-19 10:09:03,666 - Knowledge - INFO - Worker kw7 created using shared MongoDB connection pool
2025-11-19 10:09:03,759 - Knowledge - INFO - Worker kw1 processing /app/data/T0015/271517/b4715fp/spacetelescope/setup.py
2025-11-19 10:09:03,832 - Knowledge - INFO - Worker kw2 processing /app/data/T0015/271517/b4715fp/spacetelescope/jwql/utils/constants.py
2025-11-19 10:09:03,969 - Knowledge - INFO - Fast-tracked /app/data/T0015/271517/b4715fp/spacetelescope/jwql/example_config.json (ext=.json, size=648)
2025-11-19 10:09:04,040 - Knowledge - INFO - Worker kw4 processing /app/data/T0015/271517/b4715fp/spacetelescope/jwql/database/monitor_table_definitions/niriss/niriss_dark_query_history.txt
2025-11-19 10:09:04,129 - Knowledge - INFO - Batch sizing: calculated=12, max_allowed=25, queue=192, active_workers=4/6
2025-11-19 10:09:04,234 - Knowledge - INFO - [kw6] Queue=177, InProgress=0, PendingWorkers=4/6, Completed=0/237 (0.0%)
2025-11-19 10:09:04,325 - Knowledge - INFO - knowledge worker kw7 start
2025-11-19 10:09:04,325 - Knowledge - INFO - Worker kw8 created using shared MongoDB connection pool
2025-11-19 10:09:04,399 - Knowledge - INFO - Fast-tracked /app/data/T0015/271517/b4715fp/spacetelescope/setup.py (ext=.py, size=1457)
2025-11-19 10:09:04,488 - Knowledge - INFO - Worker kw2 processing /app/data/T0015/271517/b4715fp/spacetelescope/jwql/utils/instrument_properties.py
2025-11-19 10:09:04,591 - Knowledge - INFO - Worker kw3 processing /app/data/T0015/271517/b4715fp/spacetelescope/jwql/database/database_interface.py
2025-11-19 10:09:04,677 - Knowledge - INFO - Fast-tracked /app/data/T0015/271517/b4715fp/spacetelescope/jwql/database/monitor_table_definitions/niriss/niriss_dark_query_history.txt (ext=.txt, size=137)
2025-11-19 10:09:04,752 - Knowledge - INFO - Worker kw5 processing /app/data/T0015/271517/b4715fp/spacetelescope/jwql/database/monitor_table_definitions/nircam/nircam_dark_dark_current.txt
2025-11-19 10:09:04,839 - Knowledge - INFO - Batch sizing: calculated=12, max_allowed=25, queue=177, active_workers=5/7
2025-11-19 10:09:04,923 - Knowledge - INFO - [kw7] Queue=165, InProgress=0, PendingWorkers=5/7, Completed=0/237 (0.0%)
2025-11-19 10:09:05,017 - Knowledge - INFO - knowledge worker kw8 start
2025-11-19 10:09:05,017 - Knowledge - INFO - Worker kw9 created using shared MongoDB connection pool
2025-11-19 10:09:05,121 - Knowledge - INFO - Worker kw1 processing /app/data/T0015/271517/b4715fp/spacetelescope/notebooks/keywords_in_multiple_headers.ipynb
2025-11-19 10:09:05,203 - Knowledge - INFO - Worker kw2 processing /app/data/T0015/271517/b4715fp/spacetelescope/jwql/utils/mast_utils.py
2025-11-19 10:09:05,316 - Knowledge - INFO - Worker kw3 processing /app/data/T0015/271517/b4715fp/spacetelescope/jwql/database/monitor_table_definitions/fgs/fgs_dark_dark_current.txt
2025-11-19 10:09:05,436 - Knowledge - INFO - Worker kw4 processing /app/data/T0015/271517/b4715fp/spacetelescope/jwql/database/monitor_table_definitions/niriss/niriss_bad_pixel_query_history.txt
2025-11-19 10:09:05,558 - Knowledge - INFO - Fast-tracked /app/data/T0015/271517/b4715fp/spacetelescope/jwql/database/monitor_table_definitions/nircam/nircam_dark_dark_current.txt (ext=.txt, size=629)
2025-11-19 10:09:05,637 - Knowledge - INFO - Worker kw6 processing /app/data/T0015/271517/b4715fp/spacetelescope/jwql/database/monitor_table_definitions/miri/miri_dark_pixel_stats.txt
2025-11-19 10:09:05,726 - Knowledge - INFO - Batch sizing: calculated=12, max_allowed=25, queue=165, active_workers=6/8
2025-11-19 10:09:05,842 - Knowledge - INFO - [kw8] Queue=153, InProgress=0, PendingWorkers=6/8, Completed=0/237 (0.0%)
2025-11-19 10:09:05,924 - Knowledge - INFO - knowledge worker kw9 start
2025-11-19 10:09:05,924 - Knowledge - INFO - Worker kw10 created using shared MongoDB connection pool
2025-11-19 10:09:06,005 - Knowledge - INFO - Worker kw1 processing /app/data/T0015/271517/b4715fp/spacetelescope/notebooks/database_anomoly_table.ipynb
2025-11-19 10:09:06,099 - Knowledge - INFO - Worker kw2 processing /app/data/T0015/271517/b4715fp/spacetelescope/jwql/utils/anomaly_query_config.py
2025-11-19 10:09:06,204 - Knowledge - INFO - Fast-tracked /app/data/T0015/271517/b4715fp/spacetelescope/jwql/database/monitor_table_definitions/fgs/fgs_dark_dark_current.txt (ext=.txt, size=629)
2025-11-19 10:09:06,273 - Knowledge - INFO - Fast-tracked /app/data/T0015/271517/b4715fp/spacetelescope/jwql/database/monitor_table_definitions/niriss/niriss_bad_pixel_query_history.txt (ext=.txt, size=262)
2025-11-19 10:09:06,390 - Knowledge - INFO - Worker kw5 processing /app/data/T0015/271517/b4715fp/spacetelescope/jwql/database/monitor_table_definitions/nircam/nircam_bad_pixel_query_history.txt
2025-11-19 10:09:06,467 - Knowledge - INFO - Fast-tracked /app/data/T0015/271517/b4715fp/spacetelescope/jwql/database/monitor_table_definitions/miri/miri_dark_pixel_stats.txt (ext=.txt, size=234)
2025-11-19 10:09:06,602 - Knowledge - INFO - Worker kw7 processing /app/data/T0015/271517/b4715fp/spacetelescope/jwql/tests/test_permissions.py
2025-11-19 10:09:06,684 - Knowledge - INFO - Batch sizing: calculated=12, max_allowed=25, queue=153, active_workers=7/9
2025-11-19 10:09:06,776 - Knowledge - INFO - [kw9] Queue=141, InProgress=0, PendingWorkers=7/9, Completed=0/237 (0.0%)
2025-11-19 10:09:06,876 - Knowledge - INFO - knowledge worker kw10 start
2025-11-19 10:09:06,876 - Knowledge - INFO - Worker kw11 created using shared MongoDB connection pool
2025-11-19 10:09:06,944 - Knowledge - INFO - Worker kw1 processing /app/data/T0015/271517/b4715fp/spacetelescope/notebooks/integrating_auth_mast_service.ipynb
2025-11-19 10:09:07,015 - Knowledge - INFO - Fast-tracked /app/data/T0015/271517/b4715fp/spacetelescope/jwql/utils/anomaly_query_config.py (ext=.py, size=1536)
2025-11-19 10:09:07,106 - Knowledge - INFO - Worker kw3 processing /app/data/T0015/271517/b4715fp/spacetelescope/jwql/database/monitor_table_definitions/fgs/fgs_dark_pixel_stats.txt
2025-11-19 10:09:07,189 - Knowledge - INFO - Worker kw4 processing /app/data/T0015/271517/b4715fp/spacetelescope/jwql/database/monitor_table_definitions/niriss/niriss_bad_pixel_stats.txt
2025-11-19 10:09:07,304 - Knowledge - INFO - Fast-tracked /app/data/T0015/271517/b4715fp/spacetelescope/jwql/database/monitor_table_definitions/nircam/nircam_bad_pixel_query_history.txt (ext=.txt, size=262)
2025-11-19 10:09:07,373 - Knowledge - INFO - Worker kw6 processing /app/data/T0015/271517/b4715fp/spacetelescope/jwql/database/reset_database.py
2025-11-19 10:09:07,464 - Knowledge - INFO - Fast-tracked /app/data/T0015/271517/b4715fp/spacetelescope/jwql/tests/test_permissions.py (ext=.py, size=4106)
2025-11-19 10:09:07,557 - Knowledge - INFO - Worker kw8 processing /app/data/T0015/271517/b4715fp/spacetelescope/jwql/tests/test_utils.py
2025-11-19 10:09:07,636 - Knowledge - INFO - Batch sizing: calculated=12, max_allowed=25, queue=141, active_workers=8/10
2025-11-19 10:09:07,745 - Knowledge - INFO - [kw10] Queue=129, InProgress=0, PendingWorkers=8/10, Completed=0/237 (0.0%)
2025-11-19 10:09:07,851 - Knowledge - INFO - knowledge worker kw11 start
2025-11-19 10:09:07,851 - Knowledge - INFO - Worker kw12 created using shared MongoDB connection pool
2025-11-19 10:09:07,969 - Knowledge - INFO - Worker kw1 processing /app/data/T0015/271517/b4715fp/spacetelescope/notebooks/edb_mnemonic_query.ipynb
2025-11-19 10:09:08,039 - Knowledge - INFO - Worker kw2 processing /app/data/T0015/271517/b4715fp/spacetelescope/jwql/utils/organize_filesystem.py
2025-11-19 10:09:08,133 - Knowledge - INFO - Fast-tracked /app/data/T0015/271517/b4715fp/spacetelescope/jwql/database/monitor_table_definitions/fgs/fgs_dark_pixel_stats.txt (ext=.txt, size=234)
2025-11-19 10:09:08,232 - Knowledge - INFO - Fast-tracked /app/data/T0015/271517/b4715fp/spacetelescope/jwql/database/monitor_table_definitions/niriss/niriss_bad_pixel_stats.txt (ext=.txt, size=205)
2025-11-19 10:09:08,304 - Knowledge - INFO - Worker kw5 processing /app/data/T0015/271517/b4715fp/spacetelescope/jwql/database/monitor_table_definitions/nircam/nircam_bad_pixel_stats.txt
2025-11-19 10:09:08,370 - Knowledge - INFO - Fast-tracked /app/data/T0015/271517/b4715fp/spacetelescope/jwql/database/reset_database.py (ext=.py, size=1210)
2025-11-19 10:09:08,462 - Knowledge - INFO - Worker kw7 processing /app/data/T0015/271517/b4715fp/spacetelescope/jwql/tests/test_preview_image.py
2025-11-19 10:09:08,556 - Knowledge - INFO - Fast-tracked /app/data/T0015/271517/b4715fp/spacetelescope/jwql/tests/test_utils.py (ext=.py, size=11679)
2025-11-19 10:09:08,684 - Knowledge - INFO - Worker kw9 processing /app/data/T0015/271517/b4715fp/spacetelescope/jwql/instrument_monitors/nirspec_monitors/data_trending/plots/fpe_fpa_tab.py
2025-11-19 10:09:08,786 - Knowledge - INFO - Batch sizing: calculated=12, max_allowed=25, queue=129, active_workers=9/11
2025-11-19 10:09:08,874 - Knowledge - INFO - [kw11] Queue=117, InProgress=0, PendingWorkers=9/11, Completed=0/237 (0.0%)
2025-11-19 10:09:08,953 - Knowledge - INFO - Worker kw13 created using shared MongoDB connection pool
2025-11-19 10:09:08,953 - Knowledge - INFO - knowledge worker kw12 start
2025-11-19 10:09:09,062 - Knowledge - INFO - Worker kw1 processing /app/data/T0015/271517/b4715fp/spacetelescope/notebooks/test_mast_api.ipynb
2025-11-19 10:09:09,157 - Knowledge - INFO - Worker kw2 processing /app/data/T0015/271517/b4715fp/spacetelescope/jwql/utils/monitor_template.py
2025-11-19 10:09:09,230 - Knowledge - INFO - Worker kw3 processing /app/data/T0015/271517/b4715fp/spacetelescope/jwql/database/monitor_table_definitions/fgs/fgs_dark_query_history.txt
2025-11-19 10:09:09,323 - Knowledge - INFO - Worker kw4 processing /app/data/T0015/271517/b4715fp/spacetelescope/jwql/database/monitor_table_definitions/nirspec/nirspec_dark_pixel_stats.txt
2025-11-19 10:09:09,394 - Knowledge - INFO - Fast-tracked /app/data/T0015/271517/b4715fp/spacetelescope/jwql/database/monitor_table_definitions/nircam/nircam_bad_pixel_stats.txt (ext=.txt, size=205)
2025-11-19 10:09:09,495 - Knowledge - INFO - Worker kw6 processing /app/data/T0015/271517/b4715fp/spacetelescope/jwql/bokeh_templating/example/main.py
2025-11-19 10:09:09,573 - Knowledge - INFO - Fast-tracked /app/data/T0015/271517/b4715fp/spacetelescope/jwql/tests/test_preview_image.py (ext=.py, size=3880)
2025-11-19 10:09:09,655 - Knowledge - INFO - Worker kw8 processing /app/data/T0015/271517/b4715fp/spacetelescope/jwql/tests/test_readnoise_monitor.py
2025-11-19 10:09:09,756 - Knowledge - INFO - Worker kw9 processing /app/data/T0015/271517/b4715fp/spacetelescope/jwql/instrument_monitors/nirspec_monitors/data_trending/plots/temperature_tab.py
2025-11-19 10:09:09,863 - Knowledge - INFO - Worker kw10 processing /app/data/T0015/271517/b4715fp/spacetelescope/jwql/instrument_monitors/common_monitors/dark_monitor.py
2025-11-19 10:09:09,971 - Knowledge - INFO - Batch sizing: calculated=12, max_allowed=25, queue=117, active_workers=10/12
2025-11-19 10:09:10,054 - Knowledge - INFO - knowledge worker kw13 start
2025-11-19 10:09:10,054 - Knowledge - INFO - Worker kw14 created using shared MongoDB connection pool
2025-11-19 10:09:10,129 - Knowledge - INFO - [kw12] Queue=105, InProgress=0, PendingWorkers=10/13, Completed=0/237 (0.0%)
2025-11-19 10:09:10,241 - Knowledge - INFO - Worker kw1 processing /app/data/T0015/271517/b4715fp/spacetelescope/requirements.txt
2025-11-19 10:09:10,336 - Knowledge - INFO - Worker kw2 processing /app/data/T0015/271517/b4715fp/spacetelescope/jwql/utils/logging_functions.py
2025-11-19 10:09:10,425 - Knowledge - INFO - Fast-tracked /app/data/T0015/271517/b4715fp/spacetelescope/jwql/database/monitor_table_definitions/fgs/fgs_dark_query_history.txt (ext=.txt, size=137)
2025-11-19 10:09:10,535 - Knowledge - INFO - Fast-tracked /app/data/T0015/271517/b4715fp/spacetelescope/jwql/database/monitor_table_definitions/nirspec/nirspec_dark_pixel_stats.txt (ext=.txt, size=234)
2025-11-19 10:09:10,642 - Knowledge - INFO - Worker kw5 processing /app/data/T0015/271517/b4715fp/spacetelescope/jwql/database/monitor_table_definitions/nircam/nircam_readnoise_query_history.txt
2025-11-19 10:09:10,720 - Knowledge - INFO - Fast-tracked /app/data/T0015/271517/b4715fp/spacetelescope/jwql/bokeh_templating/example/main.py (ext=.py, size=1737)
2025-11-19 10:09:10,831 - Knowledge - INFO - Worker kw7 processing /app/data/T0015/271517/b4715fp/spacetelescope/jwql/tests/test_edb.py
2025-11-19 10:09:10,897 - Knowledge - INFO - Fast-tracked /app/data/T0015/271517/b4715fp/spacetelescope/jwql/tests/test_readnoise_monitor.py (ext=.py, size=4047)
2025-11-19 10:09:10,963 - Knowledge - INFO - Worker kw9 processing /app/data/T0015/271517/b4715fp/spacetelescope/jwql/instrument_monitors/nirspec_monitors/data_trending/plots/voltage_tab.py
2025-11-19 10:09:11,039 - Knowledge - INFO - Worker kw10 processing /app/data/T0015/271517/b4715fp/spacetelescope/jwql/instrument_monitors/common_monitors/readnoise_monitor.py
2025-11-19 10:09:11,111 - Knowledge - INFO - Worker kw11 processing /app/data/T0015/271517/b4715fp/spacetelescope/jwql/instrument_monitors/miri_monitors/data_trending/plots/fpe_voltage_tab.py
2025-11-19 10:09:11,225 - Knowledge - INFO - [kw13] Queue=93, InProgress=0, PendingWorkers=11/13, Completed=0/237 (0.0%)
2025-11-19 10:09:11,320 - Knowledge - INFO - knowledge worker kw14 start
2025-11-19 10:09:11,321 - Knowledge - INFO - Worker kw15 created using shared MongoDB connection pool
2025-11-19 10:09:11,397 - Knowledge - INFO - Batch sizing: calculated=12, max_allowed=25, queue=105, active_workers=11/14
2025-11-19 10:09:11,510 - Knowledge - INFO - Fast-tracked /app/data/T0015/271517/b4715fp/spacetelescope/requirements.txt (ext=.txt, size=602)
2025-11-19 10:09:11,597 - Knowledge - INFO - Worker kw2 processing /app/data/T0015/271517/b4715fp/spacetelescope/jwql/utils/calculations.py
2025-11-19 10:09:11,678 - Knowledge - INFO - Worker kw3 processing /app/data/T0015/271517/b4715fp/spacetelescope/jwql/database/monitor_table_definitions/fgs/fgs_readnoise_stats.txt
2025-11-19 10:09:11,789 - Knowledge - INFO - Worker kw4 processing /app/data/T0015/271517/b4715fp/spacetelescope/jwql/database/monitor_table_definitions/nirspec/nirspec_bias_query_history.txt
2025-11-19 10:09:11,887 - Knowledge - INFO - Fast-tracked /app/data/T0015/271517/b4715fp/spacetelescope/jwql/database/monitor_table_definitions/nircam/nircam_readnoise_query_history.txt (ext=.txt, size=160)
2025-11-19 10:09:11,951 - Knowledge - INFO - Worker kw6 processing /app/data/T0015/271517/b4715fp/spacetelescope/jwql/bokeh_templating/example/example_interface.yaml
2025-11-19 10:09:12,030 - Knowledge - INFO - Fast-tracked /app/data/T0015/271517/b4715fp/spacetelescope/jwql/tests/test_edb.py (ext=.py, size=1882)
2025-11-19 10:09:12,134 - Knowledge - INFO - Worker kw8 processing /app/data/T0015/271517/b4715fp/spacetelescope/jwql/tests/test_plotting.py
2025-11-19 10:09:12,243 - Knowledge - INFO - Worker kw9 processing /app/data/T0015/271517/b4715fp/spacetelescope/jwql/instrument_monitors/nirspec_monitors/data_trending/dt_cron_job.py
2025-11-19 10:09:12,345 - Knowledge - INFO - Worker kw10 processing /app/data/T0015/271517/b4715fp/spacetelescope/jwql/instrument_monitors/common_monitors/bad_pixel_file_thresholds.txt
2025-11-19 10:09:12,454 - Knowledge - INFO - Worker kw11 processing /app/data/T0015/271517/b4715fp/spacetelescope/jwql/instrument_monitors/miri_monitors/data_trending/plots/temperature_tab.py
2025-11-19 10:09:12,525 - Knowledge - INFO - Batch sizing: calculated=10, max_allowed=25, queue=93, active_workers=11/14
2025-11-19 10:09:12,604 - Knowledge - INFO - [kw14] Queue=93, InProgress=0, PendingWorkers=11/14, Completed=0/237 (0.0%)
2025-11-19 10:09:12,672 - Knowledge - INFO - knowledge worker kw15 start
2025-11-19 10:09:12,673 - Knowledge - INFO - Worker kw16 created using shared MongoDB connection pool
2025-11-19 10:09:12,757 - Knowledge - INFO - Worker kw12 processing /app/data/T0015/271517/b4715fp/spacetelescope/jwql/website/jwql_proj/wsgi.py
2025-11-19 10:09:12,846 - Knowledge - INFO - Worker kw1 processing /app/data/T0015/271517/b4715fp/spacetelescope/jwql/jwql_monitors/generate_preview_images.py
2025-11-19 10:09:12,962 - Knowledge - INFO - Worker kw2 processing /app/data/T0015/271517/b4715fp/spacetelescope/jwql/utils/credentials.py
2025-11-19 10:09:13,033 - Knowledge - INFO - Fast-tracked /app/data/T0015/271517/b4715fp/spacetelescope/jwql/database/monitor_table_definitions/fgs/fgs_readnoise_stats.txt (ext=.txt, size=818)
2025-11-19 10:09:13,102 - Knowledge - INFO - Fast-tracked /app/data/T0015/271517/b4715fp/spacetelescope/jwql/database/monitor_table_definitions/nirspec/nirspec_bias_query_history.txt (ext=.txt, size=160)
2025-11-19 10:09:13,188 - Knowledge - INFO - Worker kw5 processing /app/data/T0015/271517/b4715fp/spacetelescope/jwql/database/monitor_table_definitions/nircam/nircam_readnoise_stats.txt
2025-11-19 10:09:13,268 - Knowledge - INFO - Fast-tracked /app/data/T0015/271517/b4715fp/spacetelescope/jwql/bokeh_templating/example/example_interface.yaml (ext=.yaml, size=972)
2025-11-19 10:09:13,363 - Knowledge - INFO - Worker kw7 processing /app/data/T0015/271517/b4715fp/spacetelescope/jwql/tests/test_bad_pixel_monitor.py
2025-11-19 10:09:13,445 - Knowledge - INFO - Fast-tracked /app/data/T0015/271517/b4715fp/spacetelescope/jwql/tests/test_plotting.py (ext=.py, size=1994)
2025-11-19 10:09:13,524 - Knowledge - INFO - Worker kw9 processing /app/data/T0015/271517/b4715fp/spacetelescope/jwql/instrument_monitors/nirspec_monitors/data_trending/utils/mnemonics.py
2025-11-19 10:09:13,613 - Knowledge - INFO - Fast-tracked /app/data/T0015/271517/b4715fp/spacetelescope/jwql/instrument_monitors/common_monitors/bad_pixel_file_thresholds.txt (ext=.txt, size=9594)
2025-11-19 10:09:13,732 - Knowledge - INFO - Worker kw11 processing /app/data/T0015/271517/b4715fp/spacetelescope/jwql/instrument_monitors/miri_monitors/data_trending/plots/ice_voltage_tab.py
2025-11-19 10:09:13,804 - Knowledge - INFO - Worker kw13 processing /app/data/T0015/271517/b4715fp/spacetelescope/jwql/website/apps/jwql/static/js/jquery-3.3.1.min.js
2025-11-19 10:09:13,915 - Knowledge - INFO - Batch sizing: calculated=10, max_allowed=25, queue=93, active_workers=13/15
2025-11-19 10:09:14,006 - Knowledge - INFO - [kw15] Queue=71, InProgress=0, PendingWorkers=13/15, Completed=0/237 (0.0%)
2025-11-19 10:09:14,104 - Knowledge - INFO - knowledge worker kw16 start
2025-11-19 10:09:14,104 - Knowledge - INFO - Worker kw17 created using shared MongoDB connection pool
2025-11-19 10:09:14,205 - Knowledge - INFO - Fast-tracked /app/data/T0015/271517/b4715fp/spacetelescope/jwql/website/jwql_proj/wsgi.py (ext=.py, size=518)
2025-11-19 10:09:14,307 - Knowledge - INFO - Worker kw1 processing /app/data/T0015/271517/b4715fp/spacetelescope/jwql/jwql_monitors/create_initial_preview_and_thumbnail_listfiles.py
2025-11-19 10:09:14,416 - Knowledge - INFO - Worker kw2 processing /app/data/T0015/271517/b4715fp/spacetelescope/jwql/utils/crds_tools.py
2025-11-19 10:09:14,486 - Knowledge - INFO - Worker kw3 processing /app/data/T0015/271517/b4715fp/spacetelescope/jwql/database/monitor_table_definitions/fgs/fgs_readnoise_query_history.txt
2025-11-19 10:09:14,599 - Knowledge - INFO - Worker kw4 processing /app/data/T0015/271517/b4715fp/spacetelescope/jwql/database/monitor_table_definitions/nirspec/nirspec_dark_dark_current.txt
2025-11-19 10:09:14,706 - Knowledge - INFO - Fast-tracked /app/data/T0015/271517/b4715fp/spacetelescope/jwql/database/monitor_table_definitions/nircam/nircam_readnoise_stats.txt (ext=.txt, size=818)
2025-11-19 10:09:14,773 - Knowledge - INFO - Worker kw6 processing /app/data/T0015/271517/b4715fp/spacetelescope/jwql/bokeh_templating/keyword_map.py
2025-11-19 10:09:14,843 - Knowledge - INFO - Fast-tracked /app/data/T0015/271517/b4715fp/spacetelescope/jwql/tests/test_bad_pixel_monitor.py (ext=.py, size=7578)
2025-11-19 10:09:14,950 - Knowledge - INFO - Worker kw8 processing /app/data/T0015/271517/b4715fp/spacetelescope/jwql/tests/test_setup.py
2025-11-19 10:09:15,064 - Knowledge - INFO - Worker kw9 processing /app/data/T0015/271517/b4715fp/spacetelescope/jwql/instrument_monitors/nirspec_monitors/data_trending/utils/condition.py
2025-11-19 10:09:15,135 - Knowledge - INFO - Worker kw10 processing /app/data/T0015/271517/b4715fp/spacetelescope/jwql/instrument_monitors/common_monitors/bad_pixel_monitor.py
2025-11-19 10:09:15,221 - Knowledge - INFO - Worker kw11 processing /app/data/T0015/271517/b4715fp/spacetelescope/jwql/instrument_monitors/miri_monitors/data_trending/dt_cron_job.py
2025-11-19 10:09:15,299 - Knowledge - INFO - Fast-tracked /app/data/T0015/271517/b4715fp/spacetelescope/jwql/website/apps/jwql/static/js/jquery-3.3.1.min.js (ext=.js, size=86926)
2025-11-19 10:09:15,389 - Knowledge - INFO - Worker kw14 processing /app/data/T0015/271517/b4715fp/spacetelescope/jwql/website/apps/jwql/urls.py
2025-11-19 10:09:15,478 - Knowledge - INFO - Batch sizing: calculated=10, max_allowed=25, queue=71, active_workers=14/16
2025-11-19 10:09:15,548 - Knowledge - INFO - [kw16] Queue=61, InProgress=0, PendingWorkers=14/16, Completed=0/237 (0.0%)
2025-11-19 10:09:15,683 - Knowledge - INFO - knowledge worker kw17 start
2025-11-19 10:09:15,683 - Knowledge - INFO - Worker kw18 created using shared MongoDB connection pool
2025-11-19 10:09:15,804 - Knowledge - INFO - Worker kw12 processing /app/data/T0015/271517/b4715fp/spacetelescope/jwql/website/jwql_proj/jinja2.py
2025-11-19 10:09:15,928 - Knowledge - INFO - Fast-tracked /app/data/T0015/271517/b4715fp/spacetelescope/jwql/jwql_monitors/create_initial_preview_and_thumbnail_listfiles.py (ext=.py, size=1878)
2025-11-19 10:09:16,042 - Knowledge - INFO - Worker kw2 processing /app/data/T0015/271517/b4715fp/spacetelescope/jwql/utils/permissions.py
2025-11-19 10:09:16,171 - Knowledge - INFO - Fast-tracked /app/data/T0015/271517/b4715fp/spacetelescope/jwql/database/monitor_table_definitions/fgs/fgs_readnoise_query_history.txt (ext=.txt, size=160)
2025-11-19 10:09:16,282 - Knowledge - INFO - Fast-tracked /app/data/T0015/271517/b4715fp/spacetelescope/jwql/database/monitor_table_definitions/nirspec/nirspec_dark_dark_current.txt (ext=.txt, size=629)
2025-11-19 10:09:16,396 - Knowledge - INFO - Worker kw5 processing /app/data/T0015/271517/b4715fp/spacetelescope/jwql/database/monitor_table_definitions/nircam/nircam_dark_query_history.txt
2025-11-19 10:09:16,474 - Knowledge - INFO - Fast-tracked /app/data/T0015/271517/b4715fp/spacetelescope/jwql/bokeh_templating/keyword_map.py (ext=.py, size=1874)
2025-11-19 10:09:16,577 - Knowledge - INFO - Worker kw7 processing /app/data/T0015/271517/b4715fp/spacetelescope/jwql/tests/test_data_containers.py
2025-11-19 10:09:16,675 - Knowledge - INFO - Fast-tracked /app/data/T0015/271517/b4715fp/spacetelescope/jwql/tests/test_setup.py (ext=.py, size=528)
2025-11-19 10:09:16,760 - Knowledge - INFO - Worker kw9 processing /app/data/T0015/271517/b4715fp/spacetelescope/jwql/instrument_monitors/nirspec_monitors/data_trending/utils/csv_to_AstropyTable.py
2025-11-19 10:09:16,850 - Knowledge - INFO - Worker kw10 processing /app/data/T0015/271517/b4715fp/spacetelescope/jwql/instrument_monitors/common_monitors/dark_monitor_file_thresholds.txt
2025-11-19 10:09:16,929 - Knowledge - INFO - Worker kw11 processing /app/data/T0015/271517/b4715fp/spacetelescope/jwql/instrument_monitors/miri_monitors/data_trending/utils/mnemonics.py
2025-11-19 10:09:17,038 - Knowledge - INFO - Worker kw13 processing /app/data/T0015/271517/b4715fp/spacetelescope/jwql/website/apps/jwql/static/js/bootstrap.bundle.min.js
2025-11-19 10:09:17,124 - Knowledge - INFO - Worker kw14 processing /app/data/T0015/271517/b4715fp/spacetelescope/jwql/website/apps/jwql/db.py
2025-11-19 10:09:17,220 - Knowledge - INFO - Worker kw15 processing /app/data/T0015/271517/b4715fp/spacetelescope/jwql/website/apps/jwql/monitor_pages/monitor_bias_bokeh.py
2025-11-19 10:09:17,301 - Knowledge - INFO - Batch sizing: calculated=10, max_allowed=25, queue=61, active_workers=15/17
2025-11-19 10:09:17,373 - Knowledge - INFO - [kw17] Queue=51, InProgress=0, PendingWorkers=15/17, Completed=0/237 (0.0%)
2025-11-19 10:09:17,445 - Knowledge - INFO - knowledge worker kw18 start
2025-11-19 10:09:17,446 - Knowledge - INFO - Worker kw19 created using shared MongoDB connection pool
2025-11-19 10:09:17,526 - Knowledge - INFO - Fast-tracked /app/data/T0015/271517/b4715fp/spacetelescope/jwql/website/jwql_proj/jinja2.py (ext=.py, size=1954)
2025-11-19 10:09:17,606 - Knowledge - INFO - Worker kw1 processing /app/data/T0015/271517/b4715fp/spacetelescope/jwql/jwql_monitors/monitor_cron_jobs.py
2025-11-19 10:09:17,688 - Knowledge - INFO - Worker kw2 processing /app/data/T0015/271517/b4715fp/spacetelescope/jwql/utils/preview_image.py
2025-11-19 10:09:17,800 - Knowledge - INFO - Worker kw3 processing /app/data/T0015/271517/b4715fp/spacetelescope/jwql/database/monitor_table_definitions/fgs/fgs_bad_pixel_stats.txt
2025-11-19 10:09:17,877 - Knowledge - INFO - Worker kw4 processing /app/data/T0015/271517/b4715fp/spacetelescope/jwql/database/monitor_table_definitions/nirspec/nirspec_bias_stats.txt
2025-11-19 10:09:17,982 - Knowledge - INFO - Fast-tracked /app/data/T0015/271517/b4715fp/spacetelescope/jwql/database/monitor_table_definitions/nircam/nircam_dark_query_history.txt (ext=.txt, size=137)
2025-11-19 10:09:18,070 - Knowledge - INFO - Worker kw6 processing /app/data/T0015/271517/b4715fp/spacetelescope/jwql/bokeh_templating/template.py
2025-11-19 10:09:18,172 - Knowledge - INFO - Fast-tracked /app/data/T0015/271517/b4715fp/spacetelescope/jwql/tests/test_data_containers.py (ext=.py, size=6502)
2025-11-19 10:09:18,254 - Knowledge - INFO - Worker kw8 processing /app/data/T0015/271517/b4715fp/spacetelescope/jwql/tests/test_dark_monitor.py
2025-11-19 10:09:18,341 - Knowledge - INFO - Worker kw9 processing /app/data/T0015/271517/b4715fp/spacetelescope/jwql/instrument_monitors/nirspec_monitors/data_trending/utils/sql_interface.py
2025-11-19 10:09:18,448 - Knowledge - INFO - Fast-tracked /app/data/T0015/271517/b4715fp/spacetelescope/jwql/instrument_monitors/common_monitors/dark_monitor_file_thresholds.txt (ext=.txt, size=15925)
2025-11-19 10:09:18,550 - Knowledge - INFO - Worker kw11 processing /app/data/T0015/271517/b4715fp/spacetelescope/jwql/instrument_monitors/miri_monitors/data_trending/utils/condition.py
2025-11-19 10:09:18,662 - Knowledge - INFO - Fast-tracked /app/data/T0015/271517/b4715fp/spacetelescope/jwql/website/apps/jwql/static/js/bootstrap.bundle.min.js (ext=.js, size=67742)
2025-11-19 10:09:18,769 - Knowledge - INFO - Worker kw14 processing /app/data/T0015/271517/b4715fp/spacetelescope/jwql/website/apps/jwql/tests/test_context_processors.py
2025-11-19 10:09:18,874 - Knowledge - INFO - Worker kw15 processing /app/data/T0015/271517/b4715fp/spacetelescope/jwql/website/apps/jwql/monitor_pages/yaml/monitor_readnoise_interface.yaml
2025-11-19 10:09:18,947 - Knowledge - INFO - Worker kw16 processing /app/data/T0015/271517/b4715fp/spacetelescope/jwql/website/apps/jwql/templates/view_image.html
2025-11-19 10:09:19,038 - Knowledge - INFO - Batch sizing: calculated=10, max_allowed=25, queue=51, active_workers=16/18
2025-11-19 10:09:19,156 - Knowledge - INFO - [kw18] Queue=41, InProgress=0, PendingWorkers=16/18, Completed=0/237 (0.0%)
2025-11-19 10:09:19,246 - Knowledge - INFO - knowledge worker kw19 start
2025-11-19 10:09:19,247 - Knowledge - INFO - Worker kw20 created using shared MongoDB connection pool
2025-11-19 10:09:19,383 - Knowledge - INFO - Worker kw12 processing /app/data/T0015/271517/b4715fp/spacetelescope/jwql/website/jwql_proj/urls.py
2025-11-19 10:09:19,494 - Knowledge - INFO - Worker kw1 processing /app/data/T0015/271517/b4715fp/spacetelescope/jwql/jwql_monitors/monitor_mast.py
2025-11-19 10:09:19,568 - Knowledge - INFO - Worker kw2 processing /app/data/T0015/271517/b4715fp/spacetelescope/jwql/utils/monitor_utils.py
2025-11-19 10:09:19,670 - Knowledge - INFO - Fast-tracked /app/data/T0015/271517/b4715fp/spacetelescope/jwql/database/monitor_table_definitions/fgs/fgs_bad_pixel_stats.txt (ext=.txt, size=205)
2025-11-19 10:09:19,764 - Knowledge - INFO - Fast-tracked /app/data/T0015/271517/b4715fp/spacetelescope/jwql/database/monitor_table_definitions/nirspec/nirspec_bias_stats.txt (ext=.txt, size=436)
2025-11-19 10:09:19,878 - Knowledge - INFO - Worker kw5 processing /app/data/T0015/271517/b4715fp/spacetelescope/jwql/database/monitor_table_definitions/miri/miri_bad_pixel_stats.txt
2025-11-19 10:09:19,951 - Knowledge - INFO - Worker kw6 processing /app/data/T0015/271517/b4715fp/spacetelescope/jwql/bokeh_templating/__init__.py
2025-11-19 10:09:20,069 - Knowledge - INFO - Worker kw7 processing /app/data/T0015/271517/b4715fp/spacetelescope/jwql/tests/test_logging_functions.py
2025-11-19 10:09:20,163 - Knowledge - INFO - Fast-tracked /app/data/T0015/271517/b4715fp/spacetelescope/jwql/tests/test_dark_monitor.py (ext=.py, size=4091)
2025-11-19 10:09:20,267 - Knowledge - INFO - Worker kw9 processing /app/data/T0015/271517/b4715fp/spacetelescope/jwql/instrument_monitors/nirspec_monitors/data_trending/utils/process_data.py
2025-11-19 10:09:20,371 - Knowledge - INFO - Worker kw10 processing /app/data/T0015/271517/b4715fp/spacetelescope/jwql/instrument_monitors/common_monitors/bias_monitor.py
2025-11-19 10:09:20,449 - Knowledge - INFO - Worker kw11 processing /app/data/T0015/271517/b4715fp/spacetelescope/jwql/instrument_monitors/miri_monitors/data_trending/utils/csv_to_AstropyTable.py
2025-11-19 10:09:20,528 - Knowledge - INFO - Worker kw13 processing /app/data/T0015/271517/b4715fp/spacetelescope/jwql/website/apps/jwql/static/js/popper.min.js
2025-11-19 10:09:20,626 - Knowledge - INFO - Fast-tracked /app/data/T0015/271517/b4715fp/spacetelescope/jwql/website/apps/jwql/tests/test_context_processors.py (ext=.py, size=1137)
2025-11-19 10:09:20,722 - Knowledge - INFO - Fast-tracked /app/data/T0015/271517/b4715fp/spacetelescope/jwql/website/apps/jwql/monitor_pages/yaml/monitor_readnoise_interface.yaml (ext=.yaml, size=5955)
2025-11-19 10:09:20,801 - Knowledge - INFO - Worker kw16 processing /app/data/T0015/271517/b4715fp/spacetelescope/jwql/website/apps/jwql/templates/readnoise_monitor.html
2025-11-19 10:09:20,888 - Knowledge - INFO - Worker kw17 processing /app/data/T0015/271517/b4715fp/spacetelescope/jwql/website/apps/jwql/templates/view_header.html
2025-11-19 10:09:20,998 - Knowledge - INFO - Batch sizing: calculated=10, max_allowed=25, queue=41, active_workers=17/19
2025-11-19 10:09:21,072 - Knowledge - INFO - [kw19] Queue=31, InProgress=0, PendingWorkers=17/19, Completed=0/237 (0.0%)
2025-11-19 10:09:21,176 - Knowledge - INFO - knowledge worker kw20 start
2025-11-19 10:09:21,276 - Knowledge - INFO - Fast-tracked /app/data/T0015/271517/b4715fp/spacetelescope/jwql/website/jwql_proj/urls.py (ext=.py, size=1906)
2025-11-19 10:09:21,376 - Knowledge - INFO - Worker kw1 processing /app/data/T0015/271517/b4715fp/spacetelescope/jwql/jwql_monitors/monitor_filesystem.py
2025-11-19 10:09:21,489 - Knowledge - INFO - Fast-tracked /app/data/T0015/271517/b4715fp/spacetelescope/jwql/utils/plotting.py (small file (2470 bytes))
2025-11-19 10:09:21,561 - Knowledge - INFO - Worker kw3 processing /app/data/T0015/271517/b4715fp/spacetelescope/jwql/database/monitor_table_definitions/fgs/fgs_bad_pixel_query_history.txt
2025-11-19 10:09:21,631 - Knowledge - INFO - Worker kw4 processing /app/data/T0015/271517/b4715fp/spacetelescope/jwql/database/monitor_table_definitions/nirspec/nirspec_readnoise_query_history.txt
2025-11-19 10:09:21,703 - Knowledge - INFO - Fast-tracked /app/data/T0015/271517/b4715fp/spacetelescope/jwql/database/monitor_table_definitions/miri/miri_bad_pixel_stats.txt (ext=.txt, size=205)
2025-11-19 10:09:21,798 - Knowledge - INFO - Fast-tracked /app/data/T0015/271517/b4715fp/spacetelescope/jwql/bokeh_templating/__init__.py (ext=.py, size=36)
2025-11-19 10:09:21,875 - Knowledge - INFO - Fast-tracked /app/data/T0015/271517/b4715fp/spacetelescope/jwql/tests/test_logging_functions.py (ext=.py, size=2759)
2025-11-19 10:09:21,993 - Knowledge - INFO - Worker kw8 processing /app/data/T0015/271517/b4715fp/spacetelescope/jwql/instrument_monitors/nirspec_monitors/data_trending/15min_to_db.py
2025-11-19 10:09:22,074 - Knowledge - INFO - Worker kw9 processing /app/data/T0015/271517/b4715fp/spacetelescope/jwql/instrument_monitors/nirspec_monitors/data_trending/wheel_to_db.py
2025-11-19 10:09:22,146 - Knowledge - INFO - Worker kw10 processing /app/data/T0015/271517/b4715fp/spacetelescope/jwql/instrument_monitors/miri_monitors/data_trending/15min_to_db.py
2025-11-19 10:09:22,216 - Knowledge - INFO - Worker kw11 processing /app/data/T0015/271517/b4715fp/spacetelescope/jwql/instrument_monitors/miri_monitors/data_trending/utils/sql_interface.py
2025-11-19 10:09:22,297 - Knowledge - INFO - Fast-tracked /app/data/T0015/271517/b4715fp/spacetelescope/jwql/website/apps/jwql/static/js/popper.min.js (ext=.js, size=19235)
2025-11-19 10:09:22,397 - Knowledge - INFO - Worker kw14 processing /app/data/T0015/271517/b4715fp/spacetelescope/jwql/website/apps/jwql/models.py
2025-11-19 10:09:22,467 - Knowledge - INFO - Worker kw15 processing /app/data/T0015/271517/b4715fp/spacetelescope/jwql/website/apps/jwql/monitor_pages/yaml/dark_monitor_interface.yaml
2025-11-19 10:09:22,573 - Knowledge - INFO - Fast-tracked /app/data/T0015/271517/b4715fp/spacetelescope/jwql/website/apps/jwql/templates/readnoise_monitor.html (ext=.html, size=404)
2025-11-19 10:09:22,667 - Knowledge - INFO - Worker kw17 processing /app/data/T0015/271517/b4715fp/spacetelescope/jwql/website/apps/jwql/templates/404_space.html
2025-11-19 10:09:22,732 - Knowledge - INFO - Worker kw18 processing /app/data/T0015/271517/b4715fp/spacetelescope/jwql/website/apps/jwql/templates/dashboard.html
2025-11-19 10:09:22,847 - Knowledge - INFO - Batch sizing: calculated=10, max_allowed=25, queue=31, active_workers=18/20
2025-11-19 10:09:22,932 - Knowledge - INFO - [kw20] Queue=21, InProgress=0, PendingWorkers=18/20, Completed=0/237 (0.0%)
2025-11-19 10:09:23,001 - Knowledge - INFO - Worker kw12 processing /app/data/T0015/271517/b4715fp/spacetelescope/jwql/website/apps/jwql/admin.py
2025-11-19 10:09:23,077 - Knowledge - INFO - Worker kw1 processing /app/data/T0015/271517/b4715fp/spacetelescope/jwql/jwql_monitors/generate_proposal_thumbnails.py
2025-11-19 10:09:23,284 - Knowledge - INFO - Fast-tracked /app/data/T0015/271517/b4715fp/spacetelescope/jwql/database/monitor_table_definitions/fgs/fgs_bad_pixel_query_history.txt (ext=.txt, size=262)
2025-11-19 10:09:23,395 - Knowledge - INFO - Fast-tracked /app/data/T0015/271517/b4715fp/spacetelescope/jwql/database/monitor_table_definitions/nirspec/nirspec_readnoise_query_history.txt (ext=.txt, size=160)
2025-11-19 10:09:23,509 - Knowledge - INFO - Worker kw5 processing /app/data/T0015/271517/b4715fp/spacetelescope/jwql/database/monitor_table_definitions/miri/miri_bad_pixel_query_history.txt
2025-11-19 10:09:23,591 - Knowledge - INFO - Worker kw6 processing /app/data/T0015/271517/b4715fp/spacetelescope/jwql/bokeh_templating/factory.py
2025-11-19 10:09:23,677 - Knowledge - INFO - Worker kw7 processing /app/data/T0015/271517/b4715fp/spacetelescope/jwql/tests/test_loading_times.py
2025-11-19 10:09:23,748 - Knowledge - INFO - Worker kw8 processing /app/data/T0015/271517/b4715fp/spacetelescope/jwql/instrument_monitors/nirspec_monitors/data_trending/day_to_db.py
2025-11-19 10:09:23,814 - Knowledge - INFO - Worker kw9 processing /app/data/T0015/271517/b4715fp/spacetelescope/jwql/instrument_monitors/nirspec_monitors/data_trending/dashboard.py
2025-11-19 10:09:23,889 - Knowledge - INFO - Worker kw10 processing /app/data/T0015/271517/b4715fp/spacetelescope/jwql/instrument_monitors/miri_monitors/data_trending/day_to_db.py
2025-11-19 10:09:23,960 - Knowledge - INFO - Worker kw11 processing /app/data/T0015/271517/b4715fp/spacetelescope/jwql/instrument_monitors/miri_monitors/data_trending/utils/process_data.py
2025-11-19 10:09:24,038 - Knowledge - INFO - Worker kw13 processing /app/data/T0015/271517/b4715fp/spacetelescope/jwql/website/apps/jwql/monitor_views.py
2025-11-19 10:09:24,154 - Knowledge - INFO - Worker kw14 processing /app/data/T0015/271517/b4715fp/spacetelescope/jwql/website/apps/jwql/apps.py
2025-11-19 10:09:24,259 - Knowledge - INFO - Fast-tracked /app/data/T0015/271517/b4715fp/spacetelescope/jwql/website/apps/jwql/monitor_pages/yaml/dark_monitor_interface.yaml (ext=.yaml, size=3486)
2025-11-19 10:09:24,353 - Knowledge - INFO - Worker kw16 processing /app/data/T0015/271517/b4715fp/spacetelescope/jwql/website/apps/jwql/templates/instrument.html
2025-11-19 10:09:24,456 - Knowledge - INFO - Fast-tracked /app/data/T0015/271517/b4715fp/spacetelescope/jwql/website/apps/jwql/templates/404_space.html (ext=.html, size=816)
2025-11-19 10:09:24,539 - Knowledge - INFO - Worker kw18 processing /app/data/T0015/271517/b4715fp/spacetelescope/jwql/website/apps/jwql/templates/miri_data_trending.html
2025-11-19 10:09:24,631 - Knowledge - INFO - Worker kw19 processing /app/data/T0015/271517/b4715fp/spacetelescope/style_guide/typing_demo/typing_demo_3.py
2025-11-19 10:09:24,764 - Knowledge - INFO - Batch sizing: calculated=10, max_allowed=25, queue=21, active_workers=19/20
2025-11-19 10:09:24,849 - Knowledge - INFO - Fast-tracked /app/data/T0015/271517/b4715fp/spacetelescope/jwql/website/apps/jwql/admin.py (ext=.py, size=776)
2025-11-19 10:09:25,025 - Knowledge - INFO - Worker kw3 processing /app/data/T0015/271517/b4715fp/spacetelescope/jwql/database/monitor_table_definitions/niriss/niriss_bias_stats.txt
2025-11-19 10:09:25,181 - Knowledge - INFO - Worker kw4 processing /app/data/T0015/271517/b4715fp/spacetelescope/jwql/database/monitor_table_definitions/nirspec/nirspec_readnoise_stats.txt
2025-11-19 10:09:25,263 - Knowledge - INFO - Fast-tracked /app/data/T0015/271517/b4715fp/spacetelescope/jwql/database/monitor_table_definitions/miri/miri_bad_pixel_query_history.txt (ext=.txt, size=262)
2025-11-19 10:09:25,325 - Knowledge - INFO - Worker kw6 processing /app/data/T0015/271517/b4715fp/spacetelescope/jwql/tests/test_calculations.py
2025-11-19 10:09:25,412 - Knowledge - INFO - Fast-tracked /app/data/T0015/271517/b4715fp/spacetelescope/jwql/tests/test_loading_times.py (ext=.py, size=2321)
2025-11-19 10:09:25,498 - Knowledge - INFO - Worker kw8 processing /app/data/T0015/271517/b4715fp/spacetelescope/jwql/instrument_monitors/nirspec_monitors/data_trending/plots/msa_mce_tab.py
2025-11-19 10:09:25,601 - Knowledge - INFO - Worker kw9 processing /app/data/T0015/271517/b4715fp/spacetelescope/jwql/instrument_monitors/pipeline_tools.py
2025-11-19 10:09:25,695 - Knowledge - INFO - Worker kw10 processing /app/data/T0015/271517/b4715fp/spacetelescope/jwql/instrument_monitors/miri_monitors/data_trending/plots/wheel_ratio_tab.py
2025-11-19 10:09:25,783 - Knowledge - INFO - Worker kw11 processing /app/data/T0015/271517/b4715fp/spacetelescope/jwql/instrument_monitors/miri_monitors/data_trending/dashboard.py
2025-11-19 10:09:25,874 - Knowledge - INFO - Worker kw13 processing /app/data/T0015/271517/b4715fp/spacetelescope/jwql/website/apps/jwql/data_containers.py
2025-11-19 10:09:25,949 - Knowledge - INFO - Fast-tracked /app/data/T0015/271517/b4715fp/spacetelescope/jwql/website/apps/jwql/apps.py (ext=.py, size=609)
2025-11-19 10:09:26,034 - Knowledge - INFO - Worker kw15 processing /app/data/T0015/271517/b4715fp/spacetelescope/jwql/website/apps/jwql/monitor_pages/yaml/badpixel_monitor_interface.yaml
2025-11-19 10:09:26,112 - Knowledge - INFO - Worker kw16 processing /app/data/T0015/271517/b4715fp/spacetelescope/jwql/website/apps/jwql/templates/dark_monitor.html
2025-11-19 10:09:26,193 - Knowledge - INFO - Worker kw17 processing /app/data/T0015/271517/b4715fp/spacetelescope/jwql/website/apps/jwql/templates/not_authenticated.html
2025-11-19 10:09:26,285 - Knowledge - INFO - Fast-tracked /app/data/T0015/271517/b4715fp/spacetelescope/jwql/website/apps/jwql/templates/miri_data_trending.html (ext=.html, size=1996)
2025-11-19 10:09:26,392 - Knowledge - INFO - Fast-tracked /app/data/T0015/271517/b4715fp/spacetelescope/style_guide/typing_demo/typing_demo_3.py (ext=.py, size=1521)
2025-11-19 10:09:26,529 - Knowledge - INFO - Worker kw20 processing /app/data/T0015/271517/b4715fp/spacetelescope/docs/source/instrument_monitors.rst
2025-11-19 10:09:26,608 - Knowledge - INFO - Worker kw12 processing /app/data/T0015/271517/b4715fp/spacetelescope/jwql/website/apps/jwql/static/css/sticky-footer.css
2025-11-19 10:09:26,708 - Knowledge - INFO - Fast-tracked /app/data/T0015/271517/b4715fp/spacetelescope/jwql/database/monitor_table_definitions/niriss/niriss_bias_stats.txt (ext=.txt, size=436)
2025-11-19 10:09:26,783 - Knowledge - INFO - Fast-tracked /app/data/T0015/271517/b4715fp/spacetelescope/jwql/database/monitor_table_definitions/nirspec/nirspec_readnoise_stats.txt (ext=.txt, size=818)
2025-11-19 10:09:26,861 - Knowledge - INFO - Worker kw5 processing /app/data/T0015/271517/b4715fp/spacetelescope/jwql/database/monitor_table_definitions/miri/miri_readnoise_stats.txt
2025-11-19 10:09:26,980 - Knowledge - INFO - Fast-tracked /app/data/T0015/271517/b4715fp/spacetelescope/jwql/tests/test_calculations.py (ext=.py, size=3279)
2025-11-19 10:09:27,053 - Knowledge - INFO - Worker kw7 processing /app/data/T0015/271517/b4715fp/spacetelescope/jwql/tests/test_api_views.py
2025-11-19 10:09:27,145 - Knowledge - INFO - Worker kw8 processing /app/data/T0015/271517/b4715fp/spacetelescope/jwql/instrument_monitors/nirspec_monitors/data_trending/plots/wheel_tab.py
2025-11-19 10:09:27,279 - Knowledge - INFO - Worker kw10 processing /app/data/T0015/271517/b4715fp/spacetelescope/jwql/instrument_monitors/miri_monitors/data_trending/plots/bias_tab.py
2025-11-19 10:09:27,370 - Knowledge - INFO - Worker kw11 processing /app/data/T0015/271517/b4715fp/spacetelescope/jwql/website/manage.py
2025-11-19 10:09:27,441 - Knowledge - INFO - Worker kw13 processing /app/data/T0015/271517/b4715fp/spacetelescope/jwql/website/apps/jwql/forms.py
2025-11-19 10:09:27,545 - Knowledge - INFO - Worker kw14 processing /app/data/T0015/271517/b4715fp/spacetelescope/jwql/website/apps/jwql/bokeh_dashboard.py
2025-11-19 10:09:27,665 - Knowledge - INFO - Fast-tracked /app/data/T0015/271517/b4715fp/spacetelescope/jwql/website/apps/jwql/monitor_pages/yaml/badpixel_monitor_interface.yaml (ext=.yaml, size=14167)
2025-11-19 10:09:27,752 - Knowledge - INFO - Fast-tracked /app/data/T0015/271517/b4715fp/spacetelescope/jwql/website/apps/jwql/templates/dark_monitor.html (ext=.html, size=394)
2025-11-19 10:09:27,855 - Knowledge - INFO - Fast-tracked /app/data/T0015/271517/b4715fp/spacetelescope/jwql/website/apps/jwql/templates/not_authenticated.html (ext=.html, size=248)
2025-11-19 10:09:27,962 - Knowledge - INFO - Worker kw18 processing /app/data/T0015/271517/b4715fp/spacetelescope/jwql/website/apps/jwql/templates/jwqldb_table_viewer.html
2025-11-19 10:09:28,044 - Knowledge - INFO - Worker kw19 processing /app/data/T0015/271517/b4715fp/spacetelescope/style_guide/typing_demo/typing_demo_1.py
2025-11-19 10:09:28,119 - Knowledge - INFO - Fast-tracked /app/data/T0015/271517/b4715fp/spacetelescope/docs/source/instrument_monitors.rst (ext=.rst, size=186)
2025-11-19 10:09:28,229 - Knowledge - INFO - Fast-tracked /app/data/T0015/271517/b4715fp/spacetelescope/jwql/website/apps/jwql/static/css/sticky-footer.css (ext=.css, size=413)
2025-11-19 10:09:28,305 - Knowledge - INFO - Worker kw3 processing /app/data/T0015/271517/b4715fp/spacetelescope/jwql/database/monitor_table_definitions/niriss/niriss_bias_query_history.txt
2025-11-19 10:09:28,414 - Knowledge - INFO - Worker kw4 processing /app/data/T0015/271517/b4715fp/spacetelescope/jwql/database/monitor_table_definitions/nirspec/nirspec_dark_query_history.txt
2025-11-19 10:09:28,514 - Knowledge - INFO - Fast-tracked /app/data/T0015/271517/b4715fp/spacetelescope/jwql/database/monitor_table_definitions/miri/miri_readnoise_stats.txt (ext=.txt, size=818)
2025-11-19 10:09:28,596 - Knowledge - INFO - Worker kw6 processing /app/data/T0015/271517/b4715fp/spacetelescope/jwql/tests/test_bias_monitor.py
2025-11-19 10:09:28,689 - Knowledge - INFO - Fast-tracked /app/data/T0015/271517/b4715fp/spacetelescope/jwql/tests/test_api_views.py (ext=.py, size=3280)
2025-11-19 10:09:28,804 - Knowledge - INFO - Worker kw8 processing /app/data/T0015/271517/b4715fp/spacetelescope/jwql/instrument_monitors/nirspec_monitors/data_trending/plots/caa_tab.py
2025-11-19 10:09:28,897 - Knowledge - INFO - Worker kw10 processing /app/data/T0015/271517/b4715fp/spacetelescope/jwql/instrument_monitors/miri_monitors/data_trending/plots/power_tab.py
2025-11-19 10:09:28,985 - Knowledge - INFO - Fast-tracked /app/data/T0015/271517/b4715fp/spacetelescope/jwql/website/manage.py (ext=.py, size=1894)
2025-11-19 10:09:29,057 - Knowledge - INFO - Worker kw13 processing /app/data/T0015/271517/b4715fp/spacetelescope/jwql/website/apps/jwql/context_processors.py
2025-11-19 10:09:29,159 - Knowledge - INFO - Worker kw14 processing /app/data/T0015/271517/b4715fp/spacetelescope/jwql/website/apps/jwql/monitor_pages/dark_monitor.py
2025-11-19 10:09:29,226 - Knowledge - INFO - Worker kw15 processing /app/data/T0015/271517/b4715fp/spacetelescope/jwql/website/apps/jwql/monitor_pages/yaml/monitor_filesystem_interface.yaml
2025-11-19 10:09:29,336 - Knowledge - INFO - Worker kw16 processing /app/data/T0015/271517/b4715fp/spacetelescope/jwql/website/apps/jwql/templates/query_submit.html
2025-11-19 10:09:29,410 - Knowledge - INFO - Worker kw17 processing /app/data/T0015/271517/b4715fp/spacetelescope/jwql/website/apps/jwql/templates/about.html
2025-11-19 10:09:29,516 - Knowledge - INFO - Worker kw18 processing /app/data/T0015/271517/b4715fp/spacetelescope/jwql/edb/engineering_database.py
2025-11-19 10:09:29,604 - Knowledge - INFO - Worker kw19 processing /app/data/T0015/271517/b4715fp/spacetelescope/style_guide/typing_demo/typing_demo_4.py
2025-11-19 10:09:29,712 - Knowledge - INFO - Worker kw20 processing /app/data/T0015/271517/b4715fp/spacetelescope/docs/source/conf.py
2025-11-19 10:09:29,797 - Knowledge - INFO - Worker kw12 processing /app/data/T0015/271517/b4715fp/spacetelescope/jwql/website/apps/jwql/static/css/loader-magnify.css
2025-11-19 10:09:29,864 - Knowledge - INFO - Fast-tracked /app/data/T0015/271517/b4715fp/spacetelescope/jwql/database/monitor_table_definitions/niriss/niriss_bias_query_history.txt (ext=.txt, size=160)
2025-11-19 10:09:29,959 - Knowledge - INFO - Fast-tracked /app/data/T0015/271517/b4715fp/spacetelescope/jwql/database/monitor_table_definitions/nirspec/nirspec_dark_query_history.txt (ext=.txt, size=137)
2025-11-19 10:09:30,052 - Knowledge - INFO - Worker kw5 processing /app/data/T0015/271517/b4715fp/spacetelescope/jwql/database/monitor_table_definitions/miri/miri_dark_query_history.txt
2025-11-19 10:09:30,163 - Knowledge - INFO - Fast-tracked /app/data/T0015/271517/b4715fp/spacetelescope/jwql/tests/test_bias_monitor.py (ext=.py, size=3798)
2025-11-19 10:09:30,227 - Knowledge - INFO - Worker kw7 processing /app/data/T0015/271517/b4715fp/spacetelescope/jwql/tests/test_bokeh_templating_interface.yaml
2025-11-19 10:09:30,348 - Knowledge - INFO - Worker kw8 processing /app/data/T0015/271517/b4715fp/spacetelescope/jwql/instrument_monitors/nirspec_monitors/data_trending/plots/power_tab.py
2025-11-19 10:09:30,445 - Knowledge - INFO - Worker kw10 processing /app/data/T0015/271517/b4715fp/spacetelescope/jwql/instrument_monitors/miri_monitors/data_trending/plots/plot_functions.py
2025-11-19 10:09:30,514 - Knowledge - INFO - Worker kw11 processing /app/data/T0015/271517/b4715fp/spacetelescope/jwql/website/jwql_proj/settings.py
2025-11-19 10:09:30,608 - Knowledge - INFO - Fast-tracked /app/data/T0015/271517/b4715fp/spacetelescope/jwql/website/apps/jwql/context_processors.py (ext=.py, size=1272)
2025-11-19 10:09:30,716 - Knowledge - INFO - Fast-tracked /app/data/T0015/271517/b4715fp/spacetelescope/jwql/website/apps/jwql/monitor_pages/dark_monitor.py (ext=.py, size=960)
2025-11-19 10:09:30,806 - Knowledge - INFO - Fast-tracked /app/data/T0015/271517/b4715fp/spacetelescope/jwql/website/apps/jwql/monitor_pages/yaml/monitor_filesystem_interface.yaml (ext=.yaml, size=9241)
2025-11-19 10:09:30,895 - Knowledge - INFO - Fast-tracked /app/data/T0015/271517/b4715fp/spacetelescope/jwql/website/apps/jwql/templates/query_submit.html (ext=.html, size=1470)
2025-11-19 10:09:30,972 - Knowledge - INFO - Worker kw17 processing /app/data/T0015/271517/b4715fp/spacetelescope/jwql/website/apps/jwql/templates/base.html
2025-11-19 10:09:31,094 - Knowledge - INFO - Worker kw18 processing /app/data/T0015/271517/b4715fp/spacetelescope/jwql/__init__.py
2025-11-19 10:09:31,169 - Knowledge - INFO - Fast-tracked /app/data/T0015/271517/b4715fp/spacetelescope/style_guide/typing_demo/typing_demo_4.py (ext=.py, size=359)
2025-11-19 10:09:31,246 - Knowledge - INFO - Worker kw20 processing /app/data/T0015/271517/b4715fp/spacetelescope/docs/source/jwql_monitors.rst
2025-11-19 10:09:31,346 - Knowledge - INFO - Fast-tracked /app/data/T0015/271517/b4715fp/spacetelescope/jwql/website/apps/jwql/static/css/loader-magnify.css (ext=.css, size=1799)
2025-11-19 10:09:31,456 - Knowledge - INFO - Worker kw3 processing /app/data/T0015/271517/b4715fp/spacetelescope/jwql/database/monitor_table_definitions/niriss/niriss_dark_dark_current.txt
2025-11-19 10:09:31,571 - Knowledge - INFO - Worker kw4 processing /app/data/T0015/271517/b4715fp/spacetelescope/jwql/database/monitor_table_definitions/nirspec/nirspec_bad_pixel_stats.txt
2025-11-19 10:09:31,654 - Knowledge - INFO - Fast-tracked /app/data/T0015/271517/b4715fp/spacetelescope/jwql/database/monitor_table_definitions/miri/miri_dark_query_history.txt (ext=.txt, size=137)
2025-11-19 10:09:31,730 - Knowledge - INFO - Worker kw6 processing /app/data/T0015/271517/b4715fp/spacetelescope/jwql/tests/test_pipeline_tools.py
2025-11-19 10:09:31,823 - Knowledge - INFO - Fast-tracked /app/data/T0015/271517/b4715fp/spacetelescope/jwql/tests/test_bokeh_templating_interface.yaml (ext=.yaml, size=972)
2025-11-19 10:09:31,923 - Knowledge - INFO - Worker kw8 processing /app/data/T0015/271517/b4715fp/spacetelescope/jwql/instrument_monitors/nirspec_monitors/data_trending/plots/plot_functions.py
2025-11-19 10:09:32,173 - Knowledge - INFO - Worker kw13 processing /app/data/T0015/271517/b4715fp/spacetelescope/jwql/website/apps/jwql/api_views.py
2025-11-19 10:09:32,267 - Knowledge - INFO - Worker kw14 processing /app/data/T0015/271517/b4715fp/spacetelescope/jwql/website/apps/jwql/monitor_pages/monitor_readnoise_bokeh.py
2025-11-19 10:09:32,353 - Knowledge - INFO - Worker kw15 processing /app/data/T0015/271517/b4715fp/spacetelescope/jwql/website/apps/jwql/monitor_pages/yaml/monitor_mast_interface.yaml
2025-11-19 10:09:32,422 - Knowledge - INFO - Worker kw16 processing /app/data/T0015/271517/b4715fp/spacetelescope/jwql/website/apps/jwql/templates/home.html
2025-11-19 10:09:32,507 - Knowledge - INFO - Worker kw17 processing /app/data/T0015/271517/b4715fp/spacetelescope/jwql/website/apps/jwql/templates/404_spacecat.html
2025-11-19 10:09:32,614 - Knowledge - INFO - Fast-tracked /app/data/T0015/271517/b4715fp/spacetelescope/jwql/__init__.py (ext=.py, size=695)
2025-11-19 10:09:32,681 - Knowledge - INFO - Worker kw19 processing /app/data/T0015/271517/b4715fp/spacetelescope/style_guide/typing_demo/typing_demo_2.py
2025-11-19 10:09:32,759 - Knowledge - INFO - Fast-tracked /app/data/T0015/271517/b4715fp/spacetelescope/docs/source/jwql_monitors.rst (ext=.rst, size=730)
2025-11-19 10:09:32,846 - Knowledge - INFO - Worker kw12 processing /app/data/T0015/271517/b4715fp/spacetelescope/jwql/website/apps/jwql/static/css/loader.css
2025-11-19 10:09:32,926 - Knowledge - INFO - Fast-tracked /app/data/T0015/271517/b4715fp/spacetelescope/jwql/database/monitor_table_definitions/niriss/niriss_dark_dark_current.txt (ext=.txt, size=629)
2025-11-19 10:09:33,013 - Knowledge - INFO - Fast-tracked /app/data/T0015/271517/b4715fp/spacetelescope/jwql/database/monitor_table_definitions/nirspec/nirspec_bad_pixel_stats.txt (ext=.txt, size=205)
2025-11-19 10:09:33,120 - Knowledge - INFO - Worker kw5 processing /app/data/T0015/271517/b4715fp/spacetelescope/jwql/database/monitor_table_definitions/miri/miri_readnoise_query_history.txt
2025-11-19 10:09:33,195 - Knowledge - INFO - Fast-tracked /app/data/T0015/271517/b4715fp/spacetelescope/jwql/tests/test_pipeline_tools.py (ext=.py, size=8040)
2025-11-19 10:09:33,268 - Knowledge - INFO - Worker kw7 processing /app/data/T0015/271517/b4715fp/spacetelescope/jwql/tests/test_bokeh_templating.py
2025-11-19 10:09:33,439 - Knowledge - INFO - Worker kw13 processing /app/data/T0015/271517/b4715fp/spacetelescope/jwql/website/apps/jwql/bokeh_containers.py
2025-11-19 10:09:33,547 - Knowledge - INFO - Worker kw14 processing /app/data/T0015/271517/b4715fp/spacetelescope/jwql/website/apps/jwql/monitor_pages/monitor_dark_bokeh.py
2025-11-19 10:09:33,647 - Knowledge - INFO - Fast-tracked /app/data/T0015/271517/b4715fp/spacetelescope/jwql/website/apps/jwql/monitor_pages/yaml/monitor_mast_interface.yaml (ext=.yaml, size=1525)
2025-11-19 10:09:33,709 - Knowledge - INFO - Worker kw16 processing /app/data/T0015/271517/b4715fp/spacetelescope/jwql/website/apps/jwql/templates/engineering_database.html
2025-11-19 10:09:33,776 - Knowledge - INFO - Fast-tracked /app/data/T0015/271517/b4715fp/spacetelescope/jwql/website/apps/jwql/templates/404_spacecat.html (ext=.html, size=986)
2025-11-19 10:09:33,890 - Knowledge - INFO - Worker kw18 processing /app/data/T0015/271517/b4715fp/spacetelescope/style_guide/README.md
2025-11-19 10:09:33,996 - Knowledge - INFO - Worker kw19 processing /app/data/T0015/271517/b4715fp/spacetelescope/docs/source/utils.rst
2025-11-19 10:09:34,074 - Knowledge - INFO - Worker kw20 processing /app/data/T0015/271517/b4715fp/spacetelescope/docs/source/index.rst
2025-11-19 10:09:34,173 - Knowledge - INFO - Fast-tracked /app/data/T0015/271517/b4715fp/spacetelescope/jwql/website/apps/jwql/static/css/loader.css (ext=.css, size=2961)
2025-11-19 10:09:34,300 - Knowledge - INFO - Worker kw3 processing /app/data/T0015/271517/b4715fp/spacetelescope/jwql/database/monitor_table_definitions/niriss/niriss_dark_pixel_stats.txt
2025-11-19 10:09:34,397 - Knowledge - INFO - Worker kw4 processing /app/data/T0015/271517/b4715fp/spacetelescope/jwql/database/monitor_table_definitions/nirspec/nirspec_bad_pixel_query_history.txt
2025-11-19 10:09:34,510 - Knowledge - INFO - Fast-tracked /app/data/T0015/271517/b4715fp/spacetelescope/jwql/database/monitor_table_definitions/miri/miri_readnoise_query_history.txt (ext=.txt, size=160)
2025-11-19 10:09:34,631 - Knowledge - INFO - Worker kw6 processing /app/data/T0015/271517/b4715fp/spacetelescope/jwql/tests/test_monitor_mast.py
2025-11-19 10:09:34,718 - Knowledge - INFO - Fast-tracked /app/data/T0015/271517/b4715fp/spacetelescope/jwql/tests/test_bokeh_templating.py (ext=.py, size=1797)
2025-11-19 10:09:34,815 - Knowledge - INFO - Worker kw13 processing /app/data/T0015/271517/b4715fp/spacetelescope/jwql/website/apps/jwql/views.py
2025-11-19 10:09:34,882 - Knowledge - INFO - Worker kw14 processing /app/data/T0015/271517/b4715fp/spacetelescope/jwql/website/apps/jwql/monitor_pages/monitor_bad_pixel_bokeh.py
2025-11-19 10:09:34,994 - Knowledge - INFO - Worker kw15 processing /app/data/T0015/271517/b4715fp/spacetelescope/jwql/website/apps/jwql/monitor_pages/yaml/monitor_bias_interface.yaml
2025-11-19 10:09:35,100 - Knowledge - INFO - Worker kw16 processing /app/data/T0015/271517/b4715fp/spacetelescope/jwql/website/apps/jwql/templates/bad_pixel_monitor.html
2025-11-19 10:09:35,183 - Knowledge - INFO - Worker kw17 processing /app/data/T0015/271517/b4715fp/spacetelescope/jwql/website/apps/jwql/templates/api_landing.html
2025-11-19 10:09:35,299 - Knowledge - INFO - Fast-tracked /app/data/T0015/271517/b4715fp/spacetelescope/style_guide/README.md (ext=.md, size=5466)
2025-11-19 10:09:35,373 - Knowledge - INFO - Fast-tracked /app/data/T0015/271517/b4715fp/spacetelescope/docs/source/utils.rst (ext=.rst, size=1667)
2025-11-19 10:09:35,479 - Knowledge - INFO - Fast-tracked /app/data/T0015/271517/b4715fp/spacetelescope/docs/source/index.rst (ext=.rst, size=1174)
2025-11-19 10:09:35,548 - Knowledge - INFO - Worker kw12 processing /app/data/T0015/271517/b4715fp/spacetelescope/jwql/website/apps/jwql/static/css/jwql.css
2025-11-19 10:09:35,637 - Knowledge - INFO - Fast-tracked /app/data/T0015/271517/b4715fp/spacetelescope/jwql/database/monitor_table_definitions/niriss/niriss_dark_pixel_stats.txt (ext=.txt, size=234)
2025-11-19 10:09:35,703 - Knowledge - INFO - Fast-tracked /app/data/T0015/271517/b4715fp/spacetelescope/jwql/database/monitor_table_definitions/nirspec/nirspec_bad_pixel_query_history.txt (ext=.txt, size=262)
2025-11-19 10:09:35,830 - Knowledge - INFO - Worker kw5 processing /app/data/T0015/271517/b4715fp/spacetelescope/jwql/database/monitor_table_definitions/miri/miri_dark_dark_current.txt
2025-11-19 10:09:35,919 - Knowledge - INFO - Fast-tracked /app/data/T0015/271517/b4715fp/spacetelescope/jwql/tests/test_monitor_mast.py (ext=.py, size=2538)
2025-11-19 10:09:35,994 - Knowledge - INFO - Worker kw7 processing /app/data/T0015/271517/b4715fp/spacetelescope/jwql/tests/test_instrument_properties.py
2025-11-19 10:09:36,220 - Knowledge - INFO - Fast-tracked /app/data/T0015/271517/b4715fp/spacetelescope/jwql/website/apps/jwql/monitor_pages/yaml/monitor_bias_interface.yaml (ext=.yaml, size=11716)
2025-11-19 10:09:36,340 - Knowledge - INFO - Fast-tracked /app/data/T0015/271517/b4715fp/spacetelescope/jwql/website/apps/jwql/templates/bad_pixel_monitor.html (ext=.html, size=592)
2025-11-19 10:09:36,423 - Knowledge - INFO - Worker kw17 processing /app/data/T0015/271517/b4715fp/spacetelescope/jwql/website/apps/jwql/templates/anomaly_query.html
2025-11-19 10:09:36,505 - Knowledge - INFO - Worker kw18 processing /app/data/T0015/271517/b4715fp/spacetelescope/style_guide/logging_guide.md
2025-11-19 10:09:36,573 - Knowledge - INFO - Worker kw19 processing /app/data/T0015/271517/b4715fp/spacetelescope/docs/source/database.rst
2025-11-19 10:09:36,653 - Knowledge - INFO - Worker kw20 processing /app/data/T0015/271517/b4715fp/spacetelescope/WEBPAGE_TEMPLATE.md
2025-11-19 10:09:36,770 - Knowledge - INFO - Fast-tracked /app/data/T0015/271517/b4715fp/spacetelescope/jwql/website/apps/jwql/static/css/jwql.css (ext=.css, size=9889)
2025-11-19 10:09:36,834 - Knowledge - INFO - Worker kw3 processing /app/data/T0015/271517/b4715fp/spacetelescope/jwql/database/monitor_table_definitions/niriss/niriss_readnoise_query_history.txt
2025-11-19 10:09:36,959 - Knowledge - INFO - Worker kw4 processing /app/data/T0015/271517/b4715fp/spacetelescope/jwql/database/monitor_table_definitions/nircam/nircam_dark_pixel_stats.txt
2025-11-19 10:09:37,037 - Knowledge - INFO - Fast-tracked /app/data/T0015/271517/b4715fp/spacetelescope/jwql/database/monitor_table_definitions/miri/miri_dark_dark_current.txt (ext=.txt, size=629)
2025-11-19 10:09:37,272 - Knowledge - INFO - Fast-tracked /app/data/T0015/271517/b4715fp/spacetelescope/jwql/tests/test_instrument_properties.py (ext=.py, size=3411)
2025-11-19 10:09:37,382 - Knowledge - INFO - Worker kw15 processing /app/data/T0015/271517/b4715fp/spacetelescope/jwql/website/apps/jwql/monitor_pages/monitor_mast_bokeh.py
2025-11-19 10:09:37,501 - Knowledge - INFO - Worker kw16 processing /app/data/T0015/271517/b4715fp/spacetelescope/jwql/website/apps/jwql/templates/thumbnails.html
2025-11-19 10:09:37,574 - Knowledge - INFO - Worker kw17 processing /app/data/T0015/271517/b4715fp/spacetelescope/jwql/website/apps/jwql/templates/bias_monitor.html
2025-11-19 10:09:37,666 - Knowledge - INFO - Fast-tracked /app/data/T0015/271517/b4715fp/spacetelescope/style_guide/logging_guide.md (ext=.md, size=3657)
2025-11-19 10:09:37,774 - Knowledge - INFO - Fast-tracked /app/data/T0015/271517/b4715fp/spacetelescope/docs/source/database.rst (ext=.rst, size=270)
2025-11-19 10:09:37,837 - Knowledge - INFO - Fast-tracked /app/data/T0015/271517/b4715fp/spacetelescope/WEBPAGE_TEMPLATE.md (ext=.md, size=5343)
2025-11-19 10:09:37,947 - Knowledge - INFO - Worker kw12 processing /app/data/T0015/271517/b4715fp/spacetelescope/jwql/website/apps/jwql/static/css/bootstrap.min.css
2025-11-19 10:09:38,040 - Knowledge - INFO - Fast-tracked /app/data/T0015/271517/b4715fp/spacetelescope/jwql/database/monitor_table_definitions/niriss/niriss_readnoise_query_history.txt (ext=.txt, size=160)
2025-11-19 10:09:38,140 - Knowledge - INFO - Fast-tracked /app/data/T0015/271517/b4715fp/spacetelescope/jwql/database/monitor_table_definitions/nircam/nircam_dark_pixel_stats.txt (ext=.txt, size=234)
2025-11-19 10:09:38,226 - Knowledge - INFO - Processing batch of 12 files
2025-11-19 10:09:38,302 - Knowledge - INFO - Worker kw7 processing /app/data/T0015/271517/b4715fp/spacetelescope/jwql/tests/test_database_interface.py
2025-11-19 10:09:38,429 - Knowledge - INFO - Worker kw15 processing /app/data/T0015/271517/b4715fp/spacetelescope/jwql/website/apps/jwql/monitor_pages/monitor_filesystem_bokeh.py
2025-11-19 10:09:38,495 - Knowledge - INFO - Worker kw16 processing /app/data/T0015/271517/b4715fp/spacetelescope/jwql/website/apps/jwql/templates/nirspec_data_trending.html
2025-11-19 10:09:38,591 - Knowledge - INFO - Fast-tracked /app/data/T0015/271517/b4715fp/spacetelescope/jwql/website/apps/jwql/templates/bias_monitor.html (ext=.html, size=394)
2025-11-19 10:09:38,670 - Knowledge - INFO - Worker kw18 processing /app/data/T0015/271517/b4715fp/spacetelescope/style_guide/example.py
2025-11-19 10:09:38,799 - Knowledge - INFO - Worker kw19 processing /app/data/T0015/271517/b4715fp/spacetelescope/docs/source/edb.rst
2025-11-19 10:09:38,869 - Knowledge - INFO - Worker kw20 processing /app/data/T0015/271517/b4715fp/spacetelescope/CODE_OF_CONDUCT.md
2025-11-19 10:09:38,996 - Knowledge - INFO - Fast-tracked /app/data/T0015/271517/b4715fp/spacetelescope/jwql/website/apps/jwql/static/css/bootstrap.min.css (ext=.css, size=144877)
2025-11-19 10:09:39,083 - Knowledge - INFO - Worker kw3 processing /app/data/T0015/271517/b4715fp/spacetelescope/jwql/database/monitor_table_definitions/niriss/niriss_readnoise_stats.txt
2025-11-19 10:09:39,182 - Knowledge - INFO - Worker kw4 processing /app/data/T0015/271517/b4715fp/spacetelescope/jwql/database/monitor_table_definitions/nircam/nircam_bias_stats.txt
2025-11-19 10:09:39,286 - Knowledge - INFO - process ingested knowledge for /app/data/T0015/271517/b4715fp/spacetelescope/jwql/database/monitor_table_definitions/nircam/nircam_dark_dark_current.txt
2025-11-19 10:09:39,378 - Knowledge - INFO - Fast-tracked /app/data/T0015/271517/b4715fp/spacetelescope/jwql/tests/test_database_interface.py (ext=.py, size=4854)
2025-11-19 10:09:39,456 - Knowledge - INFO - Worker kw15 processing /app/data/T0015/271517/b4715fp/spacetelescope/jwql/website/apps/jwql/monitor_pages/__init__.py
2025-11-19 10:09:39,616 - Knowledge - INFO - Worker kw17 processing /app/data/T0015/271517/b4715fp/spacetelescope/jwql/website/apps/jwql/templates/archive.html
2025-11-19 10:09:39,704 - Knowledge - INFO - Worker kw18 processing /app/data/T0015/271517/b4715fp/spacetelescope/style_guide/PEP8_examples.ipynb
2025-11-19 10:09:39,818 - Knowledge - INFO - Fast-tracked /app/data/T0015/271517/b4715fp/spacetelescope/docs/source/edb.rst (ext=.rst, size=140)
2025-11-19 10:09:39,922 - Knowledge - INFO - Fast-tracked /app/data/T0015/271517/b4715fp/spacetelescope/CODE_OF_CONDUCT.md (ext=.md, size=6074)
2025-11-19 10:09:40,011 - Knowledge - INFO - Worker kw12 processing /app/data/T0015/271517/b4715fp/spacetelescope/jwql/website/apps/jwql/static/js/image_click_to_change.js
2025-11-19 10:09:40,186 - Knowledge - INFO - Fast-tracked /app/data/T0015/271517/b4715fp/spacetelescope/jwql/database/monitor_table_definitions/niriss/niriss_readnoise_stats.txt (ext=.txt, size=818)
2025-11-19 10:09:40,256 - Knowledge - INFO - Fast-tracked /app/data/T0015/271517/b4715fp/spacetelescope/jwql/database/monitor_table_definitions/nircam/nircam_bias_stats.txt (ext=.txt, size=436)
2025-11-19 10:09:40,360 - Knowledge - INFO - process ingested knowledge for /app/data/T0015/271517/b4715fp/spacetelescope/jwql/database/monitor_table_definitions/nircam/nircam_bad_pixel_query_history.txt
2025-11-19 10:09:40,547 - Knowledge - INFO - Processing batch of 12 files
2025-11-19 10:09:40,560 - Knowledge - INFO - Fast-tracked /app/data/T0015/271517/b4715fp/spacetelescope/jwql/website/apps/jwql/monitor_pages/__init__.py (ext=.py, size=295)
2025-11-19 10:09:40,725 - Knowledge - INFO - Worker kw18 processing /app/data/T0015/271517/b4715fp/spacetelescope/style_guide/accessibility_guidelines.md
2025-11-19 10:09:40,836 - Knowledge - INFO - Worker kw19 processing /app/data/T0015/271517/b4715fp/spacetelescope/docs/source/common_monitors.rst
2025-11-19 10:09:40,943 - Knowledge - INFO - Worker kw20 processing /app/data/T0015/271517/b4715fp/spacetelescope/README.md
2025-11-19 10:09:41,045 - Knowledge - INFO - Fast-tracked /app/data/T0015/271517/b4715fp/spacetelescope/jwql/website/apps/jwql/static/js/image_click_to_change.js (ext=.js, size=555)
2025-11-19 10:09:41,221 - Knowledge - INFO - Worker kw4 processing /app/data/T0015/271517/b4715fp/spacetelescope/jwql/database/monitor_table_definitions/nircam/nircam_bias_query_history.txt
2025-11-19 10:09:41,292 - Knowledge - INFO - process ingested knowledge for /app/data/T0015/271517/b4715fp/spacetelescope/jwql/database/monitor_table_definitions/nircam/nircam_bad_pixel_stats.txt
2025-11-19 10:09:41,423 - Knowledge - INFO - process ingested knowledge for /app/data/T0015/271517/b4715fp/spacetelescope/jwql/tests/test_permissions.py
2025-11-19 10:09:41,576 - Knowledge - INFO - Fast-tracked /app/data/T0015/271517/b4715fp/spacetelescope/style_guide/accessibility_guidelines.md (ext=.md, size=3891)
2025-11-19 10:09:41,647 - Knowledge - INFO - Fast-tracked /app/data/T0015/271517/b4715fp/spacetelescope/docs/source/common_monitors.rst (ext=.rst, size=625)
2025-11-19 10:09:41,729 - Knowledge - INFO - Fast-tracked /app/data/T0015/271517/b4715fp/spacetelescope/README.md (ext=.md, size=11856)
2025-11-19 10:09:41,836 - Knowledge - INFO - Worker kw12 processing /app/data/T0015/271517/b4715fp/spacetelescope/jwql/website/apps/jwql/static/js/tinysort.min.js
2025-11-19 10:09:41,932 - Knowledge - INFO - Fast-tracked /app/data/T0015/271517/b4715fp/spacetelescope/jwql/database/monitor_table_definitions/nircam/nircam_bias_query_history.txt (ext=.txt, size=160)
2025-11-19 10:09:41,998 - Knowledge - INFO - process ingested knowledge for /app/data/T0015/271517/b4715fp/spacetelescope/jwql/database/monitor_table_definitions/nircam/nircam_readnoise_query_history.txt
2025-11-19 10:09:42,099 - Knowledge - INFO - process ingested knowledge for /app/data/T0015/271517/b4715fp/spacetelescope/jwql/tests/test_preview_image.py
2025-11-19 10:09:42,308 - Knowledge - INFO - Worker kw19 processing /app/data/T0015/271517/b4715fp/spacetelescope/docs/source/website.rst
2025-11-19 10:09:42,391 - Knowledge - INFO - Worker kw20 processing /app/data/T0015/271517/b4715fp/spacetelescope/codecov.yml
2025-11-19 10:09:42,513 - Knowledge - INFO - Fast-tracked /app/data/T0015/271517/b4715fp/spacetelescope/jwql/website/apps/jwql/static/js/tinysort.min.js (ext=.js, size=4497)
2025-11-19 10:09:42,647 - Knowledge - INFO - Processing batch of 15 files
2025-11-19 10:09:42,760 - Knowledge - INFO - process ingested knowledge for /app/data/T0015/271517/b4715fp/spacetelescope/jwql/database/monitor_table_definitions/nircam/nircam_readnoise_stats.txt
2025-11-19 10:09:42,856 - Knowledge - INFO - process ingested knowledge for /app/data/T0015/271517/b4715fp/spacetelescope/jwql/tests/test_edb.py
2025-11-19 10:09:42,947 - Knowledge - INFO - Fast-tracked /app/data/T0015/271517/b4715fp/spacetelescope/docs/source/website.rst (ext=.rst, size=1226)
2025-11-19 10:09:43,031 - Knowledge - INFO - Fast-tracked /app/data/T0015/271517/b4715fp/spacetelescope/codecov.yml (ext=.yml, size=608)
2025-11-19 10:09:43,142 - Knowledge - INFO - Worker kw12 processing /app/data/T0015/271517/b4715fp/spacetelescope/jwql/website/apps/jwql/static/js/jwql.js
2025-11-19 10:09:43,219 - Knowledge - INFO - process ingested knowledge for /app/data/T0015/271517/b4715fp/spacetelescope/jwql/database/monitor_table_definitions/niriss/niriss_dark_query_history.txt
2025-11-19 10:09:43,313 - Knowledge - INFO - process ingested knowledge for /app/data/T0015/271517/b4715fp/spacetelescope/jwql/database/monitor_table_definitions/nircam/nircam_dark_query_history.txt
2025-11-19 10:09:43,382 - Knowledge - INFO - process ingested knowledge for /app/data/T0015/271517/b4715fp/spacetelescope/jwql/tests/test_bad_pixel_monitor.py
2025-11-19 10:09:43,453 - Knowledge - INFO - Worker kw19 processing /app/data/T0015/271517/b4715fp/spacetelescope/docs/source/tests.rst
2025-11-19 10:09:43,528 - Knowledge - INFO - Worker kw20 processing /app/data/T0015/271517/b4715fp/spacetelescope/rtd_requirements.txt
2025-11-19 10:09:43,718 - Knowledge - INFO - process ingested knowledge for /app/data/T0015/271517/b4715fp/spacetelescope/jwql/database/monitor_table_definitions/niriss/niriss_bad_pixel_query_history.txt
2025-11-19 10:09:43,791 - Knowledge - INFO - process ingested knowledge for /app/data/T0015/271517/b4715fp/spacetelescope/jwql/database/monitor_table_definitions/miri/miri_bad_pixel_stats.txt
2025-11-19 10:09:43,902 - Knowledge - INFO - process ingested knowledge for /app/data/T0015/271517/b4715fp/spacetelescope/jwql/tests/test_data_containers.py
2025-11-19 10:09:43,987 - Knowledge - INFO - Fast-tracked /app/data/T0015/271517/b4715fp/spacetelescope/style_guide/typing_demo/typing_demo_1.py (small file (2597 bytes))
2025-11-19 10:09:44,097 - Knowledge - INFO - Fast-tracked /app/data/T0015/271517/b4715fp/spacetelescope/rtd_requirements.txt (ext=.txt, size=214)
2025-11-19 10:09:44,157 - Knowledge - INFO - process ingested knowledge for /app/data/T0015/271517/b4715fp/spacetelescope/jwql/database/monitor_table_definitions/niriss/niriss_bad_pixel_stats.txt
2025-11-19 10:09:44,251 - Knowledge - INFO - process ingested knowledge for /app/data/T0015/271517/b4715fp/spacetelescope/jwql/database/monitor_table_definitions/miri/miri_bad_pixel_query_history.txt
2025-11-19 10:09:44,319 - Knowledge - INFO - process ingested knowledge for /app/data/T0015/271517/b4715fp/spacetelescope/jwql/tests/test_logging_functions.py
2025-11-19 10:09:44,436 - Knowledge - INFO - Fast-tracked /app/data/T0015/271517/b4715fp/spacetelescope/style_guide/typing_demo/typing_demo_2.py (small file (2963 bytes))
2025-11-19 10:09:44,524 - Knowledge - INFO - Worker kw20 processing /app/data/T0015/271517/b4715fp/spacetelescope/pytest.ini
2025-11-19 10:09:44,608 - Knowledge - INFO - process ingested knowledge for /app/data/T0015/271517/b4715fp/spacetelescope/jwql/database/monitor_table_definitions/nirspec/nirspec_dark_pixel_stats.txt
2025-11-19 10:09:44,682 - Knowledge - INFO - process ingested knowledge for /app/data/T0015/271517/b4715fp/spacetelescope/jwql/database/monitor_table_definitions/miri/miri_readnoise_stats.txt
2025-11-19 10:09:44,768 - Knowledge - INFO - process ingested knowledge for /app/data/T0015/271517/b4715fp/spacetelescope/jwql/tests/test_loading_times.py
2025-11-19 10:09:44,837 - Knowledge - INFO - Fast-tracked /app/data/T0015/271517/b4715fp/spacetelescope/docs/source/tests.rst (small file (2353 bytes))
2025-11-19 10:09:44,908 - Knowledge - INFO - Fast-tracked /app/data/T0015/271517/b4715fp/spacetelescope/pytest.ini (ext=.ini, size=31)
2025-11-19 10:09:45,000 - Knowledge - INFO - process ingested knowledge for /app/data/T0015/271517/b4715fp/spacetelescope/jwql/database/monitor_table_definitions/nirspec/nirspec_bias_query_history.txt
2025-11-19 10:09:45,070 - Knowledge - INFO - process ingested knowledge for /app/data/T0015/271517/b4715fp/spacetelescope/jwql/database/monitor_table_definitions/miri/miri_dark_query_history.txt
2025-11-19 10:09:45,152 - Knowledge - INFO - process ingested knowledge for /app/data/T0015/271517/b4715fp/spacetelescope/jwql/tests/test_api_views.py
2025-11-19 10:09:45,300 - Knowledge - INFO - Processing batch of 10 files
2025-11-19 10:09:45,437 - Knowledge - INFO - process ingested knowledge for /app/data/T0015/271517/b4715fp/spacetelescope/jwql/database/monitor_table_definitions/nirspec/nirspec_dark_dark_current.txt
2025-11-19 10:09:45,512 - Knowledge - INFO - process ingested knowledge for /app/data/T0015/271517/b4715fp/spacetelescope/jwql/database/monitor_table_definitions/miri/miri_readnoise_query_history.txt
2025-11-19 10:09:45,615 - Knowledge - INFO - process ingested knowledge for /app/data/T0015/271517/b4715fp/spacetelescope/jwql/tests/test_bokeh_templating_interface.yaml
2025-11-19 10:09:45,726 - Knowledge - INFO - process ingested knowledge for /app/data/T0015/271517/b4715fp/spacetelescope/style_guide/typing_demo/typing_demo_3.py
2025-11-19 10:09:45,811 - Knowledge - INFO - process ingested knowledge for /app/data/T0015/271517/b4715fp/spacetelescope/jwql/database/monitor_table_definitions/nirspec/nirspec_bias_stats.txt
2025-11-19 10:09:45,880 - Knowledge - INFO - process ingested knowledge for /app/data/T0015/271517/b4715fp/spacetelescope/jwql/database/monitor_table_definitions/miri/miri_dark_dark_current.txt
2025-11-19 10:09:45,962 - Knowledge - INFO - process ingested knowledge for /app/data/T0015/271517/b4715fp/spacetelescope/jwql/tests/test_bokeh_templating.py
2025-11-19 10:09:46,105 - Knowledge - INFO - process ingested knowledge for /app/data/T0015/271517/b4715fp/spacetelescope/style_guide/typing_demo/typing_demo_1.py
2025-11-19 10:09:46,202 - Knowledge - INFO - process ingested knowledge for /app/data/T0015/271517/b4715fp/spacetelescope/jwql/database/monitor_table_definitions/nirspec/nirspec_readnoise_query_history.txt
2025-11-19 10:09:46,407 - Knowledge - INFO - process ingested knowledge for /app/data/T0015/271517/b4715fp/spacetelescope/jwql/tests/test_instrument_properties.py
2025-11-19 10:09:46,505 - Knowledge - INFO - process ingested knowledge for /app/data/T0015/271517/b4715fp/spacetelescope/style_guide/typing_demo/typing_demo_4.py
2025-11-19 10:09:46,637 - Knowledge - INFO - process ingested knowledge for /app/data/T0015/271517/b4715fp/spacetelescope/jwql/database/monitor_table_definitions/nirspec/nirspec_readnoise_stats.txt
2025-11-19 10:09:46,638 - Knowledge - INFO - process ingested knowledge for /app/data/T0015/271517/b4715fp/spacetelescope/jwql/tests/test_database_interface.py
2025-11-19 10:09:46,751 - Knowledge - INFO - process ingested knowledge for /app/data/T0015/271517/b4715fp/spacetelescope/style_guide/typing_demo/typing_demo_2.py
2025-11-19 10:09:46,903 - Knowledge - INFO - process ingested knowledge for /app/data/T0015/271517/b4715fp/spacetelescope/jwql/database/monitor_table_definitions/nirspec/nirspec_dark_query_history.txt
2025-11-19 10:09:47,160 - Knowledge - INFO - process ingested knowledge for /app/data/T0015/271517/b4715fp/spacetelescope/docs/source/utils.rst
2025-11-19 10:09:47,237 - Knowledge - INFO - process ingested knowledge for /app/data/T0015/271517/b4715fp/spacetelescope/jwql/database/monitor_table_definitions/nirspec/nirspec_bad_pixel_stats.txt
2025-11-19 10:09:47,415 - Knowledge - INFO - process ingested knowledge for /app/data/T0015/271517/b4715fp/spacetelescope/docs/source/database.rst
2025-11-19 10:09:47,496 - Knowledge - INFO - process ingested knowledge for /app/data/T0015/271517/b4715fp/spacetelescope/jwql/database/monitor_table_definitions/nirspec/nirspec_bad_pixel_query_history.txt
2025-11-19 10:09:47,728 - Knowledge - INFO - process ingested knowledge for /app/data/T0015/271517/b4715fp/spacetelescope/docs/source/edb.rst
2025-11-19 10:09:47,730 - Knowledge - INFO - process ingested knowledge for /app/data/T0015/271517/b4715fp/spacetelescope/jwql/database/monitor_table_definitions/nircam/nircam_dark_pixel_stats.txt
2025-11-19 10:09:48,018 - Knowledge - INFO - process ingested knowledge for /app/data/T0015/271517/b4715fp/spacetelescope/docs/source/common_monitors.rst
2025-11-19 10:09:48,092 - Knowledge - INFO - process ingested knowledge for /app/data/T0015/271517/b4715fp/spacetelescope/jwql/database/monitor_table_definitions/nircam/nircam_bias_stats.txt
2025-11-19 10:09:48,092 - Knowledge - INFO - [WEBSOCKET] Sent: Type=progress_update, Size: 290, Duration: 0ms
2025-11-19 10:09:48,311 - Knowledge - INFO - process ingested knowledge for /app/data/T0015/271517/b4715fp/spacetelescope/docs/source/website.rst
2025-11-19 10:09:48,330 - Knowledge - INFO - process ingested knowledge for /app/data/T0015/271517/b4715fp/spacetelescope/jwql/database/monitor_table_definitions/nircam/nircam_bias_query_history.txt
2025-11-19 10:09:48,421 - Knowledge - INFO - [WEBSOCKET] Sent: Type=unknown, Size: ?, Duration: 329ms
2025-11-19 10:09:48,534 - Knowledge - INFO - process ingested knowledge for /app/data/T0015/271517/b4715fp/spacetelescope/docs/source/tests.rst
2025-11-19 10:09:48,717 - Knowledge - INFO - Progress: 20.7% | Files: 49/237 | Rate: 0.79 files/sec | Queue: 1
2025-11-19 10:09:48,719 - Knowledge - INFO - [kw7] Queue=1, InProgress=0, PendingWorkers=20/20, Completed=49/237 (20.7%)
2025-11-19 10:09:48,989 - Knowledge - INFO - [kw5] Queue=1, InProgress=0, PendingWorkers=20/20, Completed=49/237 (20.7%)
2025-11-19 10:09:49,019 - Knowledge - INFO - Batch sizing: calculated=1, max_allowed=25, queue=1, active_workers=20/20
2025-11-19 10:09:49,200 - Knowledge - INFO - Batch sizing: calculated=1, max_allowed=25, queue=1, active_workers=20/20
2025-11-19 10:09:49,366 - Knowledge - INFO - Async storing batch of 12 embeddings
2025-11-19 10:09:49,545 - Knowledge - INFO - Worker kw7 processing /app/data/T0015/271517/b4715fp/spacetelescope/environment_python_3_8.yml
2025-11-19 10:09:49,738 - Knowledge - INFO - Fast-tracked /app/data/T0015/271517/b4715fp/spacetelescope/environment_python_3_8.yml (ext=.yml, size=1522)
2025-11-19 10:09:49,917 - Knowledge - INFO - Async storage completed for 12 embeddings
2025-11-19 10:09:50,187 - Knowledge - INFO - Processing batch of 1 files
2025-11-19 10:09:50,356 - Knowledge - INFO - process ingested knowledge for /app/data/T0015/271517/b4715fp/spacetelescope/environment_python_3_8.yml
2025-11-19 10:09:51,919 - Knowledge - INFO - Fast-tracked /app/data/T0015/271517/b4715fp/spacetelescope/jwql/website/apps/jwql/templates/instrument.html (small file (2927 bytes))
2025-11-19 10:09:53,036 - Knowledge - INFO - Fast-tracked /app/data/T0015/271517/b4715fp/spacetelescope/jwql/website/apps/jwql/models.py (small file (2300 bytes))
2025-11-19 10:09:58,929 - Knowledge - INFO - [LLM_CALL] Completed: factory.py:chunk1, Duration: 14378ms, PromptTokens: 5226, CompletionTokens: 368, Cost: $0.00067
2025-11-19 10:09:59,124 - Knowledge - INFO - done ingest for /app/data/T0015/271517/b4715fp/spacetelescope/jwql/bokeh_templating/factory.py
2025-11-19 10:10:00,721 - Knowledge - INFO - Fast-tracked /app/data/T0015/271517/b4715fp/spacetelescope/jwql/utils/credentials.py (small file (2415 bytes))
2025-11-19 10:10:07,849 - Knowledge - INFO - [LLM_CALL] Completed: conf.py:chunk1, Duration: 22504ms, PromptTokens: 3462, CompletionTokens: 292, Cost: $0.00046
2025-11-19 10:10:08,037 - Knowledge - INFO - done ingest for /app/data/T0015/271517/b4715fp/spacetelescope/docs/source/conf.py
2025-11-19 10:10:08,122 - Knowledge - INFO - [LLM_CALL] Completed: template.py:chunk1, Duration: 30923ms, PromptTokens: 4820, CompletionTokens: 750, Cost: $0.00078
2025-11-19 10:10:08,381 - Knowledge - INFO - done ingest for /app/data/T0015/271517/b4715fp/spacetelescope/jwql/bokeh_templating/template.py
2025-11-19 10:10:08,567 - Knowledge - INFO - Processing batch of 10 files
2025-11-19 10:10:08,718 - Knowledge - INFO - process ingested knowledge for /app/data/T0015/271517/b4715fp/spacetelescope/docs/source/instrument_monitors.rst
2025-11-19 10:10:08,956 - Knowledge - INFO - process ingested knowledge for /app/data/T0015/271517/b4715fp/spacetelescope/docs/source/conf.py
2025-11-19 10:10:08,956 - Knowledge - INFO - Processing batch of 12 files
2025-11-19 10:10:09,214 - Knowledge - INFO - process ingested knowledge for /app/data/T0015/271517/b4715fp/spacetelescope/docs/source/jwql_monitors.rst
2025-11-19 10:10:09,295 - Knowledge - INFO - process ingested knowledge for /app/data/T0015/271517/b4715fp/spacetelescope/jwql/database/monitor_table_definitions/miri/miri_dark_pixel_stats.txt
2025-11-19 10:10:09,392 - Knowledge - INFO - [LLM_CALL] Completed: database_interface.py:chunk1, Duration: 28251ms, PromptTokens: 8012, CompletionTokens: 923, Cost: $0.00117
2025-11-19 10:10:09,443 - Knowledge - INFO - process ingested knowledge for /app/data/T0015/271517/b4715fp/spacetelescope/docs/source/index.rst
2025-11-19 10:10:09,553 - Knowledge - INFO - process ingested knowledge for /app/data/T0015/271517/b4715fp/spacetelescope/jwql/database/reset_database.py
2025-11-19 10:10:09,634 - Knowledge - INFO - done ingest for /app/data/T0015/271517/b4715fp/spacetelescope/jwql/database/database_interface.py
2025-11-19 10:10:09,741 - Knowledge - INFO - process ingested knowledge for /app/data/T0015/271517/b4715fp/spacetelescope/WEBPAGE_TEMPLATE.md
2025-11-19 10:10:09,833 - Knowledge - INFO - process ingested knowledge for /app/data/T0015/271517/b4715fp/spacetelescope/jwql/bokeh_templating/example/main.py
2025-11-19 10:10:10,030 - Knowledge - INFO - Processing batch of 15 files
2025-11-19 10:10:10,055 - Knowledge - INFO - process ingested knowledge for /app/data/T0015/271517/b4715fp/spacetelescope/CODE_OF_CONDUCT.md
2025-11-19 10:10:10,192 - Knowledge - INFO - process ingested knowledge for /app/data/T0015/271517/b4715fp/spacetelescope/jwql/bokeh_templating/example/example_interface.yaml
2025-11-19 10:10:10,292 - Knowledge - INFO - process ingested knowledge for /app/data/T0015/271517/b4715fp/spacetelescope/jwql/example_config.json
2025-11-19 10:10:10,422 - Knowledge - INFO - process ingested knowledge for /app/data/T0015/271517/b4715fp/spacetelescope/README.md
2025-11-19 10:10:10,505 - Knowledge - INFO - process ingested knowledge for /app/data/T0015/271517/b4715fp/spacetelescope/jwql/bokeh_templating/keyword_map.py
2025-11-19 10:10:10,507 - Knowledge - INFO - [LLM_CALL] Completed: jwql.js:chunk1, Duration: 26874ms, PromptTokens: 12264, CompletionTokens: 878, Cost: $0.00158
2025-11-19 10:10:10,602 - Knowledge - INFO - process ingested knowledge for /app/data/T0015/271517/b4715fp/spacetelescope/jwql/database/database_interface.py
2025-11-19 10:10:10,696 - Knowledge - INFO - process ingested knowledge for /app/data/T0015/271517/b4715fp/spacetelescope/codecov.yml
2025-11-19 10:10:10,799 - Knowledge - INFO - process ingested knowledge for /app/data/T0015/271517/b4715fp/spacetelescope/jwql/bokeh_templating/template.py
2025-11-19 10:10:10,900 - Knowledge - INFO - done ingest for /app/data/T0015/271517/b4715fp/spacetelescope/jwql/website/apps/jwql/static/js/jwql.js
2025-11-19 10:10:11,004 - Knowledge - INFO - process ingested knowledge for /app/data/T0015/271517/b4715fp/spacetelescope/jwql/database/monitor_table_definitions/fgs/fgs_dark_dark_current.txt
2025-11-19 10:10:11,093 - Knowledge - INFO - process ingested knowledge for /app/data/T0015/271517/b4715fp/spacetelescope/rtd_requirements.txt
2025-11-19 10:10:11,197 - Knowledge - INFO - process ingested knowledge for /app/data/T0015/271517/b4715fp/spacetelescope/jwql/bokeh_templating/__init__.py
2025-11-19 10:10:11,378 - Knowledge - INFO - process ingested knowledge for /app/data/T0015/271517/b4715fp/spacetelescope/jwql/database/monitor_table_definitions/fgs/fgs_dark_pixel_stats.txt
2025-11-19 10:10:11,430 - Knowledge - INFO - Processing batch of 12 files
2025-11-19 10:10:11,476 - Knowledge - INFO - process ingested knowledge for /app/data/T0015/271517/b4715fp/spacetelescope/pytest.ini
2025-11-19 10:10:11,571 - Knowledge - INFO - process ingested knowledge for /app/data/T0015/271517/b4715fp/spacetelescope/jwql/bokeh_templating/factory.py
2025-11-19 10:10:11,654 - Knowledge - INFO - process ingested knowledge for /app/data/T0015/271517/b4715fp/spacetelescope/jwql/database/monitor_table_definitions/fgs/fgs_dark_query_history.txt
2025-11-19 10:10:11,730 - Knowledge - INFO - process ingested knowledge for /app/data/T0015/271517/b4715fp/spacetelescope/jwql/website/jwql_proj/wsgi.py
2025-11-19 10:10:11,944 - Knowledge - INFO - process ingested knowledge for /app/data/T0015/271517/b4715fp/spacetelescope/jwql/tests/test_calculations.py
2025-11-19 10:10:12,032 - Knowledge - INFO - process ingested knowledge for /app/data/T0015/271517/b4715fp/spacetelescope/jwql/database/monitor_table_definitions/fgs/fgs_readnoise_stats.txt
2025-11-19 10:10:12,137 - Knowledge - INFO - process ingested knowledge for /app/data/T0015/271517/b4715fp/spacetelescope/jwql/website/jwql_proj/jinja2.py
2025-11-19 10:10:12,225 - Knowledge - INFO - process ingested knowledge for /app/data/T0015/271517/b4715fp/spacetelescope/jwql/tests/test_bias_monitor.py
2025-11-19 10:10:12,345 - Knowledge - INFO - process ingested knowledge for /app/data/T0015/271517/b4715fp/spacetelescope/jwql/database/monitor_table_definitions/fgs/fgs_readnoise_query_history.txt
2025-11-19 10:10:12,455 - Knowledge - INFO - process ingested knowledge for /app/data/T0015/271517/b4715fp/spacetelescope/jwql/website/jwql_proj/urls.py
2025-11-19 10:10:12,476 - Knowledge - INFO - process ingested knowledge for /app/data/T0015/271517/b4715fp/spacetelescope/jwql/tests/test_pipeline_tools.py
2025-11-19 10:10:12,582 - Knowledge - INFO - process ingested knowledge for /app/data/T0015/271517/b4715fp/spacetelescope/jwql/database/monitor_table_definitions/fgs/fgs_bad_pixel_stats.txt
2025-11-19 10:10:12,701 - Knowledge - INFO - process ingested knowledge for /app/data/T0015/271517/b4715fp/spacetelescope/jwql/website/apps/jwql/admin.py
2025-11-19 10:10:12,807 - Knowledge - INFO - process ingested knowledge for /app/data/T0015/271517/b4715fp/spacetelescope/jwql/tests/test_monitor_mast.py
2025-11-19 10:10:12,922 - Knowledge - INFO - process ingested knowledge for /app/data/T0015/271517/b4715fp/spacetelescope/jwql/database/monitor_table_definitions/fgs/fgs_bad_pixel_query_history.txt
2025-11-19 10:10:12,958 - Knowledge - INFO - [WEBSOCKET] Sent: Type=progress_update, Size: 289, Duration: 0ms
2025-11-19 10:10:12,966 - Knowledge - INFO - process ingested knowledge for /app/data/T0015/271517/b4715fp/spacetelescope/jwql/website/apps/jwql/static/css/sticky-footer.css
2025-11-19 10:10:13,150 - Knowledge - INFO - process ingested knowledge for /app/data/T0015/271517/b4715fp/spacetelescope/jwql/database/monitor_table_definitions/niriss/niriss_bias_stats.txt
2025-11-19 10:10:13,220 - Knowledge - INFO - [WEBSOCKET] Sent: Type=unknown, Size: ?, Duration: 262ms
2025-11-19 10:10:13,342 - Knowledge - INFO - process ingested knowledge for /app/data/T0015/271517/b4715fp/spacetelescope/jwql/website/apps/jwql/static/css/loader-magnify.css
2025-11-19 10:10:13,373 - Knowledge - INFO - process ingested knowledge for /app/data/T0015/271517/b4715fp/spacetelescope/jwql/database/monitor_table_definitions/niriss/niriss_bias_query_history.txt
2025-11-19 10:10:13,472 - Knowledge - INFO - Progress: 41.8% | Files: 99/237 | Rate: 1.14 files/sec | Queue: 0
2025-11-19 10:10:13,570 - Knowledge - INFO - process ingested knowledge for /app/data/T0015/271517/b4715fp/spacetelescope/jwql/website/apps/jwql/static/css/loader.css
2025-11-19 10:10:13,678 - Knowledge - INFO - process ingested knowledge for /app/data/T0015/271517/b4715fp/spacetelescope/jwql/database/monitor_table_definitions/niriss/niriss_dark_dark_current.txt
2025-11-19 10:10:13,927 - Knowledge - INFO - process ingested knowledge for /app/data/T0015/271517/b4715fp/spacetelescope/jwql/website/apps/jwql/static/css/jwql.css
2025-11-19 10:10:13,935 - Knowledge - INFO - process ingested knowledge for /app/data/T0015/271517/b4715fp/spacetelescope/jwql/database/monitor_table_definitions/niriss/niriss_dark_pixel_stats.txt
2025-11-19 10:10:14,119 - Knowledge - INFO - process ingested knowledge for /app/data/T0015/271517/b4715fp/spacetelescope/jwql/website/apps/jwql/static/css/bootstrap.min.css
2025-11-19 10:10:14,268 - Knowledge - INFO - process ingested knowledge for /app/data/T0015/271517/b4715fp/spacetelescope/jwql/database/monitor_table_definitions/niriss/niriss_readnoise_query_history.txt
2025-11-19 10:10:14,399 - Knowledge - INFO - process ingested knowledge for /app/data/T0015/271517/b4715fp/spacetelescope/jwql/website/apps/jwql/static/js/image_click_to_change.js
2025-11-19 10:10:14,528 - Knowledge - INFO - process ingested knowledge for /app/data/T0015/271517/b4715fp/spacetelescope/jwql/database/monitor_table_definitions/niriss/niriss_readnoise_stats.txt
2025-11-19 10:10:14,575 - Knowledge - INFO - process ingested knowledge for /app/data/T0015/271517/b4715fp/spacetelescope/jwql/website/apps/jwql/static/js/tinysort.min.js
2025-11-19 10:10:14,887 - Knowledge - INFO - process ingested knowledge for /app/data/T0015/271517/b4715fp/spacetelescope/jwql/website/apps/jwql/static/js/jwql.js
2025-11-19 10:10:16,627 - Knowledge - INFO - Fast-tracked /app/data/T0015/271517/b4715fp/spacetelescope/jwql/website/apps/jwql/templates/thumbnails.html (small file (2317 bytes))
2025-11-19 10:10:16,802 - Knowledge - INFO - Fast-tracked /app/data/T0015/271517/b4715fp/spacetelescope/jwql/website/apps/jwql/templates/nirspec_data_trending.html (small file (3010 bytes))
2025-11-19 10:10:19,847 - Knowledge - INFO - [LLM_CALL] Completed: home.html:chunk1, Duration: 27753ms, PromptTokens: 2508, CompletionTokens: 59, Cost: $0.00027
2025-11-19 10:10:20,047 - Knowledge - INFO - done ingest for /app/data/T0015/271517/b4715fp/spacetelescope/jwql/website/apps/jwql/templates/home.html
2025-11-19 10:10:21,589 - Knowledge - INFO - [LLM_CALL] Completed: engineering_database.html:chunk1, Duration: 14128ms, PromptTokens: 4534, CompletionTokens: 110, Cost: $0.00050
2025-11-19 10:10:21,800 - Knowledge - INFO - done ingest for /app/data/T0015/271517/b4715fp/spacetelescope/jwql/website/apps/jwql/templates/engineering_database.html
2025-11-19 10:10:22,029 - Knowledge - INFO - [LLM_CALL] Completed: view_image.html:chunk1, Duration: 42486ms, PromptTokens: 3516, CompletionTokens: 59, Cost: $0.00038
2025-11-19 10:10:22,205 - Knowledge - INFO - done ingest for /app/data/T0015/271517/b4715fp/spacetelescope/jwql/website/apps/jwql/templates/view_image.html
2025-11-19 10:10:22,419 - Knowledge - INFO - Processing batch of 10 files
2025-11-19 10:10:22,602 - Knowledge - INFO - process ingested knowledge for /app/data/T0015/271517/b4715fp/spacetelescope/jwql/website/apps/jwql/templates/view_image.html
2025-11-19 10:10:23,236 - Knowledge - INFO - process ingested knowledge for /app/data/T0015/271517/b4715fp/spacetelescope/jwql/website/apps/jwql/templates/readnoise_monitor.html
2025-11-19 10:10:23,403 - Knowledge - INFO - process ingested knowledge for /app/data/T0015/271517/b4715fp/spacetelescope/jwql/website/apps/jwql/templates/instrument.html
2025-11-19 10:10:23,574 - Knowledge - INFO - process ingested knowledge for /app/data/T0015/271517/b4715fp/spacetelescope/jwql/website/apps/jwql/templates/dark_monitor.html
2025-11-19 10:10:23,756 - Knowledge - INFO - process ingested knowledge for /app/data/T0015/271517/b4715fp/spacetelescope/jwql/website/apps/jwql/templates/query_submit.html
2025-11-19 10:10:23,918 - Knowledge - INFO - process ingested knowledge for /app/data/T0015/271517/b4715fp/spacetelescope/jwql/website/apps/jwql/templates/home.html
2025-11-19 10:10:24,079 - Knowledge - INFO - process ingested knowledge for /app/data/T0015/271517/b4715fp/spacetelescope/jwql/website/apps/jwql/templates/engineering_database.html
2025-11-19 10:10:24,480 - Knowledge - INFO - process ingested knowledge for /app/data/T0015/271517/b4715fp/spacetelescope/jwql/website/apps/jwql/templates/bad_pixel_monitor.html
2025-11-19 10:10:24,846 - Knowledge - INFO - process ingested knowledge for /app/data/T0015/271517/b4715fp/spacetelescope/jwql/website/apps/jwql/templates/thumbnails.html
2025-11-19 10:10:25,252 - Knowledge - INFO - process ingested knowledge for /app/data/T0015/271517/b4715fp/spacetelescope/jwql/website/apps/jwql/templates/nirspec_data_trending.html
2025-11-19 10:10:27,076 - Knowledge - INFO - [WEBSOCKET] Sent: Type=progress_update, Size: 292, Duration: 0ms
2025-11-19 10:10:27,288 - Knowledge - INFO - [LLM_CALL] Completed: monitor_mast_bokeh.py:chunk1, Duration: 34762ms, PromptTokens: 2406, CompletionTokens: 450, Cost: $0.00042
2025-11-19 10:10:27,463 - Knowledge - INFO - done ingest for /app/data/T0015/271517/b4715fp/spacetelescope/jwql/website/apps/jwql/monitor_pages/monitor_mast_bokeh.py
2025-11-19 10:10:27,463 - Knowledge - INFO - [WEBSOCKET] Sent: Type=unknown, Size: ?, Duration: 387ms
2025-11-19 10:10:27,814 - Knowledge - INFO - Progress: 46.0% | Files: 109/237 | Rate: 1.08 files/sec | Queue: 0
2025-11-19 10:10:27,912 - Knowledge - INFO - [LLM_CALL] Completed: monitor_filesystem_bokeh.py:chunk1, Duration: 19870ms, PromptTokens: 5228, CompletionTokens: 512, Cost: $0.00073
2025-11-19 10:10:28,152 - Knowledge - INFO - done ingest for /app/data/T0015/271517/b4715fp/spacetelescope/jwql/website/apps/jwql/monitor_pages/monitor_filesystem_bokeh.py
2025-11-19 10:10:30,039 - Knowledge - INFO - [LLM_CALL] Completed: monitor_bias_bokeh.py:chunk1, Duration: 48533ms, PromptTokens: 4454, CompletionTokens: 608, Cost: $0.00069
2025-11-19 10:10:30,192 - Knowledge - INFO - done ingest for /app/data/T0015/271517/b4715fp/spacetelescope/jwql/website/apps/jwql/monitor_pages/monitor_bias_bokeh.py
2025-11-19 10:10:30,447 - Knowledge - INFO - Processing batch of 10 files
2025-11-19 10:10:30,663 - Knowledge - INFO - process ingested knowledge for /app/data/T0015/271517/b4715fp/spacetelescope/jwql/website/apps/jwql/monitor_pages/monitor_bias_bokeh.py
2025-11-19 10:10:30,833 - Knowledge - INFO - process ingested knowledge for /app/data/T0015/271517/b4715fp/spacetelescope/jwql/website/apps/jwql/monitor_pages/yaml/monitor_readnoise_interface.yaml
2025-11-19 10:10:31,029 - Knowledge - INFO - process ingested knowledge for /app/data/T0015/271517/b4715fp/spacetelescope/jwql/website/apps/jwql/monitor_pages/yaml/dark_monitor_interface.yaml
2025-11-19 10:10:31,211 - Knowledge - INFO - process ingested knowledge for /app/data/T0015/271517/b4715fp/spacetelescope/jwql/website/apps/jwql/monitor_pages/yaml/badpixel_monitor_interface.yaml
2025-11-19 10:10:31,405 - Knowledge - INFO - process ingested knowledge for /app/data/T0015/271517/b4715fp/spacetelescope/jwql/website/apps/jwql/monitor_pages/yaml/monitor_filesystem_interface.yaml
2025-11-19 10:10:31,568 - Knowledge - INFO - process ingested knowledge for /app/data/T0015/271517/b4715fp/spacetelescope/jwql/website/apps/jwql/monitor_pages/yaml/monitor_mast_interface.yaml
2025-11-19 10:10:31,769 - Knowledge - INFO - process ingested knowledge for /app/data/T0015/271517/b4715fp/spacetelescope/jwql/website/apps/jwql/monitor_pages/yaml/monitor_bias_interface.yaml
2025-11-19 10:10:31,953 - Knowledge - INFO - process ingested knowledge for /app/data/T0015/271517/b4715fp/spacetelescope/jwql/website/apps/jwql/monitor_pages/monitor_mast_bokeh.py
2025-11-19 10:10:32,140 - Knowledge - INFO - process ingested knowledge for /app/data/T0015/271517/b4715fp/spacetelescope/jwql/website/apps/jwql/monitor_pages/monitor_filesystem_bokeh.py
2025-11-19 10:10:32,350 - Knowledge - INFO - process ingested knowledge for /app/data/T0015/271517/b4715fp/spacetelescope/jwql/website/apps/jwql/monitor_pages/__init__.py
2025-11-19 10:10:33,439 - Knowledge - INFO - [WEBSOCKET] Sent: Type=progress_update, Size: 293, Duration: 0ms
2025-11-19 10:10:33,535 - Knowledge - INFO - Fast-tracked /app/data/T0015/271517/b4715fp/spacetelescope/jwql/website/apps/jwql/templates/archive.html (small file (2599 bytes))
2025-11-19 10:10:33,642 - Knowledge - INFO - [WEBSOCKET] Sent: Type=unknown, Size: ?, Duration: 203ms
2025-11-19 10:10:33,866 - Knowledge - INFO - Progress: 50.2% | Files: 119/237 | Rate: 1.11 files/sec | Queue: 0
2025-11-19 10:10:34,348 - Knowledge - INFO - Fast-tracked /app/data/T0015/271517/b4715fp/spacetelescope/jwql/jwql_monitors/generate_proposal_thumbnails.py (small file (2251 bytes))
2025-11-19 10:10:34,592 - Knowledge - ERROR - Timeout processing /app/data/T0015/271517/b4715fp/spacetelescope/CHANGES.rst after 90s
2025-11-19 10:10:35,281 - Knowledge - INFO - [LLM_CALL] Completed: api_landing.html:chunk1, Duration: 19243ms, PromptTokens: 4942, CompletionTokens: 115, Cost: $0.00054
2025-11-19 10:10:35,494 - Knowledge - INFO - done ingest for /app/data/T0015/271517/b4715fp/spacetelescope/jwql/website/apps/jwql/templates/api_landing.html
2025-11-19 10:10:36,228 - Knowledge - INFO - [LLM_CALL] Completed: keywords_in_multiple_headers.ipynb:chunk1, Duration: 69907ms, PromptTokens: 4578, CompletionTokens: 59, Cost: $0.00048
2025-11-19 10:10:36,468 - Knowledge - INFO - done ingest for /app/data/T0015/271517/b4715fp/spacetelescope/notebooks/keywords_in_multiple_headers.ipynb
2025-11-19 10:10:36,472 - Knowledge - INFO - [LLM_CALL] Completed: PEP8_examples.ipynb:chunk1, Duration: 15248ms, PromptTokens: 14390, CompletionTokens: 59, Cost: $0.00146
2025-11-19 10:10:36,892 - Knowledge - INFO - done ingest for /app/data/T0015/271517/b4715fp/spacetelescope/style_guide/PEP8_examples.ipynb
2025-11-19 10:10:36,892 - Knowledge - INFO - [LLM_CALL] Completed: anomaly_query.html:chunk1, Duration: 10243ms, PromptTokens: 9422, CompletionTokens: 112, Cost: $0.00099
2025-11-19 10:10:37,134 - Knowledge - INFO - done ingest for /app/data/T0015/271517/b4715fp/spacetelescope/jwql/website/apps/jwql/templates/anomaly_query.html
2025-11-19 10:10:37,136 - Knowledge - INFO - [LLM_CALL] Completed: dashboard.html:chunk1, Duration: 54963ms, PromptTokens: 2220, CompletionTokens: 59, Cost: $0.00025
2025-11-19 10:10:37,591 - Knowledge - INFO - done ingest for /app/data/T0015/271517/b4715fp/spacetelescope/jwql/website/apps/jwql/templates/dashboard.html
2025-11-19 10:10:38,255 - Knowledge - INFO - [LLM_CALL] Completed: jwqldb_table_viewer.html:chunk1, Duration: 47564ms, PromptTokens: 2630, CompletionTokens: 59, Cost: $0.00029
2025-11-19 10:10:38,475 - Knowledge - INFO - done ingest for /app/data/T0015/271517/b4715fp/spacetelescope/jwql/website/apps/jwql/templates/jwqldb_table_viewer.html
2025-11-19 10:10:38,487 - Knowledge - INFO - [LLM_CALL] Completed: view_header.html:chunk1, Duration: 57829ms, PromptTokens: 2452, CompletionTokens: 59, Cost: $0.00027
2025-11-19 10:10:39,020 - Knowledge - INFO - done ingest for /app/data/T0015/271517/b4715fp/spacetelescope/jwql/website/apps/jwql/templates/view_header.html
2025-11-19 10:10:40,162 - Knowledge - INFO - [LLM_CALL] Completed: example.py:chunk1, Duration: 28548ms, PromptTokens: 3310, CompletionTokens: 328, Cost: $0.00046
2025-11-19 10:10:40,335 - Knowledge - INFO - done ingest for /app/data/T0015/271517/b4715fp/spacetelescope/style_guide/example.py
2025-11-19 10:10:41,049 - Knowledge - INFO - [LLM_CALL] Completed: base.html:chunk1, Duration: 31975ms, PromptTokens: 5982, CompletionTokens: 59, Cost: $0.00062
2025-11-19 10:10:41,280 - Knowledge - INFO - done ingest for /app/data/T0015/271517/b4715fp/spacetelescope/jwql/website/apps/jwql/templates/base.html
2025-11-19 10:10:42,496 - Knowledge - INFO - [LLM_CALL] Completed: about.html:chunk1, Duration: 51190ms, PromptTokens: 4908, CompletionTokens: 109, Cost: $0.00053
2025-11-19 10:10:42,723 - Knowledge - INFO - done ingest for /app/data/T0015/271517/b4715fp/spacetelescope/jwql/website/apps/jwql/templates/about.html
2025-11-19 10:10:42,951 - Knowledge - INFO - Processing batch of 10 files
2025-11-19 10:10:43,111 - Knowledge - INFO - process ingested knowledge for /app/data/T0015/271517/b4715fp/spacetelescope/jwql/website/apps/jwql/templates/view_header.html
2025-11-19 10:10:43,609 - Knowledge - INFO - process ingested knowledge for /app/data/T0015/271517/b4715fp/spacetelescope/jwql/website/apps/jwql/templates/404_space.html
2025-11-19 10:10:43,615 - Knowledge - INFO - [LLM_CALL] Completed: integrating_auth_mast_service.ipynb:chunk1, Duration: 73273ms, PromptTokens: 8986, CompletionTokens: 59, Cost: $0.00092
2025-11-19 10:10:44,066 - Knowledge - INFO - done ingest for /app/data/T0015/271517/b4715fp/spacetelescope/notebooks/integrating_auth_mast_service.ipynb
2025-11-19 10:10:44,203 - Knowledge - INFO - process ingested knowledge for /app/data/T0015/271517/b4715fp/spacetelescope/jwql/website/apps/jwql/templates/not_authenticated.html
2025-11-19 10:10:44,591 - Knowledge - INFO - [LLM_CALL] Completed: engineering_database.py:chunk1, Duration: 42618ms, PromptTokens: 6578, CompletionTokens: 586, Cost: $0.00089
2025-11-19 10:10:44,609 - Knowledge - INFO - process ingested knowledge for /app/data/T0015/271517/b4715fp/spacetelescope/jwql/website/apps/jwql/templates/about.html
2025-11-19 10:10:44,654 - Knowledge - ERROR - Timeout processing /app/data/T0015/271517/b4715fp/spacetelescope/jwql/utils/utils.py after 90s
2025-11-19 10:10:44,717 - Knowledge - INFO - Fast-tracked /app/data/T0015/271517/b4715fp/spacetelescope/jwql/instrument_monitors/nirspec_monitors/data_trending/wheel_to_db.py (small file (2000 bytes))
2025-11-19 10:10:44,796 - Knowledge - INFO - done ingest for /app/data/T0015/271517/b4715fp/spacetelescope/jwql/edb/engineering_database.py
2025-11-19 10:10:45,090 - Knowledge - INFO - process ingested knowledge for /app/data/T0015/271517/b4715fp/spacetelescope/jwql/website/apps/jwql/templates/base.html
2025-11-19 10:10:45,153 - Knowledge - ERROR - Timeout processing /app/data/T0015/271517/b4715fp/spacetelescope/jwql/utils/constants.py after 90s
2025-11-19 10:10:45,472 - Knowledge - INFO - Fast-tracked /app/data/T0015/271517/b4715fp/spacetelescope/jwql/instrument_monitors/nirspec_monitors/data_trending/dashboard.py (small file (3055 bytes))
2025-11-19 10:10:45,960 - Knowledge - INFO - process ingested knowledge for /app/data/T0015/271517/b4715fp/spacetelescope/jwql/website/apps/jwql/templates/404_spacecat.html
2025-11-19 10:10:45,962 - Knowledge - ERROR - Timeout processing /app/data/T0015/271517/b4715fp/spacetelescope/jwql/utils/instrument_properties.py after 90s
2025-11-19 10:10:46,316 - Knowledge - ERROR - Timeout processing /app/data/T0015/271517/b4715fp/spacetelescope/jwql/utils/mast_utils.py after 90s
2025-11-19 10:10:46,415 - Knowledge - INFO - [LLM_CALL] Completed: monitor_bad_pixel_bokeh.py:chunk1, Duration: 16552ms, PromptTokens: 8582, CompletionTokens: 773, Cost: $0.00117
2025-11-19 10:10:46,416 - Knowledge - INFO - process ingested knowledge for /app/data/T0015/271517/b4715fp/spacetelescope/jwql/website/apps/jwql/templates/api_landing.html
2025-11-19 10:10:46,781 - Knowledge - ERROR - Timeout processing /app/data/T0015/271517/b4715fp/spacetelescope/jwql/utils/organize_filesystem.py after 90s
2025-11-19 10:10:47,024 - Knowledge - INFO - done ingest for /app/data/T0015/271517/b4715fp/spacetelescope/jwql/website/apps/jwql/monitor_pages/monitor_bad_pixel_bokeh.py
2025-11-19 10:10:47,210 - Knowledge - ERROR - Timeout processing /app/data/T0015/271517/b4715fp/spacetelescope/jwql/utils/monitor_template.py after 90s
2025-11-19 10:10:47,421 - Knowledge - ERROR - Timeout processing /app/data/T0015/271517/b4715fp/spacetelescope/jwql/utils/logging_functions.py after 90s
2025-11-19 10:10:47,664 - Knowledge - ERROR - Timeout processing /app/data/T0015/271517/b4715fp/spacetelescope/jwql/utils/calculations.py after 90s
2025-11-19 10:10:47,977 - Knowledge - INFO - process ingested knowledge for /app/data/T0015/271517/b4715fp/spacetelescope/jwql/website/apps/jwql/templates/anomaly_query.html
2025-11-19 10:10:48,136 - Knowledge - INFO - Processing batch of 10 files
2025-11-19 10:10:48,185 - Knowledge - ERROR - Timeout processing /app/data/T0015/271517/b4715fp/spacetelescope/jwql/utils/permissions.py after 90s
2025-11-19 10:10:48,442 - Knowledge - INFO - process ingested knowledge for /app/data/T0015/271517/b4715fp/spacetelescope/jwql/website/apps/jwql/templates/dashboard.html
2025-11-19 10:10:48,452 - Knowledge - INFO - process ingested knowledge for /app/data/T0015/271517/b4715fp/spacetelescope/jwql/website/apps/jwql/templates/bias_monitor.html
2025-11-19 10:10:48,572 - Knowledge - ERROR - Timeout processing /app/data/T0015/271517/b4715fp/spacetelescope/jwql/utils/crds_tools.py after 90s
2025-11-19 10:10:49,033 - Knowledge - INFO - process ingested knowledge for /app/data/T0015/271517/b4715fp/spacetelescope/jwql/website/apps/jwql/templates/miri_data_trending.html
2025-11-19 10:10:49,413 - Knowledge - INFO - process ingested knowledge for /app/data/T0015/271517/b4715fp/spacetelescope/jwql/website/apps/jwql/templates/archive.html
2025-11-19 10:10:49,631 - Knowledge - INFO - process ingested knowledge for /app/data/T0015/271517/b4715fp/spacetelescope/jwql/website/apps/jwql/templates/jwqldb_table_viewer.html
2025-11-19 10:10:49,695 - Knowledge - ERROR - Timeout processing /app/data/T0015/271517/b4715fp/spacetelescope/jwql/utils/preview_image.py after 90s
2025-11-19 10:10:50,492 - Knowledge - INFO - [LLM_CALL] Completed: database_anomoly_table.ipynb:chunk1, Duration: 82643ms, PromptTokens: 7796, CompletionTokens: 52, Cost: $0.00080
2025-11-19 10:10:50,634 - Knowledge - INFO - process ingested knowledge for /app/data/T0015/271517/b4715fp/spacetelescope/jwql/edb/engineering_database.py
2025-11-19 10:10:50,875 - Knowledge - INFO - done ingest for /app/data/T0015/271517/b4715fp/spacetelescope/notebooks/database_anomoly_table.ipynb
2025-11-19 10:10:52,000 - Knowledge - INFO - process ingested knowledge for /app/data/T0015/271517/b4715fp/spacetelescope/jwql/__init__.py
2025-11-19 10:10:52,103 - Knowledge - ERROR - Timeout processing /app/data/T0015/271517/b4715fp/spacetelescope/jwql/utils/monitor_utils.py after 90s
2025-11-19 10:10:52,588 - Knowledge - INFO - [LLM_CALL] Completed: edb_mnemonic_query.ipynb:chunk1, Duration: 79457ms, PromptTokens: 3038, CompletionTokens: 59, Cost: $0.00033
2025-11-19 10:10:52,825 - Knowledge - ERROR - Timeout processing /app/data/T0015/271517/b4715fp/spacetelescope/jwql/instrument_monitors/nirspec_monitors/data_trending/plots/fpe_fpa_tab.py after 90s
2025-11-19 10:10:52,835 - Knowledge - INFO - process ingested knowledge for /app/data/T0015/271517/b4715fp/spacetelescope/style_guide/README.md
2025-11-19 10:10:52,836 - Knowledge - INFO - done ingest for /app/data/T0015/271517/b4715fp/spacetelescope/notebooks/edb_mnemonic_query.ipynb
2025-11-19 10:10:53,028 - Knowledge - ERROR - Timeout processing /app/data/T0015/271517/b4715fp/spacetelescope/jwql/instrument_monitors/nirspec_monitors/data_trending/plots/temperature_tab.py after 90s
2025-11-19 10:10:53,085 - Knowledge - WARNING - File /app/data/T0015/271517/b4715fp/spacetelescope/jwql/utils/utils.py not successfully processed
2025-11-19 10:10:53,430 - Knowledge - INFO - Fast-tracked /app/data/T0015/271517/b4715fp/spacetelescope/jwql/instrument_monitors/miri_monitors/data_trending/dashboard.py (small file (3011 bytes))
2025-11-19 10:10:53,556 - Knowledge - ERROR - Timeout processing /app/data/T0015/271517/b4715fp/spacetelescope/jwql/instrument_monitors/nirspec_monitors/data_trending/plots/voltage_tab.py after 90s
2025-11-19 10:10:53,568 - Knowledge - INFO - process ingested knowledge for /app/data/T0015/271517/b4715fp/spacetelescope/style_guide/logging_guide.md
2025-11-19 10:10:53,653 - Knowledge - WARNING - File /app/data/T0015/271517/b4715fp/spacetelescope/jwql/utils/constants.py not successfully processed
2025-11-19 10:10:53,877 - Knowledge - ERROR - Timeout processing /app/data/T0015/271517/b4715fp/spacetelescope/jwql/instrument_monitors/nirspec_monitors/data_trending/dt_cron_job.py after 90s
2025-11-19 10:10:54,132 - Knowledge - WARNING - File /app/data/T0015/271517/b4715fp/spacetelescope/jwql/utils/instrument_properties.py not successfully processed
2025-11-19 10:10:54,247 - Knowledge - ERROR - Timeout processing /app/data/T0015/271517/b4715fp/spacetelescope/jwql/instrument_monitors/nirspec_monitors/data_trending/utils/mnemonics.py after 90s
2025-11-19 10:10:54,403 - Knowledge - WARNING - File /app/data/T0015/271517/b4715fp/spacetelescope/jwql/utils/mast_utils.py not successfully processed
2025-11-19 10:10:54,427 - Knowledge - INFO - [LLM_CALL] Completed: monitor_dark_bokeh.py:chunk1, Duration: 35063ms, PromptTokens: 4908, CompletionTokens: 656, Cost: $0.00075
2025-11-19 10:10:54,514 - Knowledge - ERROR - Timeout processing /app/data/T0015/271517/b4715fp/spacetelescope/jwql/instrument_monitors/nirspec_monitors/data_trending/utils/condition.py after 90s
2025-11-19 10:10:54,756 - Knowledge - INFO - done ingest for /app/data/T0015/271517/b4715fp/spacetelescope/jwql/website/apps/jwql/monitor_pages/monitor_dark_bokeh.py
2025-11-19 10:10:54,990 - Knowledge - ERROR - Timeout processing /app/data/T0015/271517/b4715fp/spacetelescope/jwql/instrument_monitors/nirspec_monitors/data_trending/utils/csv_to_AstropyTable.py after 90s
2025-11-19 10:10:54,991 - Knowledge - INFO - process ingested knowledge for /app/data/T0015/271517/b4715fp/spacetelescope/style_guide/example.py
2025-11-19 10:10:55,156 - Knowledge - WARNING - File /app/data/T0015/271517/b4715fp/spacetelescope/jwql/utils/organize_filesystem.py not successfully processed
2025-11-19 10:10:55,170 - Knowledge - INFO - [LLM_CALL] Completed: test_mast_api.ipynb:chunk1, Duration: 75337ms, PromptTokens: 19908, CompletionTokens: 59, Cost: $0.00201
2025-11-19 10:10:55,314 - Knowledge - ERROR - Timeout processing /app/data/T0015/271517/b4715fp/spacetelescope/jwql/instrument_monitors/nirspec_monitors/data_trending/utils/sql_interface.py after 90s
2025-11-19 10:10:55,604 - Knowledge - WARNING - File /app/data/T0015/271517/b4715fp/spacetelescope/jwql/utils/monitor_template.py not successfully processed
2025-11-19 10:10:55,688 - Knowledge - INFO - process ingested knowledge for /app/data/T0015/271517/b4715fp/spacetelescope/style_guide/PEP8_examples.ipynb
2025-11-19 10:10:55,835 - Knowledge - INFO - done ingest for /app/data/T0015/271517/b4715fp/spacetelescope/notebooks/test_mast_api.ipynb
2025-11-19 10:10:56,069 - Knowledge - ERROR - Timeout processing /app/data/T0015/271517/b4715fp/spacetelescope/jwql/instrument_monitors/nirspec_monitors/data_trending/utils/process_data.py after 90s
2025-11-19 10:10:56,191 - Knowledge - WARNING - File /app/data/T0015/271517/b4715fp/spacetelescope/jwql/utils/logging_functions.py not successfully processed
2025-11-19 10:10:56,640 - Knowledge - ERROR - Timeout processing /app/data/T0015/271517/b4715fp/spacetelescope/jwql/instrument_monitors/common_monitors/dark_monitor.py after 90s
2025-11-19 10:10:56,714 - Knowledge - ERROR - Timeout processing /app/data/T0015/271517/b4715fp/spacetelescope/jwql/instrument_monitors/miri_monitors/data_trending/plots/fpe_voltage_tab.py after 90s
2025-11-19 10:10:56,862 - Knowledge - WARNING - File /app/data/T0015/271517/b4715fp/spacetelescope/jwql/utils/calculations.py not successfully processed
2025-11-19 10:10:57,031 - Knowledge - INFO - process ingested knowledge for /app/data/T0015/271517/b4715fp/spacetelescope/style_guide/accessibility_guidelines.md
2025-11-19 10:10:57,038 - Knowledge - ERROR - Timeout processing /app/data/T0015/271517/b4715fp/spacetelescope/jwql/instrument_monitors/common_monitors/readnoise_monitor.py after 90s
2025-11-19 10:10:57,187 - Knowledge - ERROR - Timeout processing /app/data/T0015/271517/b4715fp/spacetelescope/jwql/instrument_monitors/miri_monitors/data_trending/plots/temperature_tab.py after 90s
2025-11-19 10:10:57,312 - Knowledge - ERROR - Timeout processing /app/data/T0015/271517/b4715fp/spacetelescope/jwql/instrument_monitors/pipeline_tools.py after 90s
2025-11-19 10:10:57,670 - Knowledge - ERROR - Timeout processing /app/data/T0015/271517/b4715fp/spacetelescope/jwql/instrument_monitors/common_monitors/bad_pixel_monitor.py after 90s
2025-11-19 10:10:57,815 - Knowledge - ERROR - Timeout processing /app/data/T0015/271517/b4715fp/spacetelescope/jwql/instrument_monitors/miri_monitors/data_trending/plots/ice_voltage_tab.py after 90s
2025-11-19 10:10:57,816 - Knowledge - WARNING - File /app/data/T0015/271517/b4715fp/spacetelescope/jwql/utils/crds_tools.py not successfully processed
2025-11-19 10:10:57,977 - Knowledge - WARNING - File /app/data/T0015/271517/b4715fp/spacetelescope/jwql/instrument_monitors/nirspec_monitors/data_trending/plots/fpe_fpa_tab.py not successfully processed
2025-11-19 10:10:58,079 - Knowledge - ERROR - Timeout processing /app/data/T0015/271517/b4715fp/spacetelescope/jwql/instrument_monitors/common_monitors/bias_monitor.py after 90s
2025-11-19 10:10:58,195 - Knowledge - ERROR - Timeout processing /app/data/T0015/271517/b4715fp/spacetelescope/jwql/instrument_monitors/miri_monitors/data_trending/dt_cron_job.py after 90s
2025-11-19 10:10:58,381 - Knowledge - WARNING - File /app/data/T0015/271517/b4715fp/spacetelescope/jwql/utils/permissions.py not successfully processed
2025-11-19 10:10:58,584 - Knowledge - WARNING - File /app/data/T0015/271517/b4715fp/spacetelescope/jwql/instrument_monitors/nirspec_monitors/data_trending/plots/temperature_tab.py not successfully processed
2025-11-19 10:10:58,700 - Knowledge - ERROR - Timeout processing /app/data/T0015/271517/b4715fp/spacetelescope/jwql/instrument_monitors/miri_monitors/data_trending/15min_to_db.py after 90s
2025-11-19 10:10:58,816 - Knowledge - INFO - [LLM_CALL] Completed: urls.py:chunk1, Duration: 82664ms, PromptTokens: 3772, CompletionTokens: 722, Cost: $0.00067
2025-11-19 10:10:58,894 - Knowledge - ERROR - Timeout processing /app/data/T0015/271517/b4715fp/spacetelescope/jwql/instrument_monitors/miri_monitors/data_trending/utils/mnemonics.py after 90s
2025-11-19 10:10:59,019 - Knowledge - WARNING - File /app/data/T0015/271517/b4715fp/spacetelescope/jwql/utils/preview_image.py not successfully processed
2025-11-19 10:10:59,132 - Knowledge - WARNING - File /app/data/T0015/271517/b4715fp/spacetelescope/jwql/instrument_monitors/nirspec_monitors/data_trending/plots/voltage_tab.py not successfully processed
2025-11-19 10:10:59,237 - Knowledge - ERROR - Timeout processing /app/data/T0015/271517/b4715fp/spacetelescope/jwql/instrument_monitors/miri_monitors/data_trending/day_to_db.py after 90s
2025-11-19 10:10:59,342 - Knowledge - INFO - done ingest for /app/data/T0015/271517/b4715fp/spacetelescope/jwql/website/apps/jwql/urls.py
2025-11-19 10:10:59,487 - Knowledge - ERROR - Timeout processing /app/data/T0015/271517/b4715fp/spacetelescope/jwql/instrument_monitors/miri_monitors/data_trending/utils/condition.py after 90s
2025-11-19 10:10:59,615 - Knowledge - WARNING - File /app/data/T0015/271517/b4715fp/spacetelescope/jwql/utils/monitor_utils.py not successfully processed
2025-11-19 10:10:59,791 - Knowledge - WARNING - File /app/data/T0015/271517/b4715fp/spacetelescope/jwql/instrument_monitors/nirspec_monitors/data_trending/dt_cron_job.py not successfully processed
2025-11-19 10:10:59,908 - Knowledge - ERROR - Timeout processing /app/data/T0015/271517/b4715fp/spacetelescope/jwql/instrument_monitors/miri_monitors/data_trending/plots/bias_tab.py after 90s
2025-11-19 10:10:59,927 - Knowledge - INFO - [LLM_CALL] Completed: caa_tab.py:chunk1, Duration: 40346ms, PromptTokens: 5080, CompletionTokens: 367, Cost: $0.00065
2025-11-19 10:11:00,173 - Knowledge - ERROR - Timeout processing /app/data/T0015/271517/b4715fp/spacetelescope/jwql/instrument_monitors/miri_monitors/data_trending/utils/csv_to_AstropyTable.py after 90s
2025-11-19 10:11:00,546 - Knowledge - WARNING - File /app/data/T0015/271517/b4715fp/spacetelescope/jwql/instrument_monitors/nirspec_monitors/data_trending/utils/mnemonics.py not successfully processed
2025-11-19 10:11:00,660 - Knowledge - ERROR - Timeout processing /app/data/T0015/271517/b4715fp/spacetelescope/jwql/instrument_monitors/miri_monitors/data_trending/plots/wheel_ratio_tab.py after 90s
2025-11-19 10:11:00,798 - Knowledge - INFO - done ingest for /app/data/T0015/271517/b4715fp/spacetelescope/jwql/instrument_monitors/nirspec_monitors/data_trending/plots/caa_tab.py
2025-11-19 10:11:00,820 - Knowledge - INFO - [LLM_CALL] Completed: bokeh_dashboard.py:chunk1, Duration: 67629ms, PromptTokens: 6026, CompletionTokens: 602, Cost: $0.00084
2025-11-19 10:11:00,934 - Knowledge - ERROR - Timeout processing /app/data/T0015/271517/b4715fp/spacetelescope/jwql/instrument_monitors/miri_monitors/data_trending/utils/sql_interface.py after 90s
2025-11-19 10:11:01,099 - Knowledge - WARNING - File /app/data/T0015/271517/b4715fp/spacetelescope/jwql/instrument_monitors/nirspec_monitors/data_trending/utils/condition.py not successfully processed
2025-11-19 10:11:01,527 - Knowledge - INFO - done ingest for /app/data/T0015/271517/b4715fp/spacetelescope/jwql/website/apps/jwql/bokeh_dashboard.py
2025-11-19 10:11:01,405 - Knowledge - ERROR - Timeout processing /app/data/T0015/271517/b4715fp/spacetelescope/jwql/instrument_monitors/miri_monitors/data_trending/plots/power_tab.py after 90s
2025-11-19 10:11:01,558 - Knowledge - INFO - Processing batch of 3 files
2025-11-19 10:11:01,572 - Knowledge - INFO - [WEBSOCKET] Sent: Type=progress_update, Size: 291, Duration: 762ms
2025-11-19 10:11:01,651 - Knowledge - ERROR - Timeout processing /app/data/T0015/271517/b4715fp/spacetelescope/jwql/instrument_monitors/miri_monitors/data_trending/utils/process_data.py after 90s
2025-11-19 10:11:01,816 - Knowledge - WARNING - File /app/data/T0015/271517/b4715fp/spacetelescope/jwql/instrument_monitors/nirspec_monitors/data_trending/utils/csv_to_AstropyTable.py not successfully processed
2025-11-19 10:11:02,602 - Knowledge - INFO - process ingested knowledge for /app/data/T0015/271517/b4715fp/spacetelescope/jwql/utils/plotting.py
2025-11-19 10:11:02,620 - Knowledge - ERROR - Timeout processing /app/data/T0015/271517/b4715fp/spacetelescope/jwql/instrument_monitors/miri_monitors/data_trending/plots/plot_functions.py after 90s
2025-11-19 10:11:03,022 - Knowledge - INFO - [LLM_CALL] Completed: monitor_filesystem.py:chunk1, Duration: 39249ms, PromptTokens: 9698, CompletionTokens: 699, Cost: $0.00125
2025-11-19 10:11:03,173 - Knowledge - ERROR - Timeout processing /app/data/T0015/271517/b4715fp/spacetelescope/jwql/website/jwql_proj/settings.py after 90s
2025-11-19 10:11:03,288 - Knowledge - WARNING - File /app/data/T0015/271517/b4715fp/spacetelescope/jwql/instrument_monitors/nirspec_monitors/data_trending/utils/sql_interface.py not successfully processed
2025-11-19 10:11:04,011 - Knowledge - WARNING - File /app/data/T0015/271517/b4715fp/spacetelescope/jwql/instrument_monitors/common_monitors/dark_monitor.py not successfully processed
2025-11-19 10:11:04,130 - Knowledge - INFO - process ingested knowledge for /app/data/T0015/271517/b4715fp/spacetelescope/jwql/utils/anomaly_query_config.py
2025-11-19 10:11:04,150 - Knowledge - INFO - done ingest for /app/data/T0015/271517/b4715fp/spacetelescope/jwql/jwql_monitors/monitor_filesystem.py
2025-11-19 10:11:04,151 - Knowledge - INFO - [WEBSOCKET] Sent: Type=unknown, Size: ?, Duration: 3341ms
2025-11-19 10:11:04,231 - Knowledge - WARNING - File /app/data/T0015/271517/b4715fp/spacetelescope/jwql/instrument_monitors/miri_monitors/data_trending/plots/fpe_voltage_tab.py not successfully processed
2025-11-19 10:11:04,348 - Knowledge - WARNING - File /app/data/T0015/271517/b4715fp/spacetelescope/jwql/instrument_monitors/nirspec_monitors/data_trending/utils/process_data.py not successfully processed
2025-11-19 10:11:04,428 - Knowledge - WARNING - File /app/data/T0015/271517/b4715fp/spacetelescope/jwql/instrument_monitors/common_monitors/readnoise_monitor.py not successfully processed
2025-11-19 10:11:04,500 - Knowledge - INFO - process ingested knowledge for /app/data/T0015/271517/b4715fp/spacetelescope/jwql/utils/credentials.py
2025-11-19 10:11:04,830 - Knowledge - INFO - Progress: 59.9% | Files: 142/237 | Rate: 1.06 files/sec | Queue: 0
2025-11-19 10:11:04,854 - Knowledge - INFO - [LLM_CALL] Completed: monitor_views.py:chunk1, Duration: 88782ms, PromptTokens: 2556, CompletionTokens: 489, Cost: $0.00045
2025-11-19 10:11:05,041 - Knowledge - WARNING - File /app/data/T0015/271517/b4715fp/spacetelescope/jwql/instrument_monitors/miri_monitors/data_trending/plots/temperature_tab.py not successfully processed
2025-11-19 10:11:05,833 - Knowledge - WARNING - File /app/data/T0015/271517/b4715fp/spacetelescope/jwql/instrument_monitors/common_monitors/bad_pixel_monitor.py not successfully processed
2025-11-19 10:11:06,061 - Knowledge - INFO - done ingest for /app/data/T0015/271517/b4715fp/spacetelescope/jwql/website/apps/jwql/monitor_views.py
2025-11-19 10:11:06,061 - Knowledge - INFO - [LLM_CALL] Completed: msa_mce_tab.py:chunk1, Duration: 78025ms, PromptTokens: 11740, CompletionTokens: 307, Cost: $0.00130
2025-11-19 10:11:06,173 - Knowledge - WARNING - File /app/data/T0015/271517/b4715fp/spacetelescope/jwql/instrument_monitors/miri_monitors/data_trending/plots/ice_voltage_tab.py not successfully processed
2025-11-19 10:11:06,265 - Knowledge - WARNING - File /app/data/T0015/271517/b4715fp/spacetelescope/jwql/instrument_monitors/common_monitors/bias_monitor.py not successfully processed
2025-11-19 10:11:06,505 - Knowledge - INFO - done ingest for /app/data/T0015/271517/b4715fp/spacetelescope/jwql/instrument_monitors/nirspec_monitors/data_trending/plots/msa_mce_tab.py
2025-11-19 10:11:06,524 - Knowledge - INFO - [LLM_CALL] Completed: db.py:chunk1, Duration: 83581ms, PromptTokens: 2574, CompletionTokens: 459, Cost: $0.00044
2025-11-19 10:11:06,594 - Knowledge - WARNING - File /app/data/T0015/271517/b4715fp/spacetelescope/jwql/instrument_monitors/miri_monitors/data_trending/dt_cron_job.py not successfully processed
2025-11-19 10:11:06,679 - Knowledge - WARNING - File /app/data/T0015/271517/b4715fp/spacetelescope/jwql/instrument_monitors/miri_monitors/data_trending/15min_to_db.py not successfully processed
2025-11-19 10:11:06,838 - Knowledge - INFO - done ingest for /app/data/T0015/271517/b4715fp/spacetelescope/jwql/website/apps/jwql/db.py
2025-11-19 10:11:06,861 - Knowledge - INFO - [LLM_CALL] Completed: monitor_mast.py:chunk1, Duration: 52852ms, PromptTokens: 4718, CompletionTokens: 477, Cost: $0.00066
2025-11-19 10:11:07,020 - Knowledge - WARNING - File /app/data/T0015/271517/b4715fp/spacetelescope/jwql/instrument_monitors/miri_monitors/data_trending/utils/mnemonics.py not successfully processed
2025-11-19 10:11:07,189 - Knowledge - WARNING - File /app/data/T0015/271517/b4715fp/spacetelescope/jwql/instrument_monitors/miri_monitors/data_trending/day_to_db.py not successfully processed
2025-11-19 10:11:07,478 - Knowledge - INFO - done ingest for /app/data/T0015/271517/b4715fp/spacetelescope/jwql/jwql_monitors/monitor_mast.py
2025-11-19 10:11:07,510 - Knowledge - INFO - [LLM_CALL] Completed: day_to_db.py:chunk1, Duration: 46554ms, PromptTokens: 2724, CompletionTokens: 410, Cost: $0.00044
2025-11-19 10:11:07,572 - Knowledge - WARNING - File /app/data/T0015/271517/b4715fp/spacetelescope/jwql/instrument_monitors/miri_monitors/data_trending/utils/condition.py not successfully processed
2025-11-19 10:11:07,672 - Knowledge - WARNING - File /app/data/T0015/271517/b4715fp/spacetelescope/jwql/instrument_monitors/miri_monitors/data_trending/plots/wheel_ratio_tab.py not successfully processed
2025-11-19 10:11:07,733 - Knowledge - ERROR - Timeout processing /app/data/T0015/271517/b4715fp/spacetelescope/jwql/jwql_monitors/generate_preview_images.py after 90s
2025-11-19 10:11:07,845 - Knowledge - INFO - done ingest for /app/data/T0015/271517/b4715fp/spacetelescope/jwql/instrument_monitors/nirspec_monitors/data_trending/day_to_db.py
2025-11-19 10:11:07,846 - Knowledge - INFO - [LLM_CALL] Completed: bokeh_containers.py:chunk1, Duration: 46806ms, PromptTokens: 6512, CompletionTokens: 498, Cost: $0.00085
2025-11-19 10:11:07,955 - Knowledge - WARNING - File /app/data/T0015/271517/b4715fp/spacetelescope/jwql/instrument_monitors/miri_monitors/data_trending/utils/csv_to_AstropyTable.py not successfully processed
2025-11-19 10:11:08,027 - Knowledge - WARNING - File /app/data/T0015/271517/b4715fp/spacetelescope/jwql/instrument_monitors/miri_monitors/data_trending/plots/bias_tab.py not successfully processed
2025-11-19 10:11:08,144 - Knowledge - ERROR - Timeout processing /app/data/T0015/271517/b4715fp/spacetelescope/jwql/jwql_monitors/monitor_cron_jobs.py after 90s
2025-11-19 10:11:08,429 - Knowledge - INFO - done ingest for /app/data/T0015/271517/b4715fp/spacetelescope/jwql/website/apps/jwql/bokeh_containers.py
2025-11-19 10:11:08,438 - Knowledge - INFO - [LLM_CALL] Completed: monitor_readnoise_bokeh.py:chunk1, Duration: 58804ms, PromptTokens: 3892, CompletionTokens: 557, Cost: $0.00061
2025-11-19 10:11:08,597 - Knowledge - WARNING - File /app/data/T0015/271517/b4715fp/spacetelescope/jwql/instrument_monitors/miri_monitors/data_trending/utils/sql_interface.py not successfully processed
2025-11-19 10:11:08,722 - Knowledge - WARNING - File /app/data/T0015/271517/b4715fp/spacetelescope/jwql/instrument_monitors/miri_monitors/data_trending/plots/power_tab.py not successfully processed
2025-11-19 10:11:08,948 - Knowledge - WARNING - File /app/data/T0015/271517/b4715fp/spacetelescope/CHANGES.rst not successfully processed
2025-11-19 10:11:09,531 - Knowledge - INFO - done ingest for /app/data/T0015/271517/b4715fp/spacetelescope/jwql/website/apps/jwql/monitor_pages/monitor_readnoise_bokeh.py
2025-11-19 10:11:09,545 - Knowledge - WARNING - File /app/data/T0015/271517/b4715fp/spacetelescope/jwql/instrument_monitors/pipeline_tools.py not successfully processed
2025-11-19 10:11:09,576 - Knowledge - WARNING - File /app/data/T0015/271517/b4715fp/spacetelescope/jwql/instrument_monitors/miri_monitors/data_trending/utils/process_data.py not successfully processed
2025-11-19 10:11:09,723 - Knowledge - WARNING - File /app/data/T0015/271517/b4715fp/spacetelescope/jwql/instrument_monitors/miri_monitors/data_trending/plots/plot_functions.py not successfully processed
2025-11-19 10:11:10,339 - Knowledge - INFO - Processing batch of 2 files
2025-11-19 10:11:10,504 - Knowledge - ERROR - Timeout processing /app/data/T0015/271517/b4715fp/spacetelescope/jwql/instrument_monitors/nirspec_monitors/data_trending/15min_to_db.py after 90s
2025-11-19 10:11:10,542 - Knowledge - INFO - Processing batch of 2 files
2025-11-19 10:11:10,645 - Knowledge - INFO - process ingested knowledge for /app/data/T0015/271517/b4715fp/spacetelescope/jwql/instrument_monitors/nirspec_monitors/data_trending/wheel_to_db.py
2025-11-19 10:11:10,841 - Knowledge - WARNING - File /app/data/T0015/271517/b4715fp/spacetelescope/jwql/jwql_monitors/generate_preview_images.py not successfully processed
2025-11-19 10:11:10,906 - Knowledge - WARNING - File /app/data/T0015/271517/b4715fp/spacetelescope/jwql/website/jwql_proj/settings.py not successfully processed
2025-11-19 10:11:10,906 - Knowledge - ERROR - Timeout processing /app/data/T0015/271517/b4715fp/spacetelescope/jwql/instrument_monitors/nirspec_monitors/data_trending/plots/wheel_tab.py after 90s
2025-11-19 10:11:10,987 - Knowledge - INFO - process ingested knowledge for /app/data/T0015/271517/b4715fp/spacetelescope/jwql/instrument_monitors/common_monitors/bad_pixel_file_thresholds.txt
2025-11-19 10:11:11,134 - Knowledge - INFO - process ingested knowledge for /app/data/T0015/271517/b4715fp/spacetelescope/jwql/instrument_monitors/nirspec_monitors/data_trending/dashboard.py
2025-11-19 10:11:11,317 - Knowledge - INFO - Processing batch of 2 files
2025-11-19 10:11:11,420 - Knowledge - WARNING - File /app/data/T0015/271517/b4715fp/spacetelescope/jwql/jwql_monitors/monitor_cron_jobs.py not successfully processed
2025-11-19 10:11:11,424 - Knowledge - ERROR - Timeout processing /app/data/T0015/271517/b4715fp/spacetelescope/jwql/instrument_monitors/nirspec_monitors/data_trending/plots/power_tab.py after 90s
2025-11-19 10:11:12,054 - Knowledge - INFO - process ingested knowledge for /app/data/T0015/271517/b4715fp/spacetelescope/jwql/instrument_monitors/miri_monitors/data_trending/dashboard.py
2025-11-19 10:11:12,056 - Knowledge - INFO - process ingested knowledge for /app/data/T0015/271517/b4715fp/spacetelescope/jwql/instrument_monitors/common_monitors/dark_monitor_file_thresholds.txt
2025-11-19 10:11:12,679 - Knowledge - ERROR - Timeout processing /app/data/T0015/271517/b4715fp/spacetelescope/jwql/instrument_monitors/nirspec_monitors/data_trending/plots/plot_functions.py after 90s
2025-11-19 10:11:14,062 - Knowledge - INFO - [LLM_CALL] Completed: forms.py:chunk1, Duration: 77408ms, PromptTokens: 11152, CompletionTokens: 912, Cost: $0.00148
2025-11-19 10:11:14,137 - Knowledge - INFO - process ingested knowledge for /app/data/T0015/271517/b4715fp/spacetelescope/jwql/website/manage.py
2025-11-19 10:11:14,255 - Knowledge - INFO - done ingest for /app/data/T0015/271517/b4715fp/spacetelescope/jwql/website/apps/jwql/forms.py
2025-11-19 10:11:14,320 - Knowledge - INFO - [WEBSOCKET] Sent: Type=progress_update, Size: 292, Duration: 0ms
2025-11-19 10:11:14,668 - Knowledge - INFO - [WEBSOCKET] Sent: Type=unknown, Size: ?, Duration: 348ms
2025-11-19 10:11:14,879 - Knowledge - INFO - Progress: 70.0% | Files: 169/237 | Rate: 1.14 files/sec | Queue: 0
2025-11-19 10:11:14,887 - Knowledge - INFO - [LLM_CALL] Completed: views.py:chunk1, Duration: 42705ms, PromptTokens: 11416, CompletionTokens: 1318, Cost: $0.00167
2025-11-19 10:11:15,196 - Knowledge - INFO - done ingest for /app/data/T0015/271517/b4715fp/spacetelescope/jwql/website/apps/jwql/views.py
2025-11-19 10:11:15,221 - Knowledge - INFO - Processing batch of 12 files
2025-11-19 10:11:15,226 - Knowledge - WARNING - File /app/data/T0015/271517/b4715fp/spacetelescope/jwql/instrument_monitors/nirspec_monitors/data_trending/15min_to_db.py not successfully processed
2025-11-19 10:11:15,231 - Knowledge - INFO - Processing batch of 10 files
2025-11-19 10:11:15,562 - Knowledge - INFO - process ingested knowledge for /app/data/T0015/271517/b4715fp/spacetelescope/environment_python_3_9.yml
2025-11-19 10:11:15,903 - Knowledge - INFO - process ingested knowledge for /app/data/T0015/271517/b4715fp/spacetelescope/jwql/website/apps/jwql/urls.py
2025-11-19 10:11:15,995 - Knowledge - INFO - [LLM_CALL] Completed: api_views.py:chunk1, Duration: 63629ms, PromptTokens: 4846, CompletionTokens: 732, Cost: $0.00078
2025-11-19 10:11:16,016 - Knowledge - INFO - process ingested knowledge for /app/data/T0015/271517/b4715fp/spacetelescope/setup.py
2025-11-19 10:11:16,122 - Knowledge - INFO - process ingested knowledge for /app/data/T0015/271517/b4715fp/spacetelescope/jwql/website/apps/jwql/db.py
2025-11-19 10:11:16,189 - Knowledge - INFO - done ingest for /app/data/T0015/271517/b4715fp/spacetelescope/jwql/website/apps/jwql/api_views.py
2025-11-19 10:11:16,212 - Knowledge - WARNING - File /app/data/T0015/271517/b4715fp/spacetelescope/jwql/instrument_monitors/nirspec_monitors/data_trending/plots/wheel_tab.py not successfully processed
2025-11-19 10:11:16,286 - Knowledge - INFO - process ingested knowledge for /app/data/T0015/271517/b4715fp/spacetelescope/notebooks/keywords_in_multiple_headers.ipynb
2025-11-19 10:11:16,375 - Knowledge - INFO - process ingested knowledge for /app/data/T0015/271517/b4715fp/spacetelescope/jwql/website/apps/jwql/tests/test_context_processors.py
2025-11-19 10:11:16,478 - Knowledge - ERROR - Timeout processing /app/data/T0015/271517/b4715fp/spacetelescope/jwql/website/apps/jwql/data_containers.py after 90s
2025-11-19 10:11:16,562 - Knowledge - WARNING - File /app/data/T0015/271517/b4715fp/spacetelescope/jwql/instrument_monitors/nirspec_monitors/data_trending/plots/power_tab.py not successfully processed
2025-11-19 10:11:16,633 - Knowledge - INFO - process ingested knowledge for /app/data/T0015/271517/b4715fp/spacetelescope/notebooks/database_anomoly_table.ipynb
2025-11-19 10:11:16,757 - Knowledge - INFO - process ingested knowledge for /app/data/T0015/271517/b4715fp/spacetelescope/jwql/website/apps/jwql/models.py
2025-11-19 10:11:16,903 - Knowledge - WARNING - File /app/data/T0015/271517/b4715fp/spacetelescope/jwql/website/apps/jwql/data_containers.py not successfully processed
2025-11-19 10:11:16,920 - Knowledge - WARNING - File /app/data/T0015/271517/b4715fp/spacetelescope/jwql/instrument_monitors/nirspec_monitors/data_trending/plots/plot_functions.py not successfully processed
2025-11-19 10:11:17,011 - Knowledge - INFO - process ingested knowledge for /app/data/T0015/271517/b4715fp/spacetelescope/notebooks/integrating_auth_mast_service.ipynb
2025-11-19 10:11:17,101 - Knowledge - INFO - process ingested knowledge for /app/data/T0015/271517/b4715fp/spacetelescope/jwql/website/apps/jwql/apps.py
2025-11-19 10:11:17,260 - Knowledge - INFO - Processing batch of 9 files
2025-11-19 10:11:17,293 - Knowledge - INFO - Processing batch of 8 files
2025-11-19 10:11:17,377 - Knowledge - INFO - process ingested knowledge for /app/data/T0015/271517/b4715fp/spacetelescope/notebooks/edb_mnemonic_query.ipynb
2025-11-19 10:11:17,482 - Knowledge - INFO - process ingested knowledge for /app/data/T0015/271517/b4715fp/spacetelescope/jwql/website/apps/jwql/bokeh_dashboard.py
2025-11-19 10:11:17,559 - Knowledge - INFO - process ingested knowledge for /app/data/T0015/271517/b4715fp/spacetelescope/jwql/website/apps/jwql/static/js/jquery-3.3.1.min.js
2025-11-19 10:11:17,691 - Knowledge - INFO - process ingested knowledge for /app/data/T0015/271517/b4715fp/spacetelescope/jwql/tests/test_utils.py
2025-11-19 10:11:17,827 - Knowledge - INFO - process ingested knowledge for /app/data/T0015/271517/b4715fp/spacetelescope/notebooks/test_mast_api.ipynb
2025-11-19 10:11:17,893 - Knowledge - INFO - process ingested knowledge for /app/data/T0015/271517/b4715fp/spacetelescope/jwql/website/apps/jwql/monitor_pages/dark_monitor.py
2025-11-19 10:11:18,050 - Knowledge - INFO - process ingested knowledge for /app/data/T0015/271517/b4715fp/spacetelescope/jwql/website/apps/jwql/static/js/bootstrap.bundle.min.js
2025-11-19 10:11:18,123 - Knowledge - INFO - process ingested knowledge for /app/data/T0015/271517/b4715fp/spacetelescope/jwql/tests/test_readnoise_monitor.py
2025-11-19 10:11:18,245 - Knowledge - INFO - process ingested knowledge for /app/data/T0015/271517/b4715fp/spacetelescope/requirements.txt
2025-11-19 10:11:18,364 - Knowledge - INFO - process ingested knowledge for /app/data/T0015/271517/b4715fp/spacetelescope/jwql/website/apps/jwql/monitor_pages/monitor_readnoise_bokeh.py
2025-11-19 10:11:18,433 - Knowledge - INFO - process ingested knowledge for /app/data/T0015/271517/b4715fp/spacetelescope/jwql/website/apps/jwql/static/js/popper.min.js
2025-11-19 10:11:18,512 - Knowledge - INFO - process ingested knowledge for /app/data/T0015/271517/b4715fp/spacetelescope/jwql/tests/test_plotting.py
2025-11-19 10:11:18,627 - Knowledge - INFO - process ingested knowledge for /app/data/T0015/271517/b4715fp/spacetelescope/jwql/jwql_monitors/create_initial_preview_and_thumbnail_listfiles.py
2025-11-19 10:11:18,726 - Knowledge - INFO - process ingested knowledge for /app/data/T0015/271517/b4715fp/spacetelescope/jwql/website/apps/jwql/monitor_pages/monitor_dark_bokeh.py
2025-11-19 10:11:18,842 - Knowledge - INFO - process ingested knowledge for /app/data/T0015/271517/b4715fp/spacetelescope/jwql/tests/test_setup.py
2025-11-19 10:11:18,943 - Knowledge - INFO - process ingested knowledge for /app/data/T0015/271517/b4715fp/spacetelescope/jwql/website/apps/jwql/monitor_views.py
2025-11-19 10:11:19,010 - Knowledge - INFO - process ingested knowledge for /app/data/T0015/271517/b4715fp/spacetelescope/jwql/jwql_monitors/monitor_mast.py
2025-11-19 10:11:19,092 - Knowledge - INFO - process ingested knowledge for /app/data/T0015/271517/b4715fp/spacetelescope/jwql/website/apps/jwql/monitor_pages/monitor_bad_pixel_bokeh.py
2025-11-19 10:11:19,170 - Knowledge - INFO - process ingested knowledge for /app/data/T0015/271517/b4715fp/spacetelescope/jwql/tests/test_dark_monitor.py
2025-11-19 10:11:19,256 - Knowledge - INFO - process ingested knowledge for /app/data/T0015/271517/b4715fp/spacetelescope/jwql/website/apps/jwql/forms.py
2025-11-19 10:11:19,354 - Knowledge - INFO - process ingested knowledge for /app/data/T0015/271517/b4715fp/spacetelescope/jwql/jwql_monitors/monitor_filesystem.py
2025-11-19 10:11:19,507 - Knowledge - INFO - process ingested knowledge for /app/data/T0015/271517/b4715fp/spacetelescope/jwql/instrument_monitors/nirspec_monitors/data_trending/day_to_db.py
2025-11-19 10:11:19,621 - Knowledge - INFO - process ingested knowledge for /app/data/T0015/271517/b4715fp/spacetelescope/jwql/website/apps/jwql/context_processors.py
2025-11-19 10:11:19,726 - Knowledge - INFO - process ingested knowledge for /app/data/T0015/271517/b4715fp/spacetelescope/jwql/jwql_monitors/generate_proposal_thumbnails.py
2025-11-19 10:11:19,805 - Knowledge - INFO - process ingested knowledge for /app/data/T0015/271517/b4715fp/spacetelescope/jwql/instrument_monitors/nirspec_monitors/data_trending/plots/msa_mce_tab.py
2025-11-19 10:11:19,897 - Knowledge - INFO - process ingested knowledge for /app/data/T0015/271517/b4715fp/spacetelescope/jwql/website/apps/jwql/api_views.py
2025-11-19 10:11:20,121 - Knowledge - INFO - process ingested knowledge for /app/data/T0015/271517/b4715fp/spacetelescope/jwql/instrument_monitors/nirspec_monitors/data_trending/plots/caa_tab.py
2025-11-19 10:11:20,255 - Knowledge - INFO - process ingested knowledge for /app/data/T0015/271517/b4715fp/spacetelescope/jwql/website/apps/jwql/bokeh_containers.py
2025-11-19 10:11:20,505 - Knowledge - INFO - process ingested knowledge for /app/data/T0015/271517/b4715fp/spacetelescope/jwql/website/apps/jwql/views.py
2025-11-19 10:11:20,776 - Knowledge - INFO - [WEBSOCKET] Sent: Type=progress_update, Size: 293, Duration: 0ms
2025-11-19 10:11:20,957 - Knowledge - INFO - [WEBSOCKET] Sent: Type=unknown, Size: ?, Duration: 181ms
2025-11-19 10:11:21,123 - Knowledge - INFO - Progress: 78.9% | Files: 187/237 | Rate: 1.21 files/sec | Queue: 0
2025-11-19 10:11:22,105 - Knowledge - INFO - Knowledge creation complete
2025-11-19 10:11:22,268 - Knowledge - INFO - ==================================================
2025-11-19 10:11:22,479 - Knowledge - INFO - KNOWLEDGE GRAPH GENERATION PERFORMANCE SUMMARY
2025-11-19 10:11:22,653 - Knowledge - INFO - ==================================================
2025-11-19 10:11:22,812 - Knowledge - INFO - Total processing time: 156.35 seconds (2.61 minutes)
2025-11-19 10:11:22,977 - Knowledge - INFO - Files processed: 0
2025-11-19 10:11:23,129 - Knowledge - INFO - Processing rate: 0.00 files/second
2025-11-19 10:11:23,327 - Knowledge - INFO - 
[TIME_BREAKDOWN]
2025-11-19 10:11:23,513 - Knowledge - INFO - File Reading: 0.00s (0.0%)
2025-11-19 10:11:23,713 - Knowledge - INFO - LLM Processing: 1971.15s (1260.7%)
2025-11-19 10:11:23,903 - Knowledge - INFO - MongoDB Operations: 0.00s (0.0%)
2025-11-19 10:11:24,048 - Knowledge - INFO - Redis Operations: 0.00s (0.0%)
2025-11-19 10:11:24,214 - Knowledge - INFO - WebSocket Communication: 5.81s (3.7%)
2025-11-19 10:11:24,438 - Knowledge - INFO - 
[LLM_STATS]
2025-11-19 10:11:24,605 - Knowledge - INFO - Total LLM calls: 42
2025-11-19 10:11:24,817 - Knowledge - INFO - Average LLM response time: 46932ms
2025-11-19 10:11:24,994 - Knowledge - INFO - Average prompt tokens: 6137.3
2025-11-19 10:11:25,182 - Knowledge - INFO - Average completion tokens: 400.5
2025-11-19 10:11:25,380 - Knowledge - INFO - Total prompt tokens: 257766
2025-11-19 10:11:25,576 - Knowledge - INFO - Total completion tokens: 16820
2025-11-19 10:11:25,763 - Knowledge - INFO - Total LLM cost: $0.0325
2025-11-19 10:11:25,958 - Knowledge - INFO - 
[DATABASE_STATS]
2025-11-19 10:11:26,139 - Knowledge - INFO - MongoDB operations: 0
2025-11-19 10:11:26,321 - Knowledge - INFO - Redis operations: 0
2025-11-19 10:11:26,523 - Knowledge - INFO - 
[COMMUNICATION_STATS]
2025-11-19 10:11:26,695 - Knowledge - INFO - WebSocket messages sent: 14
2025-11-19 10:11:26,877 - Knowledge - INFO - Average message size: 145.7 bytes
2025-11-19 10:11:27,089 - Knowledge - INFO - 
[WORKER_STATS]
2025-11-19 10:11:27,241 - Knowledge - INFO - 
[FILE_TYPE_STATS]
2025-11-19 10:11:27,402 - Knowledge - INFO - 
[SLOWEST_FILES]
2025-11-19 10:11:27,576 - Knowledge - INFO - ==================================================
2025-11-19 10:11:27,748 - Knowledge - INFO - ==================================================
2025-11-19 10:11:27,950 - Knowledge - INFO - KNOWLEDGE GRAPH GENERATION PERFORMANCE SUMMARY
2025-11-19 10:11:28,112 - Knowledge - INFO - ==================================================
2025-11-19 10:11:28,324 - Knowledge - INFO - Total processing time: 161.89 seconds (2.70 minutes)
2025-11-19 10:11:28,507 - Knowledge - INFO - Files processed: 187 of 237
2025-11-19 10:11:28,668 - Knowledge - INFO - Processing rate: 1.16 files/second
2025-11-19 10:11:28,840 - Knowledge - INFO - WebSocket messages sent: 7
2025-11-19 10:11:29,022 - Knowledge - INFO - MongoDB operations: 187
2025-11-19 10:11:29,225 - Knowledge - INFO - Average MongoDB ops per file: 1.00
2025-11-19 10:11:29,387 - Knowledge - INFO - LLM costs: $0.0325
2025-11-19 10:11:29,609 - Knowledge - INFO - Prompt tokens: 257766
2025-11-19 10:11:29,779 - Knowledge - INFO - Completion tokens: 16820
2025-11-19 10:11:29,992 - Knowledge - INFO - Updating org costs, total cost: 0.032504599999999995
2025-11-19 10:11:31,180 - Knowledge - INFO - [WEBSOCKET] Sent: Type=progress_update, Size: 269, Duration: 0ms
2025-11-19 10:11:31,446 - Knowledge - INFO - Saving knowledge to Redis...
2025-11-19 10:11:31,734 - Knowledge - INFO - Knowledge saved to Redis successfully
2025-11-19 11:41:41,092 - Knowledge - INFO - Created shared MongoDB connection pool
2025-11-19 11:41:41,434 - Knowledge - INFO - Starting Knowledge Graph processing with 20 threads
2025-11-19 11:41:41,596 - Knowledge - INFO - Initial configuration: chunk_size=65536, max_cache_size=500
2025-11-19 11:41:41,677 - Knowledge - INFO - Created shared MongoDB connection pool
2025-11-19 11:41:41,798 - Knowledge - INFO - Knowledge Graph concurrency configuration: workers=20, max_batch_size=25, max_concurrent_llm_calls=50
2025-11-19 11:41:41,968 - Knowledge - INFO - Starting Knowledge Graph processing with 20 threads
2025-11-19 11:41:42,111 - Knowledge - INFO - Initial configuration: chunk_size=65536, max_cache_size=500
2025-11-19 11:41:42,244 - Knowledge - INFO - Knowledge Graph concurrency configuration: workers=20, max_batch_size=25, max_concurrent_llm_calls=50
2025-11-19 11:41:42,286 - Knowledge - INFO - Created shared MongoDB connection pool
2025-11-19 11:41:42,459 - Knowledge - INFO - Created shared MongoDB connection pool
2025-11-19 11:41:42,459 - Knowledge - INFO - Created shared MongoDB connection pool
2025-11-19 11:41:42,619 - Knowledge - INFO - Starting Knowledge Graph processing with 20 threads
2025-11-19 11:41:42,729 - Knowledge - INFO - 🔍 _load_persisted_knowledge called - checking for Redis optimization
2025-11-19 11:41:42,766 - Knowledge - INFO - Starting Knowledge Graph processing with 20 threads
2025-11-19 11:41:42,786 - Knowledge - INFO - Starting Knowledge Graph processing with 20 threads
2025-11-19 11:41:42,827 - Knowledge - INFO - Initial configuration: chunk_size=65536, max_cache_size=500
2025-11-19 11:41:42,921 - Knowledge - WARNING - ❌ load_from_redis method not found - Redis support not attached
2025-11-19 11:41:42,927 - Knowledge - INFO - Initial configuration: chunk_size=65536, max_cache_size=500
2025-11-19 11:41:42,982 - Knowledge - INFO - Initial configuration: chunk_size=65536, max_cache_size=500
2025-11-19 11:41:42,987 - Knowledge - INFO - Knowledge Graph concurrency configuration: workers=20, max_batch_size=25, max_concurrent_llm_calls=50
2025-11-19 11:41:43,100 - Knowledge - INFO - Knowledge Graph concurrency configuration: workers=20, max_batch_size=25, max_concurrent_llm_calls=50
2025-11-19 11:41:43,110 - Knowledge - INFO - Created shared MongoDB connection pool
2025-11-19 11:41:43,153 - Knowledge - INFO - load persisted knowledge: begin
2025-11-19 11:41:43,264 - Knowledge - INFO - Knowledge Graph concurrency configuration: workers=20, max_batch_size=25, max_concurrent_llm_calls=50
2025-11-19 11:41:43,466 - Knowledge - INFO - Starting Knowledge Graph processing with 20 threads
2025-11-19 11:41:43,654 - Knowledge - INFO - Initial configuration: chunk_size=65536, max_cache_size=500
2025-11-19 11:41:43,826 - Knowledge - INFO - Knowledge Graph concurrency configuration: workers=20, max_batch_size=25, max_concurrent_llm_calls=50
2025-11-19 11:41:44,161 - Knowledge - INFO - 🔍 _load_persisted_knowledge called - checking for Redis optimization
2025-11-19 11:41:44,338 - Knowledge - WARNING - ❌ load_from_redis method not found - Redis support not attached
2025-11-19 11:41:44,521 - Knowledge - INFO - load persisted knowledge: begin
2025-11-19 11:41:45,651 - Knowledge - INFO - Persisted knowledge files in /app/data/T0015/271517/b4715fp/spacetelescope/.knowledge have been renamed to use .json
2025-11-19 11:41:45,653 - Knowledge - INFO - Persisted knowledge files in /app/data/T0015/271517/b4715fp/spacetelescope/.knowledge have been renamed to use .json
2025-11-19 11:41:45,834 - Knowledge - INFO - Found code-base-name: https://github.com/DarssiniRamesh/spacetelescope.git:main
2025-11-19 11:41:45,854 - Knowledge - INFO - Found code-base-name: https://github.com/DarssiniRamesh/spacetelescope.git:main
2025-11-19 11:41:46,012 - Knowledge - INFO - Found code_base: <app.utils.kg_build.knowledge.KnowledgeCodeBase object at 0x7f453869a8d0>
2025-11-19 11:41:46,047 - Knowledge - INFO - Found code_base: <app.utils.kg_build.knowledge.KnowledgeCodeBase object at 0x7f30087a7e50>
2025-11-19 11:41:46,404 - Knowledge - INFO - Found code-base-name: https://github.com/DarssiniRamesh/spacetelescope.git:main
2025-11-19 11:41:46,413 - Knowledge - INFO - Found code-base-name: https://github.com/DarssiniRamesh/spacetelescope.git:main
2025-11-19 11:41:46,570 - Knowledge - INFO - Found code_base: <app.utils.kg_build.knowledge.KnowledgeCodeBase object at 0x7f30087a7e50>
2025-11-19 11:41:46,576 - Knowledge - INFO - Found code_base: <app.utils.kg_build.knowledge.KnowledgeCodeBase object at 0x7f453869a8d0>
2025-11-19 11:41:46,742 - Knowledge - INFO - persist ingested knowledge for /app/data/T0015/271517/b4715fp/spacetelescope/style_guide/example.py
2025-11-19 11:41:46,752 - Knowledge - INFO - persist ingested knowledge for /app/data/T0015/271517/b4715fp/spacetelescope/style_guide/example.py
2025-11-19 11:41:46,996 - Knowledge - INFO - [MONGODB_OP] Completed: persist, Collection: file_info, Duration: 92ms
2025-11-19 11:41:47,022 - Knowledge - INFO - [MONGODB_OP] Completed: persist, Collection: file_info, Duration: 88ms
2025-11-19 11:41:47,757 - Knowledge - INFO - [REDIS_OP] Completed: store_embedding, Key: style_guide/example.py, Duration: 608ms
2025-11-19 11:41:47,856 - Knowledge - INFO - [REDIS_OP] Completed: store_embedding, Key: style_guide/example.py, Duration: 603ms
2025-11-19 11:41:47,910 - Knowledge - INFO - persist search terms embedding for style_guide/example.py
2025-11-19 11:41:48,073 - Knowledge - INFO - persist search terms embedding for style_guide/example.py
2025-11-19 11:41:48,117 - Knowledge - INFO - process ingested knowledge for /app/data/T0015/271517/b4715fp/spacetelescope/style_guide/example.py
2025-11-19 11:41:48,226 - Knowledge - INFO - process ingested knowledge for /app/data/T0015/271517/b4715fp/spacetelescope/style_guide/example.py
2025-11-19 11:41:48,279 - Knowledge - INFO - Found code-base-name: https://github.com/DarssiniRamesh/spacetelescope.git:main
2025-11-19 11:41:48,415 - Knowledge - INFO - Found code-base-name: https://github.com/DarssiniRamesh/spacetelescope.git:main
2025-11-19 11:41:48,430 - Knowledge - INFO - Found code_base: <app.utils.kg_build.knowledge.KnowledgeCodeBase object at 0x7f453869a8d0>
2025-11-19 11:41:48,611 - Knowledge - INFO - Found code_base: <app.utils.kg_build.knowledge.KnowledgeCodeBase object at 0x7f30087a7e50>
2025-11-19 11:41:48,737 - Knowledge - INFO - Found code-base-name: https://github.com/DarssiniRamesh/spacetelescope.git:main
2025-11-19 11:41:48,819 - Knowledge - INFO - Found code-base-name: https://github.com/DarssiniRamesh/spacetelescope.git:main
2025-11-19 11:41:48,884 - Knowledge - INFO - Found code_base: <app.utils.kg_build.knowledge.KnowledgeCodeBase object at 0x7f453869a8d0>
2025-11-19 11:41:48,963 - Knowledge - INFO - Found code_base: <app.utils.kg_build.knowledge.KnowledgeCodeBase object at 0x7f30087a7e50>
2025-11-19 11:41:49,064 - Knowledge - INFO - persist ingested knowledge for /app/data/T0015/271517/b4715fp/spacetelescope/jwql/bokeh_templating/example/main.py
2025-11-19 11:41:49,135 - Knowledge - INFO - persist ingested knowledge for /app/data/T0015/271517/b4715fp/spacetelescope/jwql/bokeh_templating/example/main.py
2025-11-19 11:41:49,299 - Knowledge - INFO - [MONGODB_OP] Completed: persist, Collection: file_info, Duration: 92ms
2025-11-19 11:41:49,362 - Knowledge - INFO - [MONGODB_OP] Completed: persist, Collection: file_info, Duration: 91ms
2025-11-19 11:41:49,719 - Knowledge - INFO - [REDIS_OP] Completed: store_embedding, Key: jwql/bokeh_templating/example/main.py, Duration: 213ms
2025-11-19 11:41:49,885 - Knowledge - INFO - persist search terms embedding for jwql/bokeh_templating/example/main.py
2025-11-19 11:41:50,070 - Knowledge - INFO - [REDIS_OP] Completed: store_embedding, Key: jwql/bokeh_templating/example/main.py, Duration: 510ms
2025-11-19 11:41:50,074 - Knowledge - INFO - process ingested knowledge for /app/data/T0015/271517/b4715fp/spacetelescope/jwql/bokeh_templating/example/main.py
2025-11-19 11:41:50,263 - Knowledge - INFO - persist search terms embedding for jwql/bokeh_templating/example/main.py
2025-11-19 11:41:50,274 - Knowledge - INFO - Found code-base-name: https://github.com/DarssiniRamesh/spacetelescope.git:main
2025-11-19 11:41:50,459 - Knowledge - INFO - Found code_base: <app.utils.kg_build.knowledge.KnowledgeCodeBase object at 0x7f453869a8d0>
2025-11-19 11:41:50,474 - Knowledge - INFO - process ingested knowledge for /app/data/T0015/271517/b4715fp/spacetelescope/jwql/bokeh_templating/example/main.py
2025-11-19 11:41:50,667 - Knowledge - INFO - Found code-base-name: https://github.com/DarssiniRamesh/spacetelescope.git:main
2025-11-19 11:41:50,824 - Knowledge - INFO - Found code-base-name: https://github.com/DarssiniRamesh/spacetelescope.git:main
2025-11-19 11:41:50,877 - Knowledge - INFO - Found code_base: <app.utils.kg_build.knowledge.KnowledgeCodeBase object at 0x7f30087a7e50>
2025-11-19 11:41:50,985 - Knowledge - INFO - Found code_base: <app.utils.kg_build.knowledge.KnowledgeCodeBase object at 0x7f453869a8d0>
2025-11-19 11:41:51,151 - Knowledge - INFO - Found code-base-name: https://github.com/DarssiniRamesh/spacetelescope.git:main
2025-11-19 11:41:51,189 - Knowledge - INFO - persist ingested knowledge for /app/data/T0015/271517/b4715fp/spacetelescope/jwql/database/monitor_table_definitions/nircam/nircam_bad_pixel_stats.txt
2025-11-19 11:41:51,342 - Knowledge - INFO - Found code_base: <app.utils.kg_build.knowledge.KnowledgeCodeBase object at 0x7f30087a7e50>
2025-11-19 11:41:51,477 - Knowledge - INFO - [MONGODB_OP] Completed: persist, Collection: file_info, Duration: 96ms
2025-11-19 11:41:51,557 - Knowledge - INFO - persist ingested knowledge for /app/data/T0015/271517/b4715fp/spacetelescope/jwql/database/monitor_table_definitions/nircam/nircam_bad_pixel_stats.txt
2025-11-19 11:41:51,888 - Knowledge - INFO - [MONGODB_OP] Completed: persist, Collection: file_info, Duration: 125ms
2025-11-19 11:41:51,891 - Knowledge - INFO - [REDIS_OP] Completed: store_embedding, Key: jwql/database/monitor_table_definitions/nircam/nircam_bad_pixel_stats.txt, Duration: 225ms
2025-11-19 11:41:52,059 - Knowledge - INFO - persist search terms embedding for jwql/database/monitor_table_definitions/nircam/nircam_bad_pixel_stats.txt
2025-11-19 11:41:52,228 - Knowledge - INFO - process ingested knowledge for /app/data/T0015/271517/b4715fp/spacetelescope/jwql/database/monitor_table_definitions/nircam/nircam_bad_pixel_stats.txt
2025-11-19 11:41:52,310 - Knowledge - INFO - [REDIS_OP] Completed: store_embedding, Key: jwql/database/monitor_table_definitions/nircam/nircam_bad_pixel_stats.txt, Duration: 232ms
2025-11-19 11:41:52,417 - Knowledge - INFO - Found code-base-name: https://github.com/DarssiniRamesh/spacetelescope.git:main
2025-11-19 11:41:52,489 - Knowledge - INFO - persist search terms embedding for jwql/database/monitor_table_definitions/nircam/nircam_bad_pixel_stats.txt
2025-11-19 11:41:52,607 - Knowledge - INFO - Found code_base: <app.utils.kg_build.knowledge.KnowledgeCodeBase object at 0x7f453869a8d0>
2025-11-19 11:41:52,639 - Knowledge - INFO - process ingested knowledge for /app/data/T0015/271517/b4715fp/spacetelescope/jwql/database/monitor_table_definitions/nircam/nircam_bad_pixel_stats.txt
2025-11-19 11:41:52,804 - Knowledge - INFO - Found code-base-name: https://github.com/DarssiniRamesh/spacetelescope.git:main
2025-11-19 11:41:52,875 - Knowledge - INFO - Found code-base-name: https://github.com/DarssiniRamesh/spacetelescope.git:main
2025-11-19 11:41:52,969 - Knowledge - INFO - Found code_base: <app.utils.kg_build.knowledge.KnowledgeCodeBase object at 0x7f30087a7e50>
2025-11-19 11:41:53,070 - Knowledge - INFO - Found code_base: <app.utils.kg_build.knowledge.KnowledgeCodeBase object at 0x7f453869a8d0>
2025-11-19 11:41:53,235 - Knowledge - INFO - Found code-base-name: https://github.com/DarssiniRamesh/spacetelescope.git:main
2025-11-19 11:41:53,236 - Knowledge - INFO - persist ingested knowledge for /app/data/T0015/271517/b4715fp/spacetelescope/jwql/tests/test_edb.py
2025-11-19 11:41:53,399 - Knowledge - INFO - Found code_base: <app.utils.kg_build.knowledge.KnowledgeCodeBase object at 0x7f30087a7e50>
2025-11-19 11:41:53,506 - Knowledge - INFO - [MONGODB_OP] Completed: persist, Collection: file_info, Duration: 104ms
2025-11-19 11:41:53,569 - Knowledge - INFO - persist ingested knowledge for /app/data/T0015/271517/b4715fp/spacetelescope/jwql/tests/test_edb.py
2025-11-19 11:41:53,826 - Knowledge - INFO - [MONGODB_OP] Completed: persist, Collection: file_info, Duration: 88ms
2025-11-19 11:41:53,923 - Knowledge - INFO - [REDIS_OP] Completed: store_embedding, Key: jwql/tests/test_edb.py, Duration: 202ms
2025-11-19 11:41:54,072 - Knowledge - INFO - persist search terms embedding for jwql/tests/test_edb.py
2025-11-19 11:41:54,260 - Knowledge - INFO - process ingested knowledge for /app/data/T0015/271517/b4715fp/spacetelescope/jwql/tests/test_edb.py
2025-11-19 11:41:54,323 - Knowledge - INFO - [REDIS_OP] Completed: store_embedding, Key: jwql/tests/test_edb.py, Duration: 290ms
2025-11-19 11:41:54,497 - Knowledge - INFO - Found code-base-name: https://github.com/DarssiniRamesh/spacetelescope.git:main
2025-11-19 11:41:54,516 - Knowledge - INFO - persist search terms embedding for jwql/tests/test_edb.py
2025-11-19 11:41:54,680 - Knowledge - INFO - process ingested knowledge for /app/data/T0015/271517/b4715fp/spacetelescope/jwql/tests/test_edb.py
2025-11-19 11:41:54,718 - Knowledge - INFO - Found code_base: <app.utils.kg_build.knowledge.KnowledgeCodeBase object at 0x7f453869a8d0>
2025-11-19 11:41:54,845 - Knowledge - INFO - Found code-base-name: https://github.com/DarssiniRamesh/spacetelescope.git:main
2025-11-19 11:41:54,933 - Knowledge - INFO - Found code-base-name: https://github.com/DarssiniRamesh/spacetelescope.git:main
2025-11-19 11:41:55,044 - Knowledge - INFO - Found code_base: <app.utils.kg_build.knowledge.KnowledgeCodeBase object at 0x7f30087a7e50>
2025-11-19 11:41:55,086 - Knowledge - INFO - Found code_base: <app.utils.kg_build.knowledge.KnowledgeCodeBase object at 0x7f453869a8d0>
2025-11-19 11:41:55,248 - Knowledge - INFO - Found code-base-name: https://github.com/DarssiniRamesh/spacetelescope.git:main
2025-11-19 11:41:55,284 - Knowledge - INFO - persist ingested knowledge for /app/data/T0015/271517/b4715fp/spacetelescope/jwql/database/monitor_table_definitions/miri/miri_dark_query_history.txt
2025-11-19 11:41:55,427 - Knowledge - INFO - Found code_base: <app.utils.kg_build.knowledge.KnowledgeCodeBase object at 0x7f30087a7e50>
2025-11-19 11:41:55,525 - Knowledge - INFO - [MONGODB_OP] Completed: persist, Collection: file_info, Duration: 91ms
2025-11-19 11:41:55,638 - Knowledge - INFO - persist ingested knowledge for /app/data/T0015/271517/b4715fp/spacetelescope/jwql/database/monitor_table_definitions/miri/miri_dark_query_history.txt
2025-11-19 11:41:55,933 - Knowledge - INFO - [MONGODB_OP] Completed: persist, Collection: file_info, Duration: 104ms
2025-11-19 11:41:55,949 - Knowledge - INFO - [REDIS_OP] Completed: store_embedding, Key: jwql/database/monitor_table_definitions/miri/miri_dark_query_history.txt, Duration: 265ms
2025-11-19 11:41:56,145 - Knowledge - INFO - persist search terms embedding for jwql/database/monitor_table_definitions/miri/miri_dark_query_history.txt
2025-11-19 11:41:56,327 - Knowledge - INFO - process ingested knowledge for /app/data/T0015/271517/b4715fp/spacetelescope/jwql/database/monitor_table_definitions/miri/miri_dark_query_history.txt
2025-11-19 11:41:56,479 - Knowledge - INFO - Found code-base-name: https://github.com/DarssiniRamesh/spacetelescope.git:main
2025-11-19 11:41:56,677 - Knowledge - INFO - Found code_base: <app.utils.kg_build.knowledge.KnowledgeCodeBase object at 0x7f453869a8d0>
2025-11-19 11:41:56,958 - Knowledge - INFO - Found code-base-name: https://github.com/DarssiniRamesh/spacetelescope.git:main
2025-11-19 11:41:57,130 - Knowledge - INFO - Found code_base: <app.utils.kg_build.knowledge.KnowledgeCodeBase object at 0x7f453869a8d0>
2025-11-19 11:41:57,141 - Knowledge - INFO - [REDIS_OP] Completed: store_embedding, Key: jwql/database/monitor_table_definitions/miri/miri_dark_query_history.txt, Duration: 1001ms
2025-11-19 11:41:57,284 - Knowledge - INFO - persist ingested knowledge for /app/data/T0015/271517/b4715fp/spacetelescope/jwql/database/monitor_table_definitions/miri/miri_readnoise_stats.txt
2025-11-19 11:41:57,321 - Knowledge - INFO - persist search terms embedding for jwql/database/monitor_table_definitions/miri/miri_dark_query_history.txt
2025-11-19 11:41:57,507 - Knowledge - INFO - process ingested knowledge for /app/data/T0015/271517/b4715fp/spacetelescope/jwql/database/monitor_table_definitions/miri/miri_dark_query_history.txt
2025-11-19 11:41:57,578 - Knowledge - INFO - [MONGODB_OP] Completed: persist, Collection: file_info, Duration: 95ms
2025-11-19 11:41:57,669 - Knowledge - INFO - Found code-base-name: https://github.com/DarssiniRamesh/spacetelescope.git:main
2025-11-19 11:41:57,850 - Knowledge - INFO - Found code_base: <app.utils.kg_build.knowledge.KnowledgeCodeBase object at 0x7f30087a7e50>
2025-11-19 11:41:58,037 - Knowledge - INFO - [REDIS_OP] Completed: store_embedding, Key: jwql/database/monitor_table_definitions/miri/miri_readnoise_stats.txt, Duration: 296ms
2025-11-19 11:41:58,148 - Knowledge - INFO - Found code-base-name: https://github.com/DarssiniRamesh/spacetelescope.git:main
2025-11-19 11:41:58,201 - Knowledge - INFO - persist search terms embedding for jwql/database/monitor_table_definitions/miri/miri_readnoise_stats.txt
2025-11-19 11:41:58,333 - Knowledge - INFO - Found code_base: <app.utils.kg_build.knowledge.KnowledgeCodeBase object at 0x7f30087a7e50>
2025-11-19 11:41:58,377 - Knowledge - INFO - process ingested knowledge for /app/data/T0015/271517/b4715fp/spacetelescope/jwql/database/monitor_table_definitions/miri/miri_readnoise_stats.txt
2025-11-19 11:41:58,536 - Knowledge - INFO - persist ingested knowledge for /app/data/T0015/271517/b4715fp/spacetelescope/jwql/database/monitor_table_definitions/miri/miri_readnoise_stats.txt
2025-11-19 11:41:58,560 - Knowledge - INFO - Found code-base-name: https://github.com/DarssiniRamesh/spacetelescope.git:main
2025-11-19 11:41:58,791 - Knowledge - INFO - Found code_base: <app.utils.kg_build.knowledge.KnowledgeCodeBase object at 0x7f453869a8d0>
2025-11-19 11:41:58,835 - Knowledge - INFO - [MONGODB_OP] Completed: persist, Collection: file_info, Duration: 107ms
2025-11-19 11:41:59,075 - Knowledge - INFO - Found code-base-name: https://github.com/DarssiniRamesh/spacetelescope.git:main
2025-11-19 11:41:59,232 - Knowledge - INFO - [REDIS_OP] Completed: store_embedding, Key: jwql/database/monitor_table_definitions/miri/miri_readnoise_stats.txt, Duration: 247ms
2025-11-19 11:41:59,247 - Knowledge - INFO - Found code_base: <app.utils.kg_build.knowledge.KnowledgeCodeBase object at 0x7f453869a8d0>
2025-11-19 11:41:59,442 - Knowledge - INFO - persist search terms embedding for jwql/database/monitor_table_definitions/miri/miri_readnoise_stats.txt
2025-11-19 11:41:59,456 - Knowledge - INFO - persist ingested knowledge for /app/data/T0015/271517/b4715fp/spacetelescope/docs/source/utils.rst
2025-11-19 11:41:59,623 - Knowledge - INFO - process ingested knowledge for /app/data/T0015/271517/b4715fp/spacetelescope/jwql/database/monitor_table_definitions/miri/miri_readnoise_stats.txt
2025-11-19 11:41:59,717 - Knowledge - INFO - [MONGODB_OP] Completed: persist, Collection: file_info, Duration: 95ms
2025-11-19 11:41:59,798 - Knowledge - INFO - Found code-base-name: https://github.com/DarssiniRamesh/spacetelescope.git:main
2025-11-19 11:41:59,954 - Knowledge - INFO - Found code_base: <app.utils.kg_build.knowledge.KnowledgeCodeBase object at 0x7f30087a7e50>
2025-11-19 11:42:00,182 - Knowledge - INFO - Found code-base-name: https://github.com/DarssiniRamesh/spacetelescope.git:main
2025-11-19 11:42:00,258 - Knowledge - INFO - [REDIS_OP] Completed: store_embedding, Key: docs/source/utils.rst, Duration: 365ms
2025-11-19 11:42:00,379 - Knowledge - INFO - Found code_base: <app.utils.kg_build.knowledge.KnowledgeCodeBase object at 0x7f30087a7e50>
2025-11-19 11:42:00,408 - Knowledge - INFO - persist search terms embedding for docs/source/utils.rst
2025-11-19 11:42:00,554 - Knowledge - INFO - persist ingested knowledge for /app/data/T0015/271517/b4715fp/spacetelescope/docs/source/utils.rst
2025-11-19 11:42:00,577 - Knowledge - INFO - process ingested knowledge for /app/data/T0015/271517/b4715fp/spacetelescope/docs/source/utils.rst
2025-11-19 11:42:00,761 - Knowledge - INFO - Found code-base-name: https://github.com/DarssiniRamesh/spacetelescope.git:main
2025-11-19 11:42:00,835 - Knowledge - INFO - [MONGODB_OP] Completed: persist, Collection: file_info, Duration: 128ms
2025-11-19 11:42:00,980 - Knowledge - INFO - Found code_base: <app.utils.kg_build.knowledge.KnowledgeCodeBase object at 0x7f453869a8d0>
2025-11-19 11:42:01,248 - Knowledge - INFO - [REDIS_OP] Completed: store_embedding, Key: docs/source/utils.rst, Duration: 246ms
2025-11-19 11:42:01,269 - Knowledge - INFO - Found code-base-name: https://github.com/DarssiniRamesh/spacetelescope.git:main
2025-11-19 11:42:01,420 - Knowledge - INFO - Found code_base: <app.utils.kg_build.knowledge.KnowledgeCodeBase object at 0x7f453869a8d0>
2025-11-19 11:42:01,424 - Knowledge - INFO - persist search terms embedding for docs/source/utils.rst
2025-11-19 11:42:01,598 - Knowledge - INFO - process ingested knowledge for /app/data/T0015/271517/b4715fp/spacetelescope/docs/source/utils.rst
2025-11-19 11:42:01,619 - Knowledge - INFO - persist ingested knowledge for /app/data/T0015/271517/b4715fp/spacetelescope/jwql/website/apps/jwql/monitor_pages/monitor_filesystem_bokeh.py
2025-11-19 11:42:01,758 - Knowledge - INFO - Found code-base-name: https://github.com/DarssiniRamesh/spacetelescope.git:main
2025-11-19 11:42:01,902 - Knowledge - INFO - [MONGODB_OP] Completed: persist, Collection: file_info, Duration: 94ms
2025-11-19 11:42:01,990 - Knowledge - INFO - Found code_base: <app.utils.kg_build.knowledge.KnowledgeCodeBase object at 0x7f30087a7e50>
2025-11-19 11:42:02,291 - Knowledge - INFO - Found code-base-name: https://github.com/DarssiniRamesh/spacetelescope.git:main
2025-11-19 11:42:02,299 - Knowledge - INFO - [REDIS_OP] Completed: store_embedding, Key: jwql/website/apps/jwql/monitor_pages/monitor_filesystem_bokeh.py, Duration: 236ms
2025-11-19 11:42:02,459 - Knowledge - INFO - Found code_base: <app.utils.kg_build.knowledge.KnowledgeCodeBase object at 0x7f30087a7e50>
2025-11-19 11:42:02,491 - Knowledge - INFO - persist search terms embedding for jwql/website/apps/jwql/monitor_pages/monitor_filesystem_bokeh.py
2025-11-19 11:42:02,651 - Knowledge - INFO - persist ingested knowledge for /app/data/T0015/271517/b4715fp/spacetelescope/jwql/website/apps/jwql/monitor_pages/monitor_filesystem_bokeh.py
2025-11-19 11:42:02,687 - Knowledge - INFO - process ingested knowledge for /app/data/T0015/271517/b4715fp/spacetelescope/jwql/website/apps/jwql/monitor_pages/monitor_filesystem_bokeh.py
2025-11-19 11:42:02,913 - Knowledge - INFO - Found code-base-name: https://github.com/DarssiniRamesh/spacetelescope.git:main
2025-11-19 11:42:02,946 - Knowledge - INFO - [MONGODB_OP] Completed: persist, Collection: file_info, Duration: 107ms
2025-11-19 11:42:03,066 - Knowledge - INFO - Found code_base: <app.utils.kg_build.knowledge.KnowledgeCodeBase object at 0x7f453869a8d0>
2025-11-19 11:42:03,363 - Knowledge - INFO - Found code-base-name: https://github.com/DarssiniRamesh/spacetelescope.git:main
2025-11-19 11:42:03,397 - Knowledge - INFO - [REDIS_OP] Completed: store_embedding, Key: jwql/website/apps/jwql/monitor_pages/monitor_filesystem_bokeh.py, Duration: 218ms
2025-11-19 11:42:03,518 - Knowledge - INFO - Found code_base: <app.utils.kg_build.knowledge.KnowledgeCodeBase object at 0x7f453869a8d0>
2025-11-19 11:42:03,539 - Knowledge - INFO - persist search terms embedding for jwql/website/apps/jwql/monitor_pages/monitor_filesystem_bokeh.py
2025-11-19 11:42:03,680 - Knowledge - INFO - process ingested knowledge for /app/data/T0015/271517/b4715fp/spacetelescope/jwql/website/apps/jwql/monitor_pages/monitor_filesystem_bokeh.py
2025-11-19 11:42:03,716 - Knowledge - INFO - persist ingested knowledge for /app/data/T0015/271517/b4715fp/spacetelescope/style_guide/logging_guide.md
2025-11-19 11:42:03,848 - Knowledge - INFO - Found code-base-name: https://github.com/DarssiniRamesh/spacetelescope.git:main
2025-11-19 11:42:03,965 - Knowledge - INFO - [MONGODB_OP] Completed: persist, Collection: file_info, Duration: 100ms
2025-11-19 11:42:03,996 - Knowledge - INFO - Found code_base: <app.utils.kg_build.knowledge.KnowledgeCodeBase object at 0x7f30087a7e50>
2025-11-19 11:42:04,265 - Knowledge - INFO - Found code-base-name: https://github.com/DarssiniRamesh/spacetelescope.git:main
2025-11-19 11:42:04,422 - Knowledge - INFO - Found code_base: <app.utils.kg_build.knowledge.KnowledgeCodeBase object at 0x7f30087a7e50>
2025-11-19 11:42:04,466 - Knowledge - INFO - [REDIS_OP] Completed: store_embedding, Key: style_guide/logging_guide.md, Duration: 306ms
2025-11-19 11:42:04,613 - Knowledge - INFO - persist ingested knowledge for /app/data/T0015/271517/b4715fp/spacetelescope/style_guide/logging_guide.md
2025-11-19 11:42:04,629 - Knowledge - INFO - persist search terms embedding for style_guide/logging_guide.md
2025-11-19 11:42:04,774 - Knowledge - INFO - process ingested knowledge for /app/data/T0015/271517/b4715fp/spacetelescope/style_guide/logging_guide.md
2025-11-19 11:42:04,860 - Knowledge - INFO - [MONGODB_OP] Completed: persist, Collection: file_info, Duration: 100ms
2025-11-19 11:42:04,920 - Knowledge - INFO - Found code-base-name: https://github.com/DarssiniRamesh/spacetelescope.git:main
2025-11-19 11:42:05,079 - Knowledge - INFO - Found code_base: <app.utils.kg_build.knowledge.KnowledgeCodeBase object at 0x7f453869a8d0>
2025-11-19 11:42:05,346 - Knowledge - INFO - Found code-base-name: https://github.com/DarssiniRamesh/spacetelescope.git:main
2025-11-19 11:42:05,358 - Knowledge - INFO - [REDIS_OP] Completed: store_embedding, Key: style_guide/logging_guide.md, Duration: 256ms
2025-11-19 11:42:05,512 - Knowledge - INFO - Found code_base: <app.utils.kg_build.knowledge.KnowledgeCodeBase object at 0x7f453869a8d0>
2025-11-19 11:42:05,553 - Knowledge - INFO - persist search terms embedding for style_guide/logging_guide.md
2025-11-19 11:42:05,712 - Knowledge - INFO - persist ingested knowledge for /app/data/T0015/271517/b4715fp/spacetelescope/environment_python_3_9.yml
2025-11-19 11:42:05,759 - Knowledge - INFO - process ingested knowledge for /app/data/T0015/271517/b4715fp/spacetelescope/style_guide/logging_guide.md
2025-11-19 11:42:05,973 - Knowledge - INFO - Found code-base-name: https://github.com/DarssiniRamesh/spacetelescope.git:main
2025-11-19 11:42:05,985 - Knowledge - INFO - [MONGODB_OP] Completed: persist, Collection: file_info, Duration: 102ms
2025-11-19 11:42:06,152 - Knowledge - INFO - Found code_base: <app.utils.kg_build.knowledge.KnowledgeCodeBase object at 0x7f30087a7e50>
2025-11-19 11:42:06,428 - Knowledge - INFO - Found code-base-name: https://github.com/DarssiniRamesh/spacetelescope.git:main
2025-11-19 11:42:06,541 - Knowledge - INFO - [REDIS_OP] Completed: store_embedding, Key: environment_python_3_9.yml, Duration: 359ms
2025-11-19 11:42:06,598 - Knowledge - INFO - Found code_base: <app.utils.kg_build.knowledge.KnowledgeCodeBase object at 0x7f30087a7e50>
2025-11-19 11:42:06,680 - Knowledge - INFO - persist search terms embedding for environment_python_3_9.yml
2025-11-19 11:42:06,730 - Knowledge - INFO - persist ingested knowledge for /app/data/T0015/271517/b4715fp/spacetelescope/environment_python_3_9.yml
2025-11-19 11:42:06,887 - Knowledge - INFO - process ingested knowledge for /app/data/T0015/271517/b4715fp/spacetelescope/environment_python_3_9.yml
2025-11-19 11:42:07,022 - Knowledge - INFO - [MONGODB_OP] Completed: persist, Collection: file_info, Duration: 129ms
2025-11-19 11:42:07,074 - Knowledge - INFO - Found code-base-name: https://github.com/DarssiniRamesh/spacetelescope.git:main
2025-11-19 11:42:07,241 - Knowledge - INFO - Found code_base: <app.utils.kg_build.knowledge.KnowledgeCodeBase object at 0x7f453869a8d0>
2025-11-19 11:42:07,462 - Knowledge - INFO - [REDIS_OP] Completed: store_embedding, Key: environment_python_3_9.yml, Duration: 241ms
2025-11-19 11:42:07,523 - Knowledge - INFO - Found code-base-name: https://github.com/DarssiniRamesh/spacetelescope.git:main
2025-11-19 11:42:07,653 - Knowledge - INFO - persist search terms embedding for environment_python_3_9.yml
2025-11-19 11:42:07,698 - Knowledge - INFO - Found code_base: <app.utils.kg_build.knowledge.KnowledgeCodeBase object at 0x7f453869a8d0>
2025-11-19 11:42:07,825 - Knowledge - INFO - process ingested knowledge for /app/data/T0015/271517/b4715fp/spacetelescope/environment_python_3_9.yml
2025-11-19 11:42:07,847 - Knowledge - INFO - persist ingested knowledge for /app/data/T0015/271517/b4715fp/spacetelescope/jwql/bokeh_templating/__init__.py
2025-11-19 11:42:07,987 - Knowledge - INFO - Found code-base-name: https://github.com/DarssiniRamesh/spacetelescope.git:main
2025-11-19 11:42:08,163 - Knowledge - INFO - [MONGODB_OP] Completed: persist, Collection: file_info, Duration: 104ms
2025-11-19 11:42:08,168 - Knowledge - INFO - Found code_base: <app.utils.kg_build.knowledge.KnowledgeCodeBase object at 0x7f30087a7e50>
2025-11-19 11:42:08,430 - Knowledge - INFO - Found code-base-name: https://github.com/DarssiniRamesh/spacetelescope.git:main
2025-11-19 11:42:08,530 - Knowledge - INFO - [REDIS_OP] Completed: store_embedding, Key: jwql/bokeh_templating/__init__.py, Duration: 227ms
2025-11-19 11:42:08,587 - Knowledge - INFO - Found code_base: <app.utils.kg_build.knowledge.KnowledgeCodeBase object at 0x7f30087a7e50>
2025-11-19 11:42:08,719 - Knowledge - INFO - persist search terms embedding for jwql/bokeh_templating/__init__.py
2025-11-19 11:42:08,762 - Knowledge - INFO - persist ingested knowledge for /app/data/T0015/271517/b4715fp/spacetelescope/jwql/bokeh_templating/__init__.py
2025-11-19 11:42:08,910 - Knowledge - INFO - process ingested knowledge for /app/data/T0015/271517/b4715fp/spacetelescope/jwql/bokeh_templating/__init__.py
2025-11-19 11:42:09,047 - Knowledge - INFO - [MONGODB_OP] Completed: persist, Collection: file_info, Duration: 106ms
2025-11-19 11:42:09,066 - Knowledge - INFO - Found code-base-name: https://github.com/DarssiniRamesh/spacetelescope.git:main
2025-11-19 11:42:09,240 - Knowledge - INFO - Found code_base: <app.utils.kg_build.knowledge.KnowledgeCodeBase object at 0x7f453869a8d0>
2025-11-19 11:42:09,494 - Knowledge - INFO - [REDIS_OP] Completed: store_embedding, Key: jwql/bokeh_templating/__init__.py, Duration: 253ms
2025-11-19 11:42:09,509 - Knowledge - INFO - Found code-base-name: https://github.com/DarssiniRamesh/spacetelescope.git:main
2025-11-19 11:42:09,664 - Knowledge - INFO - persist search terms embedding for jwql/bokeh_templating/__init__.py
2025-11-19 11:42:09,697 - Knowledge - INFO - Found code_base: <app.utils.kg_build.knowledge.KnowledgeCodeBase object at 0x7f453869a8d0>
2025-11-19 11:42:09,859 - Knowledge - INFO - persist ingested knowledge for /app/data/T0015/271517/b4715fp/spacetelescope/jwql/website/apps/jwql/monitor_pages/monitor_mast_bokeh.py
2025-11-19 11:42:09,890 - Knowledge - INFO - process ingested knowledge for /app/data/T0015/271517/b4715fp/spacetelescope/jwql/bokeh_templating/__init__.py
2025-11-19 11:42:10,058 - Knowledge - INFO - Found code-base-name: https://github.com/DarssiniRamesh/spacetelescope.git:main
2025-11-19 11:42:10,129 - Knowledge - INFO - [MONGODB_OP] Completed: persist, Collection: file_info, Duration: 104ms
2025-11-19 11:42:10,250 - Knowledge - INFO - Found code_base: <app.utils.kg_build.knowledge.KnowledgeCodeBase object at 0x7f30087a7e50>
2025-11-19 11:42:10,491 - Knowledge - INFO - Found code-base-name: https://github.com/DarssiniRamesh/spacetelescope.git:main
2025-11-19 11:42:10,546 - Knowledge - INFO - [REDIS_OP] Completed: store_embedding, Key: jwql/website/apps/jwql/monitor_pages/monitor_mast_bokeh.py, Duration: 229ms
2025-11-19 11:42:10,706 - Knowledge - INFO - Found code_base: <app.utils.kg_build.knowledge.KnowledgeCodeBase object at 0x7f30087a7e50>
2025-11-19 11:42:10,711 - Knowledge - INFO - persist search terms embedding for jwql/website/apps/jwql/monitor_pages/monitor_mast_bokeh.py
2025-11-19 11:42:10,862 - Knowledge - INFO - process ingested knowledge for /app/data/T0015/271517/b4715fp/spacetelescope/jwql/website/apps/jwql/monitor_pages/monitor_mast_bokeh.py
2025-11-19 11:42:10,888 - Knowledge - INFO - persist ingested knowledge for /app/data/T0015/271517/b4715fp/spacetelescope/jwql/website/apps/jwql/monitor_pages/monitor_mast_bokeh.py
2025-11-19 11:42:11,061 - Knowledge - INFO - Found code-base-name: https://github.com/DarssiniRamesh/spacetelescope.git:main
2025-11-19 11:42:11,216 - Knowledge - INFO - Found code_base: <app.utils.kg_build.knowledge.KnowledgeCodeBase object at 0x7f453869a8d0>
2025-11-19 11:42:11,227 - Knowledge - INFO - [MONGODB_OP] Completed: persist, Collection: file_info, Duration: 147ms
2025-11-19 11:42:11,507 - Knowledge - INFO - Found code-base-name: https://github.com/DarssiniRamesh/spacetelescope.git:main
2025-11-19 11:42:11,664 - Knowledge - INFO - Found code_base: <app.utils.kg_build.knowledge.KnowledgeCodeBase object at 0x7f453869a8d0>
2025-11-19 11:42:11,683 - Knowledge - INFO - [REDIS_OP] Completed: store_embedding, Key: jwql/website/apps/jwql/monitor_pages/monitor_mast_bokeh.py, Duration: 267ms
2025-11-19 11:42:11,836 - Knowledge - INFO - persist ingested knowledge for /app/data/T0015/271517/b4715fp/spacetelescope/notebooks/test_mast_api.ipynb
2025-11-19 11:42:11,880 - Knowledge - INFO - persist search terms embedding for jwql/website/apps/jwql/monitor_pages/monitor_mast_bokeh.py
2025-11-19 11:42:12,053 - Knowledge - INFO - process ingested knowledge for /app/data/T0015/271517/b4715fp/spacetelescope/jwql/website/apps/jwql/monitor_pages/monitor_mast_bokeh.py
2025-11-19 11:42:12,123 - Knowledge - INFO - [MONGODB_OP] Completed: persist, Collection: file_info, Duration: 105ms
2025-11-19 11:42:12,208 - Knowledge - INFO - Found code-base-name: https://github.com/DarssiniRamesh/spacetelescope.git:main
2025-11-19 11:42:12,366 - Knowledge - INFO - Found code_base: <app.utils.kg_build.knowledge.KnowledgeCodeBase object at 0x7f30087a7e50>
2025-11-19 11:42:12,533 - Knowledge - INFO - [REDIS_OP] Completed: store_embedding, Key: notebooks/test_mast_api.ipynb, Duration: 230ms
2025-11-19 11:42:12,630 - Knowledge - INFO - Found code-base-name: https://github.com/DarssiniRamesh/spacetelescope.git:main
2025-11-19 11:42:12,680 - Knowledge - INFO - persist search terms embedding for notebooks/test_mast_api.ipynb
2025-11-19 11:42:12,839 - Knowledge - INFO - Found code_base: <app.utils.kg_build.knowledge.KnowledgeCodeBase object at 0x7f30087a7e50>
2025-11-19 11:42:12,863 - Knowledge - INFO - process ingested knowledge for /app/data/T0015/271517/b4715fp/spacetelescope/notebooks/test_mast_api.ipynb
2025-11-19 11:42:13,024 - Knowledge - INFO - persist ingested knowledge for /app/data/T0015/271517/b4715fp/spacetelescope/notebooks/test_mast_api.ipynb
2025-11-19 11:42:13,027 - Knowledge - INFO - Found code-base-name: https://github.com/DarssiniRamesh/spacetelescope.git:main
2025-11-19 11:42:13,240 - Knowledge - INFO - Found code_base: <app.utils.kg_build.knowledge.KnowledgeCodeBase object at 0x7f453869a8d0>
2025-11-19 11:42:13,319 - Knowledge - INFO - [MONGODB_OP] Completed: persist, Collection: file_info, Duration: 112ms
2025-11-19 11:42:13,519 - Knowledge - INFO - Found code-base-name: https://github.com/DarssiniRamesh/spacetelescope.git:main
2025-11-19 11:42:13,697 - Knowledge - INFO - Found code_base: <app.utils.kg_build.knowledge.KnowledgeCodeBase object at 0x7f453869a8d0>
2025-11-19 11:42:13,713 - Knowledge - INFO - [REDIS_OP] Completed: store_embedding, Key: notebooks/test_mast_api.ipynb, Duration: 201ms
2025-11-19 11:42:13,850 - Knowledge - INFO - persist ingested knowledge for /app/data/T0015/271517/b4715fp/spacetelescope/jwql/database/monitor_table_definitions/miri/miri_readnoise_query_history.txt
2025-11-19 11:42:13,870 - Knowledge - INFO - persist search terms embedding for notebooks/test_mast_api.ipynb
2025-11-19 11:42:14,022 - Knowledge - INFO - process ingested knowledge for /app/data/T0015/271517/b4715fp/spacetelescope/notebooks/test_mast_api.ipynb
2025-11-19 11:42:14,106 - Knowledge - INFO - [MONGODB_OP] Completed: persist, Collection: file_info, Duration: 103ms
2025-11-19 11:42:14,183 - Knowledge - INFO - Found code-base-name: https://github.com/DarssiniRamesh/spacetelescope.git:main
2025-11-19 11:42:14,343 - Knowledge - INFO - Found code_base: <app.utils.kg_build.knowledge.KnowledgeCodeBase object at 0x7f30087a7e50>
2025-11-19 11:42:14,512 - Knowledge - INFO - [REDIS_OP] Completed: store_embedding, Key: jwql/database/monitor_table_definitions/miri/miri_readnoise_query_history.txt, Duration: 222ms
2025-11-19 11:42:14,614 - Knowledge - INFO - Found code-base-name: https://github.com/DarssiniRamesh/spacetelescope.git:main
2025-11-19 11:42:14,701 - Knowledge - INFO - persist search terms embedding for jwql/database/monitor_table_definitions/miri/miri_readnoise_query_history.txt
2025-11-19 11:42:14,785 - Knowledge - INFO - Found code_base: <app.utils.kg_build.knowledge.KnowledgeCodeBase object at 0x7f30087a7e50>
2025-11-19 11:42:14,916 - Knowledge - INFO - process ingested knowledge for /app/data/T0015/271517/b4715fp/spacetelescope/jwql/database/monitor_table_definitions/miri/miri_readnoise_query_history.txt
2025-11-19 11:42:15,006 - Knowledge - INFO - persist ingested knowledge for /app/data/T0015/271517/b4715fp/spacetelescope/jwql/database/monitor_table_definitions/miri/miri_readnoise_query_history.txt
2025-11-19 11:42:15,105 - Knowledge - INFO - Found code-base-name: https://github.com/DarssiniRamesh/spacetelescope.git:main
2025-11-19 11:42:15,286 - Knowledge - INFO - [MONGODB_OP] Completed: persist, Collection: file_info, Duration: 87ms
2025-11-19 11:42:15,289 - Knowledge - INFO - Found code_base: <app.utils.kg_build.knowledge.KnowledgeCodeBase object at 0x7f453869a8d0>
2025-11-19 11:42:15,537 - Knowledge - INFO - Found code-base-name: https://github.com/DarssiniRamesh/spacetelescope.git:main
2025-11-19 11:42:15,726 - Knowledge - INFO - [REDIS_OP] Completed: store_embedding, Key: jwql/database/monitor_table_definitions/miri/miri_readnoise_query_history.txt, Duration: 228ms
2025-11-19 11:42:15,739 - Knowledge - INFO - Found code_base: <app.utils.kg_build.knowledge.KnowledgeCodeBase object at 0x7f453869a8d0>
2025-11-19 11:42:15,901 - Knowledge - INFO - persist search terms embedding for jwql/database/monitor_table_definitions/miri/miri_readnoise_query_history.txt
2025-11-19 11:42:15,912 - Knowledge - INFO - persist ingested knowledge for /app/data/T0015/271517/b4715fp/spacetelescope/jwql/database/monitor_table_definitions/nircam/nircam_bad_pixel_query_history.txt
2025-11-19 11:42:16,049 - Knowledge - INFO - process ingested knowledge for /app/data/T0015/271517/b4715fp/spacetelescope/jwql/database/monitor_table_definitions/miri/miri_readnoise_query_history.txt
2025-11-19 11:42:16,229 - Knowledge - INFO - [MONGODB_OP] Completed: persist, Collection: file_info, Duration: 105ms
2025-11-19 11:42:16,253 - Knowledge - INFO - Found code-base-name: https://github.com/DarssiniRamesh/spacetelescope.git:main
2025-11-19 11:42:16,436 - Knowledge - INFO - Found code_base: <app.utils.kg_build.knowledge.KnowledgeCodeBase object at 0x7f30087a7e50>
2025-11-19 11:42:16,639 - Knowledge - INFO - [REDIS_OP] Completed: store_embedding, Key: jwql/database/monitor_table_definitions/nircam/nircam_bad_pixel_query_history.txt, Duration: 249ms
2025-11-19 11:42:16,678 - Knowledge - INFO - Found code-base-name: https://github.com/DarssiniRamesh/spacetelescope.git:main
2025-11-19 11:42:16,782 - Knowledge - INFO - persist search terms embedding for jwql/database/monitor_table_definitions/nircam/nircam_bad_pixel_query_history.txt
2025-11-19 11:42:16,841 - Knowledge - INFO - Found code_base: <app.utils.kg_build.knowledge.KnowledgeCodeBase object at 0x7f30087a7e50>
2025-11-19 11:42:16,971 - Knowledge - INFO - process ingested knowledge for /app/data/T0015/271517/b4715fp/spacetelescope/jwql/database/monitor_table_definitions/nircam/nircam_bad_pixel_query_history.txt
2025-11-19 11:42:17,033 - Knowledge - INFO - persist ingested knowledge for /app/data/T0015/271517/b4715fp/spacetelescope/jwql/database/monitor_table_definitions/nircam/nircam_bad_pixel_query_history.txt
2025-11-19 11:42:17,151 - Knowledge - INFO - Found code-base-name: https://github.com/DarssiniRamesh/spacetelescope.git:main
2025-11-19 11:42:17,312 - Knowledge - INFO - Found code_base: <app.utils.kg_build.knowledge.KnowledgeCodeBase object at 0x7f453869a8d0>
2025-11-19 11:42:17,330 - Knowledge - INFO - [MONGODB_OP] Completed: persist, Collection: file_info, Duration: 106ms
2025-11-19 11:42:17,607 - Knowledge - INFO - Found code-base-name: https://github.com/DarssiniRamesh/spacetelescope.git:main
2025-11-19 11:42:17,746 - Knowledge - INFO - [REDIS_OP] Completed: store_embedding, Key: jwql/database/monitor_table_definitions/nircam/nircam_bad_pixel_query_history.txt, Duration: 206ms
2025-11-19 11:42:17,793 - Knowledge - INFO - Found code_base: <app.utils.kg_build.knowledge.KnowledgeCodeBase object at 0x7f453869a8d0>
2025-11-19 11:42:17,981 - Knowledge - INFO - persist ingested knowledge for /app/data/T0015/271517/b4715fp/spacetelescope/jwql/website/apps/jwql/templates/dashboard.html
2025-11-19 11:42:17,983 - Knowledge - INFO - persist search terms embedding for jwql/database/monitor_table_definitions/nircam/nircam_bad_pixel_query_history.txt
2025-11-19 11:42:18,186 - Knowledge - INFO - process ingested knowledge for /app/data/T0015/271517/b4715fp/spacetelescope/jwql/database/monitor_table_definitions/nircam/nircam_bad_pixel_query_history.txt
2025-11-19 11:42:18,269 - Knowledge - INFO - [MONGODB_OP] Completed: persist, Collection: file_info, Duration: 101ms
2025-11-19 11:42:18,367 - Knowledge - INFO - Found code-base-name: https://github.com/DarssiniRamesh/spacetelescope.git:main
2025-11-19 11:42:18,579 - Knowledge - INFO - Found code_base: <app.utils.kg_build.knowledge.KnowledgeCodeBase object at 0x7f30087a7e50>
2025-11-19 11:42:18,718 - Knowledge - INFO - [REDIS_OP] Completed: store_embedding, Key: jwql/website/apps/jwql/templates/dashboard.html, Duration: 265ms
2025-11-19 11:42:18,790 - Knowledge - INFO - Found code-base-name: https://github.com/DarssiniRamesh/spacetelescope.git:main
2025-11-19 11:42:18,910 - Knowledge - INFO - persist search terms embedding for jwql/website/apps/jwql/templates/dashboard.html
2025-11-19 11:42:18,968 - Knowledge - INFO - Found code_base: <app.utils.kg_build.knowledge.KnowledgeCodeBase object at 0x7f30087a7e50>
2025-11-19 11:42:19,117 - Knowledge - INFO - process ingested knowledge for /app/data/T0015/271517/b4715fp/spacetelescope/jwql/website/apps/jwql/templates/dashboard.html
2025-11-19 11:42:19,127 - Knowledge - INFO - persist ingested knowledge for /app/data/T0015/271517/b4715fp/spacetelescope/jwql/website/apps/jwql/templates/dashboard.html
2025-11-19 11:42:19,330 - Knowledge - INFO - Found code-base-name: https://github.com/DarssiniRamesh/spacetelescope.git:main
2025-11-19 11:42:19,457 - Knowledge - INFO - [MONGODB_OP] Completed: persist, Collection: file_info, Duration: 137ms
2025-11-19 11:42:19,483 - Knowledge - INFO - Found code_base: <app.utils.kg_build.knowledge.KnowledgeCodeBase object at 0x7f453869a8d0>
2025-11-19 11:42:19,724 - Knowledge - INFO - Found code-base-name: https://github.com/DarssiniRamesh/spacetelescope.git:main
2025-11-19 11:42:19,884 - Knowledge - INFO - Found code_base: <app.utils.kg_build.knowledge.KnowledgeCodeBase object at 0x7f453869a8d0>
2025-11-19 11:42:19,909 - Knowledge - INFO - [REDIS_OP] Completed: store_embedding, Key: jwql/website/apps/jwql/templates/dashboard.html, Duration: 265ms
2025-11-19 11:42:20,034 - Knowledge - INFO - persist ingested knowledge for /app/data/T0015/271517/b4715fp/spacetelescope/jwql/website/apps/jwql/static/css/sticky-footer.css
2025-11-19 11:42:20,099 - Knowledge - INFO - persist search terms embedding for jwql/website/apps/jwql/templates/dashboard.html
2025-11-19 11:42:20,302 - Knowledge - INFO - process ingested knowledge for /app/data/T0015/271517/b4715fp/spacetelescope/jwql/website/apps/jwql/templates/dashboard.html
2025-11-19 11:42:20,340 - Knowledge - INFO - [MONGODB_OP] Completed: persist, Collection: file_info, Duration: 103ms
2025-11-19 11:42:20,476 - Knowledge - INFO - Found code-base-name: https://github.com/DarssiniRamesh/spacetelescope.git:main
2025-11-19 11:42:20,689 - Knowledge - INFO - Found code_base: <app.utils.kg_build.knowledge.KnowledgeCodeBase object at 0x7f30087a7e50>
2025-11-19 11:42:20,806 - Knowledge - INFO - [REDIS_OP] Completed: store_embedding, Key: jwql/website/apps/jwql/static/css/sticky-footer.css, Duration: 255ms
2025-11-19 11:42:20,961 - Knowledge - INFO - Found code-base-name: https://github.com/DarssiniRamesh/spacetelescope.git:main
2025-11-19 11:42:20,971 - Knowledge - INFO - persist search terms embedding for jwql/website/apps/jwql/static/css/sticky-footer.css
2025-11-19 11:42:21,113 - Knowledge - INFO - Found code_base: <app.utils.kg_build.knowledge.KnowledgeCodeBase object at 0x7f30087a7e50>
2025-11-19 11:42:21,157 - Knowledge - INFO - process ingested knowledge for /app/data/T0015/271517/b4715fp/spacetelescope/jwql/website/apps/jwql/static/css/sticky-footer.css
2025-11-19 11:42:21,263 - Knowledge - INFO - persist ingested knowledge for /app/data/T0015/271517/b4715fp/spacetelescope/jwql/website/apps/jwql/static/css/sticky-footer.css
2025-11-19 11:42:21,360 - Knowledge - INFO - Found code-base-name: https://github.com/DarssiniRamesh/spacetelescope.git:main
2025-11-19 11:42:21,507 - Knowledge - INFO - [MONGODB_OP] Completed: persist, Collection: file_info, Duration: 102ms
2025-11-19 11:42:21,545 - Knowledge - INFO - Found code_base: <app.utils.kg_build.knowledge.KnowledgeCodeBase object at 0x7f453869a8d0>
2025-11-19 11:42:21,787 - Knowledge - INFO - Found code-base-name: https://github.com/DarssiniRamesh/spacetelescope.git:main
2025-11-19 11:42:21,886 - Knowledge - INFO - [REDIS_OP] Completed: store_embedding, Key: jwql/website/apps/jwql/static/css/sticky-footer.css, Duration: 215ms
2025-11-19 11:42:22,000 - Knowledge - INFO - Found code_base: <app.utils.kg_build.knowledge.KnowledgeCodeBase object at 0x7f453869a8d0>
2025-11-19 11:42:22,080 - Knowledge - INFO - persist search terms embedding for jwql/website/apps/jwql/static/css/sticky-footer.css
2025-11-19 11:42:22,147 - Knowledge - INFO - persist ingested knowledge for /app/data/T0015/271517/b4715fp/spacetelescope/style_guide/PEP8_examples.ipynb
2025-11-19 11:42:22,292 - Knowledge - INFO - process ingested knowledge for /app/data/T0015/271517/b4715fp/spacetelescope/jwql/website/apps/jwql/static/css/sticky-footer.css
2025-11-19 11:42:22,406 - Knowledge - INFO - [MONGODB_OP] Completed: persist, Collection: file_info, Duration: 120ms
2025-11-19 11:42:22,445 - Knowledge - INFO - Found code-base-name: https://github.com/DarssiniRamesh/spacetelescope.git:main
2025-11-19 11:42:22,596 - Knowledge - INFO - Found code_base: <app.utils.kg_build.knowledge.KnowledgeCodeBase object at 0x7f30087a7e50>
2025-11-19 11:42:22,823 - Knowledge - INFO - [REDIS_OP] Completed: store_embedding, Key: style_guide/PEP8_examples.ipynb, Duration: 238ms
2025-11-19 11:42:22,850 - Knowledge - INFO - Found code-base-name: https://github.com/DarssiniRamesh/spacetelescope.git:main
2025-11-19 11:42:22,987 - Knowledge - INFO - persist search terms embedding for style_guide/PEP8_examples.ipynb
2025-11-19 11:42:23,062 - Knowledge - INFO - Found code_base: <app.utils.kg_build.knowledge.KnowledgeCodeBase object at 0x7f30087a7e50>
2025-11-19 11:42:23,145 - Knowledge - INFO - process ingested knowledge for /app/data/T0015/271517/b4715fp/spacetelescope/style_guide/PEP8_examples.ipynb
2025-11-19 11:42:23,213 - Knowledge - INFO - persist ingested knowledge for /app/data/T0015/271517/b4715fp/spacetelescope/style_guide/PEP8_examples.ipynb
2025-11-19 11:42:23,327 - Knowledge - INFO - Found code-base-name: https://github.com/DarssiniRamesh/spacetelescope.git:main
2025-11-19 11:42:23,510 - Knowledge - INFO - [MONGODB_OP] Completed: persist, Collection: file_info, Duration: 104ms
2025-11-19 11:42:23,534 - Knowledge - INFO - Found code_base: <app.utils.kg_build.knowledge.KnowledgeCodeBase object at 0x7f453869a8d0>
2025-11-19 11:42:23,793 - Knowledge - INFO - Found code-base-name: https://github.com/DarssiniRamesh/spacetelescope.git:main
2025-11-19 11:42:23,927 - Knowledge - INFO - [REDIS_OP] Completed: store_embedding, Key: style_guide/PEP8_examples.ipynb, Duration: 245ms
2025-11-19 11:42:23,980 - Knowledge - INFO - Found code_base: <app.utils.kg_build.knowledge.KnowledgeCodeBase object at 0x7f453869a8d0>
2025-11-19 11:42:24,122 - Knowledge - INFO - persist search terms embedding for style_guide/PEP8_examples.ipynb
2025-11-19 11:42:24,161 - Knowledge - INFO - persist ingested knowledge for /app/data/T0015/271517/b4715fp/spacetelescope/setup.py
2025-11-19 11:42:24,302 - Knowledge - INFO - process ingested knowledge for /app/data/T0015/271517/b4715fp/spacetelescope/style_guide/PEP8_examples.ipynb
2025-11-19 11:42:24,423 - Knowledge - INFO - [MONGODB_OP] Completed: persist, Collection: file_info, Duration: 100ms
2025-11-19 11:42:24,517 - Knowledge - INFO - Found code-base-name: https://github.com/DarssiniRamesh/spacetelescope.git:main
2025-11-19 11:42:24,676 - Knowledge - INFO - Found code_base: <app.utils.kg_build.knowledge.KnowledgeCodeBase object at 0x7f30087a7e50>
2025-11-19 11:42:24,863 - Knowledge - INFO - [REDIS_OP] Completed: store_embedding, Key: setup.py, Duration: 244ms
2025-11-19 11:42:24,933 - Knowledge - INFO - Found code-base-name: https://github.com/DarssiniRamesh/spacetelescope.git:main
2025-11-19 11:42:25,080 - Knowledge - INFO - persist search terms embedding for setup.py
2025-11-19 11:42:25,135 - Knowledge - INFO - Found code_base: <app.utils.kg_build.knowledge.KnowledgeCodeBase object at 0x7f30087a7e50>
2025-11-19 11:42:25,242 - Knowledge - INFO - process ingested knowledge for /app/data/T0015/271517/b4715fp/spacetelescope/setup.py
2025-11-19 11:42:25,305 - Knowledge - INFO - persist ingested knowledge for /app/data/T0015/271517/b4715fp/spacetelescope/setup.py
2025-11-19 11:42:25,408 - Knowledge - INFO - Found code-base-name: https://github.com/DarssiniRamesh/spacetelescope.git:main
2025-11-19 11:42:25,561 - Knowledge - INFO - [MONGODB_OP] Completed: persist, Collection: file_info, Duration: 94ms
2025-11-19 11:42:25,571 - Knowledge - INFO - Found code_base: <app.utils.kg_build.knowledge.KnowledgeCodeBase object at 0x7f453869a8d0>
2025-11-19 11:42:25,810 - Knowledge - INFO - Found code-base-name: https://github.com/DarssiniRamesh/spacetelescope.git:main
2025-11-19 11:42:25,943 - Knowledge - INFO - [REDIS_OP] Completed: store_embedding, Key: setup.py, Duration: 223ms
2025-11-19 11:42:25,988 - Knowledge - INFO - Found code_base: <app.utils.kg_build.knowledge.KnowledgeCodeBase object at 0x7f453869a8d0>
2025-11-19 11:42:26,138 - Knowledge - INFO - persist search terms embedding for setup.py
2025-11-19 11:42:26,145 - Knowledge - INFO - persist ingested knowledge for /app/data/T0015/271517/b4715fp/spacetelescope/jwql/bokeh_templating/factory.py
2025-11-19 11:42:26,338 - Knowledge - INFO - process ingested knowledge for /app/data/T0015/271517/b4715fp/spacetelescope/setup.py
2025-11-19 11:42:26,409 - Knowledge - INFO - [MONGODB_OP] Completed: persist, Collection: file_info, Duration: 93ms
2025-11-19 11:42:26,533 - Knowledge - INFO - Found code-base-name: https://github.com/DarssiniRamesh/spacetelescope.git:main
2025-11-19 11:42:26,671 - Knowledge - INFO - Found code_base: <app.utils.kg_build.knowledge.KnowledgeCodeBase object at 0x7f30087a7e50>
2025-11-19 11:42:26,832 - Knowledge - INFO - [REDIS_OP] Completed: store_embedding, Key: jwql/bokeh_templating/factory.py, Duration: 260ms
2025-11-19 11:42:26,920 - Knowledge - INFO - Found code-base-name: https://github.com/DarssiniRamesh/spacetelescope.git:main
2025-11-19 11:42:27,019 - Knowledge - INFO - persist search terms embedding for jwql/bokeh_templating/factory.py
2025-11-19 11:42:27,091 - Knowledge - INFO - Found code_base: <app.utils.kg_build.knowledge.KnowledgeCodeBase object at 0x7f30087a7e50>
2025-11-19 11:42:27,189 - Knowledge - INFO - process ingested knowledge for /app/data/T0015/271517/b4715fp/spacetelescope/jwql/bokeh_templating/factory.py
2025-11-19 11:42:27,275 - Knowledge - INFO - persist ingested knowledge for /app/data/T0015/271517/b4715fp/spacetelescope/jwql/bokeh_templating/factory.py
2025-11-19 11:42:27,398 - Knowledge - INFO - Found code-base-name: https://github.com/DarssiniRamesh/spacetelescope.git:main
2025-11-19 11:42:27,581 - Knowledge - INFO - [MONGODB_OP] Completed: persist, Collection: file_info, Duration: 133ms
2025-11-19 11:42:27,622 - Knowledge - INFO - Found code_base: <app.utils.kg_build.knowledge.KnowledgeCodeBase object at 0x7f453869a8d0>
2025-11-19 11:42:27,862 - Knowledge - INFO - Found code-base-name: https://github.com/DarssiniRamesh/spacetelescope.git:main
2025-11-19 11:42:28,016 - Knowledge - INFO - [REDIS_OP] Completed: store_embedding, Key: jwql/bokeh_templating/factory.py, Duration: 243ms
2025-11-19 11:42:28,060 - Knowledge - INFO - Found code_base: <app.utils.kg_build.knowledge.KnowledgeCodeBase object at 0x7f453869a8d0>
2025-11-19 11:42:28,154 - Knowledge - INFO - persist search terms embedding for jwql/bokeh_templating/factory.py
2025-11-19 11:42:28,224 - Knowledge - INFO - persist ingested knowledge for /app/data/T0015/271517/b4715fp/spacetelescope/notebooks/edb_mnemonic_query.ipynb
2025-11-19 11:42:28,327 - Knowledge - INFO - process ingested knowledge for /app/data/T0015/271517/b4715fp/spacetelescope/jwql/bokeh_templating/factory.py
2025-11-19 11:42:28,476 - Knowledge - INFO - [MONGODB_OP] Completed: persist, Collection: file_info, Duration: 96ms
2025-11-19 11:42:28,526 - Knowledge - INFO - Found code-base-name: https://github.com/DarssiniRamesh/spacetelescope.git:main
2025-11-19 11:42:28,699 - Knowledge - INFO - Found code_base: <app.utils.kg_build.knowledge.KnowledgeCodeBase object at 0x7f30087a7e50>
2025-11-19 11:42:28,984 - Knowledge - INFO - Found code-base-name: https://github.com/DarssiniRamesh/spacetelescope.git:main
2025-11-19 11:42:28,988 - Knowledge - INFO - [REDIS_OP] Completed: store_embedding, Key: notebooks/edb_mnemonic_query.ipynb, Duration: 296ms
2025-11-19 11:42:29,169 - Knowledge - INFO - Found code_base: <app.utils.kg_build.knowledge.KnowledgeCodeBase object at 0x7f30087a7e50>
2025-11-19 11:42:29,194 - Knowledge - INFO - persist search terms embedding for notebooks/edb_mnemonic_query.ipynb
2025-11-19 11:42:29,327 - Knowledge - INFO - persist ingested knowledge for /app/data/T0015/271517/b4715fp/spacetelescope/notebooks/edb_mnemonic_query.ipynb
2025-11-19 11:42:29,353 - Knowledge - INFO - process ingested knowledge for /app/data/T0015/271517/b4715fp/spacetelescope/notebooks/edb_mnemonic_query.ipynb
2025-11-19 11:42:29,581 - Knowledge - INFO - Found code-base-name: https://github.com/DarssiniRamesh/spacetelescope.git:main
2025-11-19 11:42:29,618 - Knowledge - INFO - [MONGODB_OP] Completed: persist, Collection: file_info, Duration: 100ms
2025-11-19 11:42:29,734 - Knowledge - INFO - Found code_base: <app.utils.kg_build.knowledge.KnowledgeCodeBase object at 0x7f453869a8d0>
2025-11-19 11:42:29,977 - Knowledge - INFO - Found code-base-name: https://github.com/DarssiniRamesh/spacetelescope.git:main
2025-11-19 11:42:30,004 - Knowledge - INFO - [REDIS_OP] Completed: store_embedding, Key: notebooks/edb_mnemonic_query.ipynb, Duration: 228ms
2025-11-19 11:42:30,122 - Knowledge - INFO - Found code_base: <app.utils.kg_build.knowledge.KnowledgeCodeBase object at 0x7f453869a8d0>
2025-11-19 11:42:30,189 - Knowledge - INFO - persist search terms embedding for notebooks/edb_mnemonic_query.ipynb
2025-11-19 11:42:30,332 - Knowledge - INFO - persist ingested knowledge for /app/data/T0015/271517/b4715fp/spacetelescope/jwql/website/apps/jwql/monitor_pages/yaml/badpixel_monitor_interface.yaml
2025-11-19 11:42:30,333 - Knowledge - INFO - process ingested knowledge for /app/data/T0015/271517/b4715fp/spacetelescope/notebooks/edb_mnemonic_query.ipynb
2025-11-19 11:42:30,527 - Knowledge - INFO - Found code-base-name: https://github.com/DarssiniRamesh/spacetelescope.git:main
2025-11-19 11:42:30,582 - Knowledge - INFO - [MONGODB_OP] Completed: persist, Collection: file_info, Duration: 103ms
2025-11-19 11:42:30,707 - Knowledge - INFO - Found code_base: <app.utils.kg_build.knowledge.KnowledgeCodeBase object at 0x7f30087a7e50>
2025-11-19 11:42:30,985 - Knowledge - INFO - Found code-base-name: https://github.com/DarssiniRamesh/spacetelescope.git:main
2025-11-19 11:42:31,003 - Knowledge - INFO - [REDIS_OP] Completed: store_embedding, Key: jwql/website/apps/jwql/monitor_pages/yaml/badpixel_monitor_interface.yaml, Duration: 254ms
2025-11-19 11:42:31,190 - Knowledge - INFO - Found code_base: <app.utils.kg_build.knowledge.KnowledgeCodeBase object at 0x7f30087a7e50>
2025-11-19 11:42:31,208 - Knowledge - INFO - persist search terms embedding for jwql/website/apps/jwql/monitor_pages/yaml/badpixel_monitor_interface.yaml
2025-11-19 11:42:31,363 - Knowledge - INFO - persist ingested knowledge for /app/data/T0015/271517/b4715fp/spacetelescope/jwql/website/apps/jwql/monitor_pages/yaml/badpixel_monitor_interface.yaml
2025-11-19 11:42:31,368 - Knowledge - INFO - process ingested knowledge for /app/data/T0015/271517/b4715fp/spacetelescope/jwql/website/apps/jwql/monitor_pages/yaml/badpixel_monitor_interface.yaml
2025-11-19 11:42:31,560 - Knowledge - INFO - Found code-base-name: https://github.com/DarssiniRamesh/spacetelescope.git:main
2025-11-19 11:42:31,661 - Knowledge - INFO - [MONGODB_OP] Completed: persist, Collection: file_info, Duration: 115ms
2025-11-19 11:42:31,738 - Knowledge - INFO - Found code_base: <app.utils.kg_build.knowledge.KnowledgeCodeBase object at 0x7f453869a8d0>
2025-11-19 11:42:32,017 - Knowledge - INFO - Found code-base-name: https://github.com/DarssiniRamesh/spacetelescope.git:main
2025-11-19 11:42:32,190 - Knowledge - INFO - [REDIS_OP] Completed: store_embedding, Key: jwql/website/apps/jwql/monitor_pages/yaml/badpixel_monitor_interface.yaml, Duration: 378ms
2025-11-19 11:42:32,205 - Knowledge - INFO - Found code_base: <app.utils.kg_build.knowledge.KnowledgeCodeBase object at 0x7f453869a8d0>
2025-11-19 11:42:32,366 - Knowledge - INFO - persist search terms embedding for jwql/website/apps/jwql/monitor_pages/yaml/badpixel_monitor_interface.yaml
2025-11-19 11:42:32,366 - Knowledge - INFO - persist ingested knowledge for /app/data/T0015/271517/b4715fp/spacetelescope/docs/source/database.rst
2025-11-19 11:42:32,556 - Knowledge - INFO - process ingested knowledge for /app/data/T0015/271517/b4715fp/spacetelescope/jwql/website/apps/jwql/monitor_pages/yaml/badpixel_monitor_interface.yaml
2025-11-19 11:42:32,649 - Knowledge - INFO - [MONGODB_OP] Completed: persist, Collection: file_info, Duration: 114ms
2025-11-19 11:42:32,713 - Knowledge - INFO - Found code-base-name: https://github.com/DarssiniRamesh/spacetelescope.git:main
2025-11-19 11:42:32,883 - Knowledge - INFO - Found code_base: <app.utils.kg_build.knowledge.KnowledgeCodeBase object at 0x7f30087a7e50>
2025-11-19 11:42:33,139 - Knowledge - INFO - [REDIS_OP] Completed: store_embedding, Key: docs/source/database.rst, Duration: 309ms
2025-11-19 11:42:33,164 - Knowledge - INFO - Found code-base-name: https://github.com/DarssiniRamesh/spacetelescope.git:main
2025-11-19 11:42:33,300 - Knowledge - INFO - persist search terms embedding for docs/source/database.rst
2025-11-19 11:42:33,369 - Knowledge - INFO - Found code_base: <app.utils.kg_build.knowledge.KnowledgeCodeBase object at 0x7f30087a7e50>
2025-11-19 11:42:33,512 - Knowledge - INFO - process ingested knowledge for /app/data/T0015/271517/b4715fp/spacetelescope/docs/source/database.rst
2025-11-19 11:42:33,593 - Knowledge - INFO - persist ingested knowledge for /app/data/T0015/271517/b4715fp/spacetelescope/docs/source/database.rst
2025-11-19 11:42:33,715 - Knowledge - INFO - Found code-base-name: https://github.com/DarssiniRamesh/spacetelescope.git:main
2025-11-19 11:42:33,899 - Knowledge - INFO - [MONGODB_OP] Completed: persist, Collection: file_info, Duration: 104ms
2025-11-19 11:42:33,911 - Knowledge - INFO - Found code_base: <app.utils.kg_build.knowledge.KnowledgeCodeBase object at 0x7f453869a8d0>
2025-11-19 11:42:34,150 - Knowledge - INFO - Found code-base-name: https://github.com/DarssiniRamesh/spacetelescope.git:main
2025-11-19 11:42:34,328 - Knowledge - INFO - Found code_base: <app.utils.kg_build.knowledge.KnowledgeCodeBase object at 0x7f453869a8d0>
2025-11-19 11:42:34,375 - Knowledge - INFO - [REDIS_OP] Completed: store_embedding, Key: docs/source/database.rst, Duration: 299ms
2025-11-19 11:42:34,526 - Knowledge - INFO - persist ingested knowledge for /app/data/T0015/271517/b4715fp/spacetelescope/jwql/database/monitor_table_definitions/nirspec/nirspec_bad_pixel_stats.txt
2025-11-19 11:42:34,554 - Knowledge - INFO - persist search terms embedding for docs/source/database.rst
2025-11-19 11:42:34,728 - Knowledge - INFO - process ingested knowledge for /app/data/T0015/271517/b4715fp/spacetelescope/docs/source/database.rst
2025-11-19 11:42:34,837 - Knowledge - INFO - [MONGODB_OP] Completed: persist, Collection: file_info, Duration: 103ms
2025-11-19 11:42:34,908 - Knowledge - INFO - Found code-base-name: https://github.com/DarssiniRamesh/spacetelescope.git:main
2025-11-19 11:42:35,070 - Knowledge - INFO - Found code_base: <app.utils.kg_build.knowledge.KnowledgeCodeBase object at 0x7f30087a7e50>
2025-11-19 11:42:35,385 - Knowledge - INFO - [REDIS_OP] Completed: store_embedding, Key: jwql/database/monitor_table_definitions/nirspec/nirspec_bad_pixel_stats.txt, Duration: 375ms
2025-11-19 11:42:35,435 - Knowledge - INFO - Found code-base-name: https://github.com/DarssiniRamesh/spacetelescope.git:main
2025-11-19 11:42:35,542 - Knowledge - INFO - persist search terms embedding for jwql/database/monitor_table_definitions/nirspec/nirspec_bad_pixel_stats.txt
2025-11-19 11:42:35,624 - Knowledge - INFO - Found code_base: <app.utils.kg_build.knowledge.KnowledgeCodeBase object at 0x7f30087a7e50>
2025-11-19 11:42:35,716 - Knowledge - INFO - process ingested knowledge for /app/data/T0015/271517/b4715fp/spacetelescope/jwql/database/monitor_table_definitions/nirspec/nirspec_bad_pixel_stats.txt
2025-11-19 11:42:35,789 - Knowledge - INFO - persist ingested knowledge for /app/data/T0015/271517/b4715fp/spacetelescope/jwql/database/monitor_table_definitions/nirspec/nirspec_bad_pixel_stats.txt
2025-11-19 11:42:35,868 - Knowledge - INFO - Found code-base-name: https://github.com/DarssiniRamesh/spacetelescope.git:main
2025-11-19 11:42:36,055 - Knowledge - INFO - [MONGODB_OP] Completed: persist, Collection: file_info, Duration: 107ms
2025-11-19 11:42:36,081 - Knowledge - INFO - Found code_base: <app.utils.kg_build.knowledge.KnowledgeCodeBase object at 0x7f453869a8d0>
2025-11-19 11:42:36,323 - Knowledge - INFO - Found code-base-name: https://github.com/DarssiniRamesh/spacetelescope.git:main
2025-11-19 11:42:36,495 - Knowledge - INFO - [REDIS_OP] Completed: store_embedding, Key: jwql/database/monitor_table_definitions/nirspec/nirspec_bad_pixel_stats.txt, Duration: 268ms
2025-11-19 11:42:36,512 - Knowledge - INFO - Found code_base: <app.utils.kg_build.knowledge.KnowledgeCodeBase object at 0x7f453869a8d0>
2025-11-19 11:42:36,681 - Knowledge - INFO - persist search terms embedding for jwql/database/monitor_table_definitions/nirspec/nirspec_bad_pixel_stats.txt
2025-11-19 11:42:36,685 - Knowledge - INFO - persist ingested knowledge for /app/data/T0015/271517/b4715fp/spacetelescope/jwql/tests/test_data_containers.py
2025-11-19 11:42:36,840 - Knowledge - INFO - process ingested knowledge for /app/data/T0015/271517/b4715fp/spacetelescope/jwql/database/monitor_table_definitions/nirspec/nirspec_bad_pixel_stats.txt
2025-11-19 11:42:37,000 - Knowledge - INFO - [MONGODB_OP] Completed: persist, Collection: file_info, Duration: 106ms
2025-11-19 11:42:37,038 - Knowledge - INFO - Found code-base-name: https://github.com/DarssiniRamesh/spacetelescope.git:main
2025-11-19 11:42:37,214 - Knowledge - INFO - Found code_base: <app.utils.kg_build.knowledge.KnowledgeCodeBase object at 0x7f30087a7e50>
2025-11-19 11:42:37,446 - Knowledge - INFO - [REDIS_OP] Completed: store_embedding, Key: jwql/tests/test_data_containers.py, Duration: 256ms
2025-11-19 11:42:37,464 - Knowledge - INFO - Found code-base-name: https://github.com/DarssiniRamesh/spacetelescope.git:main
2025-11-19 11:42:37,597 - Knowledge - INFO - persist search terms embedding for jwql/tests/test_data_containers.py
2025-11-19 11:42:37,618 - Knowledge - INFO - Found code_base: <app.utils.kg_build.knowledge.KnowledgeCodeBase object at 0x7f30087a7e50>
2025-11-19 11:42:37,759 - Knowledge - INFO - process ingested knowledge for /app/data/T0015/271517/b4715fp/spacetelescope/jwql/tests/test_data_containers.py
2025-11-19 11:42:37,814 - Knowledge - INFO - persist ingested knowledge for /app/data/T0015/271517/b4715fp/spacetelescope/jwql/tests/test_data_containers.py
2025-11-19 11:42:37,950 - Knowledge - INFO - Found code-base-name: https://github.com/DarssiniRamesh/spacetelescope.git:main
2025-11-19 11:42:38,131 - Knowledge - INFO - Found code_base: <app.utils.kg_build.knowledge.KnowledgeCodeBase object at 0x7f453869a8d0>
2025-11-19 11:42:38,176 - Knowledge - INFO - [MONGODB_OP] Completed: persist, Collection: file_info, Duration: 128ms
2025-11-19 11:42:38,389 - Knowledge - INFO - Found code-base-name: https://github.com/DarssiniRamesh/spacetelescope.git:main
2025-11-19 11:42:38,570 - Knowledge - INFO - Found code_base: <app.utils.kg_build.knowledge.KnowledgeCodeBase object at 0x7f453869a8d0>
2025-11-19 11:42:38,657 - Knowledge - INFO - [REDIS_OP] Completed: store_embedding, Key: jwql/tests/test_data_containers.py, Duration: 296ms
2025-11-19 11:42:38,730 - Knowledge - INFO - persist ingested knowledge for /app/data/T0015/271517/b4715fp/spacetelescope/jwql/database/monitor_table_definitions/fgs/fgs_bad_pixel_query_history.txt
2025-11-19 11:42:38,865 - Knowledge - INFO - persist search terms embedding for jwql/tests/test_data_containers.py
2025-11-19 11:42:39,006 - Knowledge - INFO - process ingested knowledge for /app/data/T0015/271517/b4715fp/spacetelescope/jwql/tests/test_data_containers.py
2025-11-19 11:42:39,028 - Knowledge - INFO - [MONGODB_OP] Completed: persist, Collection: file_info, Duration: 122ms
2025-11-19 11:42:39,179 - Knowledge - INFO - Found code-base-name: https://github.com/DarssiniRamesh/spacetelescope.git:main
2025-11-19 11:42:39,339 - Knowledge - INFO - Found code_base: <app.utils.kg_build.knowledge.KnowledgeCodeBase object at 0x7f30087a7e50>
2025-11-19 11:42:39,415 - Knowledge - INFO - [REDIS_OP] Completed: store_embedding, Key: jwql/database/monitor_table_definitions/fgs/fgs_bad_pixel_query_history.txt, Duration: 239ms
2025-11-19 11:42:39,615 - Knowledge - INFO - Found code-base-name: https://github.com/DarssiniRamesh/spacetelescope.git:main
2025-11-19 11:42:39,617 - Knowledge - INFO - persist search terms embedding for jwql/database/monitor_table_definitions/fgs/fgs_bad_pixel_query_history.txt
2025-11-19 11:42:39,779 - Knowledge - INFO - process ingested knowledge for /app/data/T0015/271517/b4715fp/spacetelescope/jwql/database/monitor_table_definitions/fgs/fgs_bad_pixel_query_history.txt
2025-11-19 11:42:39,817 - Knowledge - INFO - Found code_base: <app.utils.kg_build.knowledge.KnowledgeCodeBase object at 0x7f30087a7e50>
2025-11-19 11:42:39,963 - Knowledge - INFO - Found code-base-name: https://github.com/DarssiniRamesh/spacetelescope.git:main
2025-11-19 11:42:40,018 - Knowledge - INFO - persist ingested knowledge for /app/data/T0015/271517/b4715fp/spacetelescope/jwql/database/monitor_table_definitions/fgs/fgs_bad_pixel_query_history.txt
2025-11-19 11:42:40,169 - Knowledge - INFO - Found code_base: <app.utils.kg_build.knowledge.KnowledgeCodeBase object at 0x7f453869a8d0>
2025-11-19 11:42:40,321 - Knowledge - INFO - [MONGODB_OP] Completed: persist, Collection: file_info, Duration: 104ms
2025-11-19 11:42:40,479 - Knowledge - INFO - Found code-base-name: https://github.com/DarssiniRamesh/spacetelescope.git:main
2025-11-19 11:42:40,678 - Knowledge - INFO - Found code_base: <app.utils.kg_build.knowledge.KnowledgeCodeBase object at 0x7f453869a8d0>
2025-11-19 11:42:40,728 - Knowledge - INFO - [REDIS_OP] Completed: store_embedding, Key: jwql/database/monitor_table_definitions/fgs/fgs_bad_pixel_query_history.txt, Duration: 221ms
2025-11-19 11:42:40,891 - Knowledge - INFO - persist ingested knowledge for /app/data/T0015/271517/b4715fp/spacetelescope/jwql/database/monitor_table_definitions/niriss/niriss_bad_pixel_query_history.txt
2025-11-19 11:42:40,899 - Knowledge - INFO - persist search terms embedding for jwql/database/monitor_table_definitions/fgs/fgs_bad_pixel_query_history.txt
2025-11-19 11:42:41,056 - Knowledge - INFO - process ingested knowledge for /app/data/T0015/271517/b4715fp/spacetelescope/jwql/database/monitor_table_definitions/fgs/fgs_bad_pixel_query_history.txt
2025-11-19 11:42:41,187 - Knowledge - INFO - [MONGODB_OP] Completed: persist, Collection: file_info, Duration: 108ms
2025-11-19 11:42:41,203 - Knowledge - INFO - Found code-base-name: https://github.com/DarssiniRamesh/spacetelescope.git:main
2025-11-19 11:42:41,351 - Knowledge - INFO - Found code_base: <app.utils.kg_build.knowledge.KnowledgeCodeBase object at 0x7f30087a7e50>
2025-11-19 11:42:41,601 - Knowledge - INFO - [REDIS_OP] Completed: store_embedding, Key: jwql/database/monitor_table_definitions/niriss/niriss_bad_pixel_query_history.txt, Duration: 224ms
2025-11-19 11:42:41,614 - Knowledge - INFO - Found code-base-name: https://github.com/DarssiniRamesh/spacetelescope.git:main
2025-11-19 11:42:41,784 - Knowledge - INFO - persist search terms embedding for jwql/database/monitor_table_definitions/niriss/niriss_bad_pixel_query_history.txt
2025-11-19 11:42:41,816 - Knowledge - INFO - Found code_base: <app.utils.kg_build.knowledge.KnowledgeCodeBase object at 0x7f30087a7e50>
2025-11-19 11:42:41,932 - Knowledge - INFO - process ingested knowledge for /app/data/T0015/271517/b4715fp/spacetelescope/jwql/database/monitor_table_definitions/niriss/niriss_bad_pixel_query_history.txt
2025-11-19 11:42:41,972 - Knowledge - INFO - persist ingested knowledge for /app/data/T0015/271517/b4715fp/spacetelescope/jwql/database/monitor_table_definitions/niriss/niriss_bad_pixel_query_history.txt
2025-11-19 11:42:42,145 - Knowledge - INFO - Found code-base-name: https://github.com/DarssiniRamesh/spacetelescope.git:main
2025-11-19 11:42:42,240 - Knowledge - INFO - [MONGODB_OP] Completed: persist, Collection: file_info, Duration: 117ms
2025-11-19 11:42:42,351 - Knowledge - INFO - Found code_base: <app.utils.kg_build.knowledge.KnowledgeCodeBase object at 0x7f453869a8d0>
2025-11-19 11:42:42,594 - Knowledge - INFO - Found code-base-name: https://github.com/DarssiniRamesh/spacetelescope.git:main
2025-11-19 11:42:42,716 - Knowledge - INFO - [REDIS_OP] Completed: store_embedding, Key: jwql/database/monitor_table_definitions/niriss/niriss_bad_pixel_query_history.txt, Duration: 300ms
2025-11-19 11:42:42,733 - Knowledge - INFO - Found code_base: <app.utils.kg_build.knowledge.KnowledgeCodeBase object at 0x7f453869a8d0>
2025-11-19 11:42:42,859 - Knowledge - INFO - persist search terms embedding for jwql/database/monitor_table_definitions/niriss/niriss_bad_pixel_query_history.txt
2025-11-19 11:42:42,881 - Knowledge - INFO - persist ingested knowledge for /app/data/T0015/271517/b4715fp/spacetelescope/jwql/website/apps/jwql/static/css/loader-magnify.css
2025-11-19 11:42:43,020 - Knowledge - INFO - process ingested knowledge for /app/data/T0015/271517/b4715fp/spacetelescope/jwql/database/monitor_table_definitions/niriss/niriss_bad_pixel_query_history.txt
2025-11-19 11:42:43,193 - Knowledge - INFO - [MONGODB_OP] Completed: persist, Collection: file_info, Duration: 126ms
2025-11-19 11:42:43,197 - Knowledge - INFO - Found code-base-name: https://github.com/DarssiniRamesh/spacetelescope.git:main
2025-11-19 11:42:43,384 - Knowledge - INFO - Found code_base: <app.utils.kg_build.knowledge.KnowledgeCodeBase object at 0x7f30087a7e50>
2025-11-19 11:42:43,566 - Knowledge - INFO - [REDIS_OP] Completed: store_embedding, Key: jwql/website/apps/jwql/static/css/loader-magnify.css, Duration: 216ms
2025-11-19 11:42:43,653 - Knowledge - INFO - Found code-base-name: https://github.com/DarssiniRamesh/spacetelescope.git:main
2025-11-19 11:42:43,772 - Knowledge - INFO - persist search terms embedding for jwql/website/apps/jwql/static/css/loader-magnify.css
2025-11-19 11:42:43,827 - Knowledge - INFO - Found code_base: <app.utils.kg_build.knowledge.KnowledgeCodeBase object at 0x7f30087a7e50>
2025-11-19 11:42:43,988 - Knowledge - INFO - process ingested knowledge for /app/data/T0015/271517/b4715fp/spacetelescope/jwql/website/apps/jwql/static/css/loader-magnify.css
2025-11-19 11:42:44,012 - Knowledge - INFO - persist ingested knowledge for /app/data/T0015/271517/b4715fp/spacetelescope/jwql/website/apps/jwql/static/css/loader-magnify.css
2025-11-19 11:42:44,195 - Knowledge - INFO - Found code-base-name: https://github.com/DarssiniRamesh/spacetelescope.git:main
2025-11-19 11:42:44,301 - Knowledge - INFO - [MONGODB_OP] Completed: persist, Collection: file_info, Duration: 115ms
2025-11-19 11:42:44,414 - Knowledge - INFO - Found code_base: <app.utils.kg_build.knowledge.KnowledgeCodeBase object at 0x7f453869a8d0>
2025-11-19 11:42:44,693 - Knowledge - INFO - Found code-base-name: https://github.com/DarssiniRamesh/spacetelescope.git:main
2025-11-19 11:42:44,746 - Knowledge - INFO - [REDIS_OP] Completed: store_embedding, Key: jwql/website/apps/jwql/static/css/loader-magnify.css, Duration: 225ms
2025-11-19 11:42:44,857 - Knowledge - INFO - Found code_base: <app.utils.kg_build.knowledge.KnowledgeCodeBase object at 0x7f453869a8d0>
2025-11-19 11:42:44,945 - Knowledge - INFO - persist search terms embedding for jwql/website/apps/jwql/static/css/loader-magnify.css
2025-11-19 11:42:45,042 - Knowledge - INFO - persist ingested knowledge for /app/data/T0015/271517/b4715fp/spacetelescope/jwql/tests/test_bad_pixel_monitor.py
2025-11-19 11:42:45,169 - Knowledge - INFO - process ingested knowledge for /app/data/T0015/271517/b4715fp/spacetelescope/jwql/website/apps/jwql/static/css/loader-magnify.css
2025-11-19 11:42:45,322 - Knowledge - INFO - [MONGODB_OP] Completed: persist, Collection: file_info, Duration: 109ms
2025-11-19 11:42:45,376 - Knowledge - INFO - Found code-base-name: https://github.com/DarssiniRamesh/spacetelescope.git:main
2025-11-19 11:42:45,530 - Knowledge - INFO - Found code_base: <app.utils.kg_build.knowledge.KnowledgeCodeBase object at 0x7f30087a7e50>
2025-11-19 11:42:45,705 - Knowledge - INFO - [REDIS_OP] Completed: store_embedding, Key: jwql/tests/test_bad_pixel_monitor.py, Duration: 216ms
2025-11-19 11:42:45,783 - Knowledge - INFO - Found code-base-name: https://github.com/DarssiniRamesh/spacetelescope.git:main
2025-11-19 11:42:45,881 - Knowledge - INFO - persist search terms embedding for jwql/tests/test_bad_pixel_monitor.py
2025-11-19 11:42:45,954 - Knowledge - INFO - Found code_base: <app.utils.kg_build.knowledge.KnowledgeCodeBase object at 0x7f30087a7e50>
2025-11-19 11:42:46,064 - Knowledge - INFO - process ingested knowledge for /app/data/T0015/271517/b4715fp/spacetelescope/jwql/tests/test_bad_pixel_monitor.py
2025-11-19 11:42:46,166 - Knowledge - INFO - persist ingested knowledge for /app/data/T0015/271517/b4715fp/spacetelescope/jwql/tests/test_bad_pixel_monitor.py
2025-11-19 11:42:46,260 - Knowledge - INFO - Found code-base-name: https://github.com/DarssiniRamesh/spacetelescope.git:main
2025-11-19 11:42:46,434 - Knowledge - INFO - [MONGODB_OP] Completed: persist, Collection: file_info, Duration: 113ms
2025-11-19 11:42:46,459 - Knowledge - INFO - Found code_base: <app.utils.kg_build.knowledge.KnowledgeCodeBase object at 0x7f453869a8d0>
2025-11-19 11:42:46,789 - Knowledge - INFO - Found code-base-name: https://github.com/DarssiniRamesh/spacetelescope.git:main
2025-11-19 11:42:46,866 - Knowledge - INFO - [REDIS_OP] Completed: store_embedding, Key: jwql/tests/test_bad_pixel_monitor.py, Duration: 224ms
2025-11-19 11:42:46,984 - Knowledge - INFO - Found code_base: <app.utils.kg_build.knowledge.KnowledgeCodeBase object at 0x7f453869a8d0>
2025-11-19 11:42:47,077 - Knowledge - INFO - persist search terms embedding for jwql/tests/test_bad_pixel_monitor.py
2025-11-19 11:42:47,158 - Knowledge - INFO - persist ingested knowledge for /app/data/T0015/271517/b4715fp/spacetelescope/jwql/website/apps/jwql/views.py
2025-11-19 11:42:47,239 - Knowledge - INFO - process ingested knowledge for /app/data/T0015/271517/b4715fp/spacetelescope/jwql/tests/test_bad_pixel_monitor.py
2025-11-19 11:42:47,417 - Knowledge - INFO - [MONGODB_OP] Completed: persist, Collection: file_info, Duration: 99ms
2025-11-19 11:42:47,424 - Knowledge - INFO - Found code-base-name: https://github.com/DarssiniRamesh/spacetelescope.git:main
2025-11-19 11:42:47,615 - Knowledge - INFO - Found code_base: <app.utils.kg_build.knowledge.KnowledgeCodeBase object at 0x7f30087a7e50>
2025-11-19 11:42:47,811 - Knowledge - INFO - [REDIS_OP] Completed: store_embedding, Key: jwql/website/apps/jwql/views.py, Duration: 217ms
2025-11-19 11:42:47,876 - Knowledge - INFO - Found code-base-name: https://github.com/DarssiniRamesh/spacetelescope.git:main
2025-11-19 11:42:48,007 - Knowledge - INFO - persist search terms embedding for jwql/website/apps/jwql/views.py
2025-11-19 11:42:48,028 - Knowledge - INFO - Found code_base: <app.utils.kg_build.knowledge.KnowledgeCodeBase object at 0x7f30087a7e50>
2025-11-19 11:42:48,171 - Knowledge - INFO - process ingested knowledge for /app/data/T0015/271517/b4715fp/spacetelescope/jwql/website/apps/jwql/views.py
2025-11-19 11:42:48,228 - Knowledge - INFO - persist ingested knowledge for /app/data/T0015/271517/b4715fp/spacetelescope/jwql/website/apps/jwql/views.py
2025-11-19 11:42:48,383 - Knowledge - INFO - Found code-base-name: https://github.com/DarssiniRamesh/spacetelescope.git:main
2025-11-19 11:42:48,523 - Knowledge - INFO - [MONGODB_OP] Completed: persist, Collection: file_info, Duration: 102ms
2025-11-19 11:42:48,531 - Knowledge - INFO - Found code_base: <app.utils.kg_build.knowledge.KnowledgeCodeBase object at 0x7f453869a8d0>
2025-11-19 11:42:48,836 - Knowledge - INFO - Found code-base-name: https://github.com/DarssiniRamesh/spacetelescope.git:main
2025-11-19 11:42:48,954 - Knowledge - INFO - [REDIS_OP] Completed: store_embedding, Key: jwql/website/apps/jwql/views.py, Duration: 269ms
2025-11-19 11:42:49,040 - Knowledge - INFO - Found code_base: <app.utils.kg_build.knowledge.KnowledgeCodeBase object at 0x7f453869a8d0>
2025-11-19 11:42:49,150 - Knowledge - INFO - persist search terms embedding for jwql/website/apps/jwql/views.py
2025-11-19 11:42:49,219 - Knowledge - INFO - persist ingested knowledge for /app/data/T0015/271517/b4715fp/spacetelescope/jwql/website/apps/jwql/templates/miri_data_trending.html
2025-11-19 11:42:49,340 - Knowledge - INFO - process ingested knowledge for /app/data/T0015/271517/b4715fp/spacetelescope/jwql/website/apps/jwql/views.py
2025-11-19 11:42:49,516 - Knowledge - INFO - Found code-base-name: https://github.com/DarssiniRamesh/spacetelescope.git:main
2025-11-19 11:42:49,530 - Knowledge - INFO - [MONGODB_OP] Completed: persist, Collection: file_info, Duration: 100ms
2025-11-19 11:42:49,748 - Knowledge - INFO - Found code_base: <app.utils.kg_build.knowledge.KnowledgeCodeBase object at 0x7f30087a7e50>
2025-11-19 11:42:49,909 - Knowledge - INFO - [REDIS_OP] Completed: store_embedding, Key: jwql/website/apps/jwql/templates/miri_data_trending.html, Duration: 221ms
2025-11-19 11:42:50,011 - Knowledge - INFO - Found code-base-name: https://github.com/DarssiniRamesh/spacetelescope.git:main
2025-11-19 11:42:50,095 - Knowledge - INFO - persist search terms embedding for jwql/website/apps/jwql/templates/miri_data_trending.html
2025-11-19 11:42:50,185 - Knowledge - INFO - Found code_base: <app.utils.kg_build.knowledge.KnowledgeCodeBase object at 0x7f30087a7e50>
2025-11-19 11:42:50,309 - Knowledge - INFO - process ingested knowledge for /app/data/T0015/271517/b4715fp/spacetelescope/jwql/website/apps/jwql/templates/miri_data_trending.html
2025-11-19 11:42:50,361 - Knowledge - INFO - persist ingested knowledge for /app/data/T0015/271517/b4715fp/spacetelescope/jwql/website/apps/jwql/templates/miri_data_trending.html
2025-11-19 11:42:50,473 - Knowledge - INFO - Found code-base-name: https://github.com/DarssiniRamesh/spacetelescope.git:main
2025-11-19 11:42:50,594 - Knowledge - INFO - [MONGODB_OP] Completed: persist, Collection: file_info, Duration: 88ms
2025-11-19 11:42:50,673 - Knowledge - INFO - Found code_base: <app.utils.kg_build.knowledge.KnowledgeCodeBase object at 0x7f453869a8d0>
2025-11-19 11:42:50,964 - Knowledge - INFO - Found code-base-name: https://github.com/DarssiniRamesh/spacetelescope.git:main
2025-11-19 11:42:51,002 - Knowledge - INFO - [REDIS_OP] Completed: store_embedding, Key: jwql/website/apps/jwql/templates/miri_data_trending.html, Duration: 225ms
2025-11-19 11:42:51,115 - Knowledge - INFO - Found code_base: <app.utils.kg_build.knowledge.KnowledgeCodeBase object at 0x7f453869a8d0>
2025-11-19 11:42:51,171 - Knowledge - INFO - persist search terms embedding for jwql/website/apps/jwql/templates/miri_data_trending.html
2025-11-19 11:42:51,273 - Knowledge - INFO - persist ingested knowledge for /app/data/T0015/271517/b4715fp/spacetelescope/jwql/__init__.py
2025-11-19 11:42:51,341 - Knowledge - INFO - process ingested knowledge for /app/data/T0015/271517/b4715fp/spacetelescope/jwql/website/apps/jwql/templates/miri_data_trending.html
2025-11-19 11:42:51,489 - Knowledge - INFO - Found code-base-name: https://github.com/DarssiniRamesh/spacetelescope.git:main
2025-11-19 11:42:51,493 - Knowledge - INFO - [MONGODB_OP] Completed: persist, Collection: file_info, Duration: 84ms
2025-11-19 11:42:51,633 - Knowledge - INFO - Found code_base: <app.utils.kg_build.knowledge.KnowledgeCodeBase object at 0x7f30087a7e50>
2025-11-19 11:42:51,878 - Knowledge - INFO - [REDIS_OP] Completed: store_embedding, Key: jwql/__init__.py, Duration: 213ms
2025-11-19 11:42:51,923 - Knowledge - INFO - Found code-base-name: https://github.com/DarssiniRamesh/spacetelescope.git:main
2025-11-19 11:42:52,036 - Knowledge - INFO - persist search terms embedding for jwql/__init__.py
2025-11-19 11:42:52,074 - Knowledge - INFO - Found code_base: <app.utils.kg_build.knowledge.KnowledgeCodeBase object at 0x7f30087a7e50>
2025-11-19 11:42:52,214 - Knowledge - INFO - process ingested knowledge for /app/data/T0015/271517/b4715fp/spacetelescope/jwql/__init__.py
2025-11-19 11:42:52,272 - Knowledge - INFO - persist ingested knowledge for /app/data/T0015/271517/b4715fp/spacetelescope/jwql/__init__.py
2025-11-19 11:42:52,414 - Knowledge - INFO - Found code-base-name: https://github.com/DarssiniRamesh/spacetelescope.git:main
2025-11-19 11:42:52,535 - Knowledge - INFO - [MONGODB_OP] Completed: persist, Collection: file_info, Duration: 101ms
2025-11-19 11:42:52,596 - Knowledge - INFO - Found code_base: <app.utils.kg_build.knowledge.KnowledgeCodeBase object at 0x7f453869a8d0>
2025-11-19 11:42:52,891 - Knowledge - INFO - Found code-base-name: https://github.com/DarssiniRamesh/spacetelescope.git:main
2025-11-19 11:42:53,080 - Knowledge - INFO - Found code_base: <app.utils.kg_build.knowledge.KnowledgeCodeBase object at 0x7f453869a8d0>
2025-11-19 11:42:53,178 - Knowledge - INFO - [REDIS_OP] Completed: store_embedding, Key: jwql/__init__.py, Duration: 448ms
2025-11-19 11:42:53,293 - Knowledge - INFO - persist ingested knowledge for /app/data/T0015/271517/b4715fp/spacetelescope/jwql/tests/test_loading_times.py
2025-11-19 11:42:53,396 - Knowledge - INFO - persist search terms embedding for jwql/__init__.py
2025-11-19 11:42:53,540 - Knowledge - INFO - process ingested knowledge for /app/data/T0015/271517/b4715fp/spacetelescope/jwql/__init__.py
2025-11-19 11:42:53,552 - Knowledge - INFO - [MONGODB_OP] Completed: persist, Collection: file_info, Duration: 106ms
2025-11-19 11:42:53,736 - Knowledge - INFO - Found code-base-name: https://github.com/DarssiniRamesh/spacetelescope.git:main
2025-11-19 11:42:53,902 - Knowledge - INFO - Found code_base: <app.utils.kg_build.knowledge.KnowledgeCodeBase object at 0x7f30087a7e50>
2025-11-19 11:42:54,089 - Knowledge - INFO - [REDIS_OP] Completed: store_embedding, Key: jwql/tests/test_loading_times.py, Duration: 298ms
2025-11-19 11:42:54,169 - Knowledge - INFO - Found code-base-name: https://github.com/DarssiniRamesh/spacetelescope.git:main
2025-11-19 11:42:54,274 - Knowledge - INFO - persist search terms embedding for jwql/tests/test_loading_times.py
2025-11-19 11:42:54,377 - Knowledge - INFO - Found code_base: <app.utils.kg_build.knowledge.KnowledgeCodeBase object at 0x7f30087a7e50>
2025-11-19 11:42:54,457 - Knowledge - INFO - process ingested knowledge for /app/data/T0015/271517/b4715fp/spacetelescope/jwql/tests/test_loading_times.py
2025-11-19 11:42:54,525 - Knowledge - INFO - persist ingested knowledge for /app/data/T0015/271517/b4715fp/spacetelescope/jwql/tests/test_loading_times.py
2025-11-19 11:42:54,640 - Knowledge - INFO - Found code-base-name: https://github.com/DarssiniRamesh/spacetelescope.git:main
2025-11-19 11:42:54,809 - Knowledge - INFO - [MONGODB_OP] Completed: persist, Collection: file_info, Duration: 92ms
2025-11-19 11:42:54,832 - Knowledge - INFO - Found code_base: <app.utils.kg_build.knowledge.KnowledgeCodeBase object at 0x7f453869a8d0>
2025-11-19 11:42:55,090 - Knowledge - INFO - Found code-base-name: https://github.com/DarssiniRamesh/spacetelescope.git:main
2025-11-19 11:42:55,195 - Knowledge - INFO - [REDIS_OP] Completed: store_embedding, Key: jwql/tests/test_loading_times.py, Duration: 219ms
2025-11-19 11:42:55,290 - Knowledge - INFO - Found code_base: <app.utils.kg_build.knowledge.KnowledgeCodeBase object at 0x7f453869a8d0>
2025-11-19 11:42:55,426 - Knowledge - INFO - persist search terms embedding for jwql/tests/test_loading_times.py
2025-11-19 11:42:55,483 - Knowledge - INFO - persist ingested knowledge for /app/data/T0015/271517/b4715fp/spacetelescope/jwql/website/apps/jwql/monitor_pages/yaml/monitor_mast_interface.yaml
2025-11-19 11:42:55,582 - Knowledge - INFO - process ingested knowledge for /app/data/T0015/271517/b4715fp/spacetelescope/jwql/tests/test_loading_times.py
2025-11-19 11:42:55,755 - Knowledge - INFO - [MONGODB_OP] Completed: persist, Collection: file_info, Duration: 90ms
2025-11-19 11:42:55,755 - Knowledge - INFO - Found code-base-name: https://github.com/DarssiniRamesh/spacetelescope.git:main
2025-11-19 11:42:55,936 - Knowledge - INFO - Found code_base: <app.utils.kg_build.knowledge.KnowledgeCodeBase object at 0x7f30087a7e50>
2025-11-19 11:42:56,151 - Knowledge - INFO - Found code-base-name: https://github.com/DarssiniRamesh/spacetelescope.git:main
2025-11-19 11:42:56,249 - Knowledge - INFO - [REDIS_OP] Completed: store_embedding, Key: jwql/website/apps/jwql/monitor_pages/yaml/monitor_mast_interface.yaml, Duration: 338ms
2025-11-19 11:42:56,311 - Knowledge - INFO - Found code_base: <app.utils.kg_build.knowledge.KnowledgeCodeBase object at 0x7f30087a7e50>
2025-11-19 11:42:56,441 - Knowledge - INFO - persist search terms embedding for jwql/website/apps/jwql/monitor_pages/yaml/monitor_mast_interface.yaml
2025-11-19 11:42:56,463 - Knowledge - INFO - persist ingested knowledge for /app/data/T0015/271517/b4715fp/spacetelescope/jwql/website/apps/jwql/monitor_pages/yaml/monitor_mast_interface.yaml
2025-11-19 11:42:56,580 - Knowledge - INFO - process ingested knowledge for /app/data/T0015/271517/b4715fp/spacetelescope/jwql/website/apps/jwql/monitor_pages/yaml/monitor_mast_interface.yaml
2025-11-19 11:42:56,697 - Knowledge - INFO - [MONGODB_OP] Completed: persist, Collection: file_info, Duration: 82ms
2025-11-19 11:42:56,794 - Knowledge - INFO - Found code-base-name: https://github.com/DarssiniRamesh/spacetelescope.git:main
2025-11-19 11:42:56,975 - Knowledge - INFO - Found code_base: <app.utils.kg_build.knowledge.KnowledgeCodeBase object at 0x7f453869a8d0>
2025-11-19 11:42:57,232 - Knowledge - INFO - Found code-base-name: https://github.com/DarssiniRamesh/spacetelescope.git:main
2025-11-19 11:42:57,362 - Knowledge - INFO - [REDIS_OP] Completed: store_embedding, Key: jwql/website/apps/jwql/monitor_pages/yaml/monitor_mast_interface.yaml, Duration: 494ms
2025-11-19 11:42:57,448 - Knowledge - INFO - Found code_base: <app.utils.kg_build.knowledge.KnowledgeCodeBase object at 0x7f453869a8d0>
2025-11-19 11:42:57,573 - Knowledge - INFO - persist search terms embedding for jwql/website/apps/jwql/monitor_pages/yaml/monitor_mast_interface.yaml
2025-11-19 11:42:57,669 - Knowledge - INFO - persist ingested knowledge for /app/data/T0015/271517/b4715fp/spacetelescope/notebooks/integrating_auth_mast_service.ipynb
2025-11-19 11:42:57,736 - Knowledge - INFO - process ingested knowledge for /app/data/T0015/271517/b4715fp/spacetelescope/jwql/website/apps/jwql/monitor_pages/yaml/monitor_mast_interface.yaml
2025-11-19 11:42:57,888 - Knowledge - INFO - Found code-base-name: https://github.com/DarssiniRamesh/spacetelescope.git:main
2025-11-19 11:42:57,976 - Knowledge - INFO - [MONGODB_OP] Completed: persist, Collection: file_info, Duration: 81ms
2025-11-19 11:42:58,030 - Knowledge - INFO - Found code_base: <app.utils.kg_build.knowledge.KnowledgeCodeBase object at 0x7f30087a7e50>
2025-11-19 11:42:58,277 - Knowledge - INFO - Found code-base-name: https://github.com/DarssiniRamesh/spacetelescope.git:main
2025-11-19 11:42:58,454 - Knowledge - INFO - Found code_base: <app.utils.kg_build.knowledge.KnowledgeCodeBase object at 0x7f30087a7e50>
2025-11-19 11:42:58,465 - Knowledge - INFO - [REDIS_OP] Completed: store_embedding, Key: notebooks/integrating_auth_mast_service.ipynb, Duration: 285ms
2025-11-19 11:42:58,637 - Knowledge - INFO - persist ingested knowledge for /app/data/T0015/271517/b4715fp/spacetelescope/notebooks/integrating_auth_mast_service.ipynb
2025-11-19 11:42:58,651 - Knowledge - INFO - persist search terms embedding for notebooks/integrating_auth_mast_service.ipynb
2025-11-19 11:42:58,858 - Knowledge - INFO - process ingested knowledge for /app/data/T0015/271517/b4715fp/spacetelescope/notebooks/integrating_auth_mast_service.ipynb
2025-11-19 11:42:58,919 - Knowledge - INFO - [MONGODB_OP] Completed: persist, Collection: file_info, Duration: 92ms
2025-11-19 11:42:59,078 - Knowledge - INFO - Found code-base-name: https://github.com/DarssiniRamesh/spacetelescope.git:main
2025-11-19 11:42:59,267 - Knowledge - INFO - Found code_base: <app.utils.kg_build.knowledge.KnowledgeCodeBase object at 0x7f453869a8d0>
2025-11-19 11:42:59,360 - Knowledge - INFO - [REDIS_OP] Completed: store_embedding, Key: notebooks/integrating_auth_mast_service.ipynb, Duration: 215ms
2025-11-19 11:42:59,510 - Knowledge - INFO - Found code-base-name: https://github.com/DarssiniRamesh/spacetelescope.git:main
2025-11-19 11:42:59,548 - Knowledge - INFO - persist search terms embedding for notebooks/integrating_auth_mast_service.ipynb
2025-11-19 11:42:59,679 - Knowledge - INFO - process ingested knowledge for /app/data/T0015/271517/b4715fp/spacetelescope/notebooks/integrating_auth_mast_service.ipynb
2025-11-19 11:42:59,694 - Knowledge - INFO - Found code_base: <app.utils.kg_build.knowledge.KnowledgeCodeBase object at 0x7f453869a8d0>
2025-11-19 11:42:59,852 - Knowledge - INFO - Found code-base-name: https://github.com/DarssiniRamesh/spacetelescope.git:main
2025-11-19 11:42:59,877 - Knowledge - INFO - persist ingested knowledge for /app/data/T0015/271517/b4715fp/spacetelescope/style_guide/typing_demo/typing_demo_4.py
2025-11-19 11:43:00,045 - Knowledge - INFO - Found code_base: <app.utils.kg_build.knowledge.KnowledgeCodeBase object at 0x7f30087a7e50>
2025-11-19 11:43:00,142 - Knowledge - INFO - [MONGODB_OP] Completed: persist, Collection: file_info, Duration: 91ms
2025-11-19 11:43:00,302 - Knowledge - INFO - Found code-base-name: https://github.com/DarssiniRamesh/spacetelescope.git:main
2025-11-19 11:43:00,507 - Knowledge - INFO - Found code_base: <app.utils.kg_build.knowledge.KnowledgeCodeBase object at 0x7f30087a7e50>
2025-11-19 11:43:00,583 - Knowledge - INFO - [REDIS_OP] Completed: store_embedding, Key: style_guide/typing_demo/typing_demo_4.py, Duration: 238ms
2025-11-19 11:43:00,670 - Knowledge - INFO - persist ingested knowledge for /app/data/T0015/271517/b4715fp/spacetelescope/style_guide/typing_demo/typing_demo_4.py
2025-11-19 11:43:00,764 - Knowledge - INFO - persist search terms embedding for style_guide/typing_demo/typing_demo_4.py
2025-11-19 11:43:00,925 - Knowledge - INFO - process ingested knowledge for /app/data/T0015/271517/b4715fp/spacetelescope/style_guide/typing_demo/typing_demo_4.py
2025-11-19 11:43:00,928 - Knowledge - INFO - [MONGODB_OP] Completed: persist, Collection: file_info, Duration: 83ms
2025-11-19 11:43:01,137 - Knowledge - INFO - Found code-base-name: https://github.com/DarssiniRamesh/spacetelescope.git:main
2025-11-19 11:43:01,338 - Knowledge - INFO - Found code_base: <app.utils.kg_build.knowledge.KnowledgeCodeBase object at 0x7f453869a8d0>
2025-11-19 11:43:01,377 - Knowledge - INFO - [REDIS_OP] Completed: store_embedding, Key: style_guide/typing_demo/typing_demo_4.py, Duration: 272ms
2025-11-19 11:43:01,562 - Knowledge - INFO - persist search terms embedding for style_guide/typing_demo/typing_demo_4.py
2025-11-19 11:43:01,604 - Knowledge - INFO - Found code-base-name: https://github.com/DarssiniRamesh/spacetelescope.git:main
2025-11-19 11:43:01,762 - Knowledge - INFO - process ingested knowledge for /app/data/T0015/271517/b4715fp/spacetelescope/style_guide/typing_demo/typing_demo_4.py
2025-11-19 11:43:01,770 - Knowledge - INFO - Found code_base: <app.utils.kg_build.knowledge.KnowledgeCodeBase object at 0x7f453869a8d0>
2025-11-19 11:43:01,928 - Knowledge - INFO - persist ingested knowledge for /app/data/T0015/271517/b4715fp/spacetelescope/jwql/tests/test_logging_functions.py
2025-11-19 11:43:01,967 - Knowledge - INFO - Found code-base-name: https://github.com/DarssiniRamesh/spacetelescope.git:main
2025-11-19 11:43:02,172 - Knowledge - INFO - [MONGODB_OP] Completed: persist, Collection: file_info, Duration: 85ms
2025-11-19 11:43:02,184 - Knowledge - INFO - Found code_base: <app.utils.kg_build.knowledge.KnowledgeCodeBase object at 0x7f30087a7e50>
2025-11-19 11:43:02,455 - Knowledge - INFO - Found code-base-name: https://github.com/DarssiniRamesh/spacetelescope.git:main
2025-11-19 11:43:02,641 - Knowledge - INFO - Found code_base: <app.utils.kg_build.knowledge.KnowledgeCodeBase object at 0x7f30087a7e50>
2025-11-19 11:43:02,654 - Knowledge - INFO - [REDIS_OP] Completed: store_embedding, Key: jwql/tests/test_logging_functions.py, Duration: 294ms
2025-11-19 11:43:02,835 - Knowledge - INFO - persist ingested knowledge for /app/data/T0015/271517/b4715fp/spacetelescope/jwql/tests/test_logging_functions.py
2025-11-19 11:43:02,883 - Knowledge - INFO - persist search terms embedding for jwql/tests/test_logging_functions.py
2025-11-19 11:43:03,090 - Knowledge - INFO - [MONGODB_OP] Completed: persist, Collection: file_info, Duration: 87ms
2025-11-19 11:43:03,092 - Knowledge - INFO - process ingested knowledge for /app/data/T0015/271517/b4715fp/spacetelescope/jwql/tests/test_logging_functions.py
2025-11-19 11:43:03,292 - Knowledge - INFO - Found code-base-name: https://github.com/DarssiniRamesh/spacetelescope.git:main
2025-11-19 11:43:03,480 - Knowledge - INFO - Found code_base: <app.utils.kg_build.knowledge.KnowledgeCodeBase object at 0x7f453869a8d0>
2025-11-19 11:43:03,731 - Knowledge - INFO - Found code-base-name: https://github.com/DarssiniRamesh/spacetelescope.git:main
2025-11-19 11:43:03,735 - Knowledge - INFO - [REDIS_OP] Completed: store_embedding, Key: jwql/tests/test_logging_functions.py, Duration: 416ms
2025-11-19 11:43:03,925 - Knowledge - INFO - Found code_base: <app.utils.kg_build.knowledge.KnowledgeCodeBase object at 0x7f453869a8d0>
2025-11-19 11:43:03,939 - Knowledge - INFO - persist search terms embedding for jwql/tests/test_logging_functions.py
2025-11-19 11:43:04,097 - Knowledge - INFO - persist ingested knowledge for /app/data/T0015/271517/b4715fp/spacetelescope/jwql/website/apps/jwql/bokeh_containers.py
2025-11-19 11:43:04,118 - Knowledge - INFO - process ingested knowledge for /app/data/T0015/271517/b4715fp/spacetelescope/jwql/tests/test_logging_functions.py
2025-11-19 11:43:04,261 - Knowledge - INFO - Found code-base-name: https://github.com/DarssiniRamesh/spacetelescope.git:main
2025-11-19 11:43:04,355 - Knowledge - INFO - [MONGODB_OP] Completed: persist, Collection: file_info, Duration: 108ms
2025-11-19 11:43:04,446 - Knowledge - INFO - Found code_base: <app.utils.kg_build.knowledge.KnowledgeCodeBase object at 0x7f30087a7e50>
2025-11-19 11:43:04,674 - Knowledge - INFO - Found code-base-name: https://github.com/DarssiniRamesh/spacetelescope.git:main
2025-11-19 11:43:04,761 - Knowledge - INFO - [REDIS_OP] Completed: store_embedding, Key: jwql/website/apps/jwql/bokeh_containers.py, Duration: 204ms
2025-11-19 11:43:04,818 - Knowledge - INFO - Found code_base: <app.utils.kg_build.knowledge.KnowledgeCodeBase object at 0x7f30087a7e50>
2025-11-19 11:43:04,929 - Knowledge - INFO - persist search terms embedding for jwql/website/apps/jwql/bokeh_containers.py
2025-11-19 11:43:04,986 - Knowledge - INFO - persist ingested knowledge for /app/data/T0015/271517/b4715fp/spacetelescope/jwql/website/apps/jwql/bokeh_containers.py
2025-11-19 11:43:05,070 - Knowledge - INFO - process ingested knowledge for /app/data/T0015/271517/b4715fp/spacetelescope/jwql/website/apps/jwql/bokeh_containers.py
2025-11-19 11:43:05,259 - Knowledge - INFO - Found code-base-name: https://github.com/DarssiniRamesh/spacetelescope.git:main
2025-11-19 11:43:05,260 - Knowledge - INFO - [MONGODB_OP] Completed: persist, Collection: file_info, Duration: 104ms
2025-11-19 11:43:05,434 - Knowledge - INFO - Found code_base: <app.utils.kg_build.knowledge.KnowledgeCodeBase object at 0x7f453869a8d0>
2025-11-19 11:43:05,670 - Knowledge - INFO - [REDIS_OP] Completed: store_embedding, Key: jwql/website/apps/jwql/bokeh_containers.py, Duration: 213ms
2025-11-19 11:43:05,730 - Knowledge - INFO - Found code-base-name: https://github.com/DarssiniRamesh/spacetelescope.git:main
2025-11-19 11:43:05,860 - Knowledge - INFO - persist search terms embedding for jwql/website/apps/jwql/bokeh_containers.py
2025-11-19 11:43:05,925 - Knowledge - INFO - Found code_base: <app.utils.kg_build.knowledge.KnowledgeCodeBase object at 0x7f453869a8d0>
2025-11-19 11:43:06,053 - Knowledge - INFO - process ingested knowledge for /app/data/T0015/271517/b4715fp/spacetelescope/jwql/website/apps/jwql/bokeh_containers.py
2025-11-19 11:43:06,122 - Knowledge - INFO - persist ingested knowledge for /app/data/T0015/271517/b4715fp/spacetelescope/jwql/website/apps/jwql/monitor_pages/yaml/monitor_filesystem_interface.yaml
2025-11-19 11:43:06,219 - Knowledge - INFO - Found code-base-name: https://github.com/DarssiniRamesh/spacetelescope.git:main
2025-11-19 11:43:06,381 - Knowledge - INFO - Found code_base: <app.utils.kg_build.knowledge.KnowledgeCodeBase object at 0x7f30087a7e50>
2025-11-19 11:43:06,409 - Knowledge - INFO - [MONGODB_OP] Completed: persist, Collection: file_info, Duration: 99ms
2025-11-19 11:43:06,628 - Knowledge - INFO - Found code-base-name: https://github.com/DarssiniRamesh/spacetelescope.git:main
2025-11-19 11:43:06,812 - Knowledge - INFO - [REDIS_OP] Completed: store_embedding, Key: jwql/website/apps/jwql/monitor_pages/yaml/monitor_filesystem_interface.yaml, Duration: 238ms
2025-11-19 11:43:06,828 - Knowledge - INFO - Found code_base: <app.utils.kg_build.knowledge.KnowledgeCodeBase object at 0x7f30087a7e50>
2025-11-19 11:43:06,986 - Knowledge - INFO - persist ingested knowledge for /app/data/T0015/271517/b4715fp/spacetelescope/jwql/website/apps/jwql/monitor_pages/yaml/monitor_filesystem_interface.yaml
2025-11-19 11:43:06,989 - Knowledge - INFO - persist search terms embedding for jwql/website/apps/jwql/monitor_pages/yaml/monitor_filesystem_interface.yaml
2025-11-19 11:43:07,144 - Knowledge - INFO - process ingested knowledge for /app/data/T0015/271517/b4715fp/spacetelescope/jwql/website/apps/jwql/monitor_pages/yaml/monitor_filesystem_interface.yaml
2025-11-19 11:43:07,228 - Knowledge - INFO - [MONGODB_OP] Completed: persist, Collection: file_info, Duration: 99ms
2025-11-19 11:43:07,302 - Knowledge - INFO - Found code-base-name: https://github.com/DarssiniRamesh/spacetelescope.git:main
2025-11-19 11:43:07,507 - Knowledge - INFO - Found code_base: <app.utils.kg_build.knowledge.KnowledgeCodeBase object at 0x7f453869a8d0>
2025-11-19 11:43:07,602 - Knowledge - INFO - [REDIS_OP] Completed: store_embedding, Key: jwql/website/apps/jwql/monitor_pages/yaml/monitor_filesystem_interface.yaml, Duration: 227ms
2025-11-19 11:43:07,776 - Knowledge - INFO - Found code-base-name: https://github.com/DarssiniRamesh/spacetelescope.git:main
2025-11-19 11:43:07,785 - Knowledge - INFO - persist search terms embedding for jwql/website/apps/jwql/monitor_pages/yaml/monitor_filesystem_interface.yaml
2025-11-19 11:43:07,934 - Knowledge - INFO - Found code_base: <app.utils.kg_build.knowledge.KnowledgeCodeBase object at 0x7f453869a8d0>
2025-11-19 11:43:07,954 - Knowledge - INFO - process ingested knowledge for /app/data/T0015/271517/b4715fp/spacetelescope/jwql/website/apps/jwql/monitor_pages/yaml/monitor_filesystem_interface.yaml
2025-11-19 11:43:08,085 - Knowledge - INFO - persist ingested knowledge for /app/data/T0015/271517/b4715fp/spacetelescope/jwql/bokeh_templating/template.py
2025-11-19 11:43:08,121 - Knowledge - INFO - Found code-base-name: https://github.com/DarssiniRamesh/spacetelescope.git:main
2025-11-19 11:43:08,324 - Knowledge - INFO - Found code_base: <app.utils.kg_build.knowledge.KnowledgeCodeBase object at 0x7f30087a7e50>
2025-11-19 11:43:08,342 - Knowledge - INFO - [MONGODB_OP] Completed: persist, Collection: file_info, Duration: 95ms
2025-11-19 11:43:08,549 - Knowledge - INFO - Found code-base-name: https://github.com/DarssiniRamesh/spacetelescope.git:main
2025-11-19 11:43:08,735 - Knowledge - INFO - Found code_base: <app.utils.kg_build.knowledge.KnowledgeCodeBase object at 0x7f30087a7e50>
2025-11-19 11:43:08,802 - Knowledge - INFO - [REDIS_OP] Completed: store_embedding, Key: jwql/bokeh_templating/template.py, Duration: 278ms
2025-11-19 11:43:08,908 - Knowledge - INFO - persist ingested knowledge for /app/data/T0015/271517/b4715fp/spacetelescope/jwql/bokeh_templating/template.py
2025-11-19 11:43:08,992 - Knowledge - INFO - persist search terms embedding for jwql/bokeh_templating/template.py
2025-11-19 11:43:09,161 - Knowledge - INFO - process ingested knowledge for /app/data/T0015/271517/b4715fp/spacetelescope/jwql/bokeh_templating/template.py
2025-11-19 11:43:09,162 - Knowledge - INFO - [MONGODB_OP] Completed: persist, Collection: file_info, Duration: 90ms
2025-11-19 11:43:09,353 - Knowledge - INFO - Found code-base-name: https://github.com/DarssiniRamesh/spacetelescope.git:main
2025-11-19 11:43:09,539 - Knowledge - INFO - Found code_base: <app.utils.kg_build.knowledge.KnowledgeCodeBase object at 0x7f453869a8d0>
2025-11-19 11:43:09,573 - Knowledge - INFO - [REDIS_OP] Completed: store_embedding, Key: jwql/bokeh_templating/template.py, Duration: 216ms
2025-11-19 11:43:09,741 - Knowledge - INFO - persist search terms embedding for jwql/bokeh_templating/template.py
2025-11-19 11:43:09,815 - Knowledge - INFO - Found code-base-name: https://github.com/DarssiniRamesh/spacetelescope.git:main
2025-11-19 11:43:09,909 - Knowledge - INFO - process ingested knowledge for /app/data/T0015/271517/b4715fp/spacetelescope/jwql/bokeh_templating/template.py
2025-11-19 11:43:09,993 - Knowledge - INFO - Found code_base: <app.utils.kg_build.knowledge.KnowledgeCodeBase object at 0x7f453869a8d0>
2025-11-19 11:43:10,053 - Knowledge - INFO - Found code-base-name: https://github.com/DarssiniRamesh/spacetelescope.git:main
2025-11-19 11:43:10,201 - Knowledge - INFO - persist ingested knowledge for /app/data/T0015/271517/b4715fp/spacetelescope/jwql/website/apps/jwql/static/css/loader.css
2025-11-19 11:43:10,204 - Knowledge - INFO - Found code_base: <app.utils.kg_build.knowledge.KnowledgeCodeBase object at 0x7f30087a7e50>
2025-11-19 11:43:10,476 - Knowledge - INFO - Found code-base-name: https://github.com/DarssiniRamesh/spacetelescope.git:main
2025-11-19 11:43:10,485 - Knowledge - INFO - [MONGODB_OP] Completed: persist, Collection: file_info, Duration: 88ms
2025-11-19 11:43:10,643 - Knowledge - INFO - Found code_base: <app.utils.kg_build.knowledge.KnowledgeCodeBase object at 0x7f30087a7e50>
2025-11-19 11:43:10,801 - Knowledge - INFO - persist ingested knowledge for /app/data/T0015/271517/b4715fp/spacetelescope/jwql/website/apps/jwql/static/css/loader.css
2025-11-19 11:43:10,955 - Knowledge - INFO - [REDIS_OP] Completed: store_embedding, Key: jwql/website/apps/jwql/static/css/loader.css, Duration: 277ms
2025-11-19 11:43:11,041 - Knowledge - INFO - [MONGODB_OP] Completed: persist, Collection: file_info, Duration: 95ms
2025-11-19 11:43:11,141 - Knowledge - INFO - persist search terms embedding for jwql/website/apps/jwql/static/css/loader.css
2025-11-19 11:43:11,337 - Knowledge - INFO - process ingested knowledge for /app/data/T0015/271517/b4715fp/spacetelescope/jwql/website/apps/jwql/static/css/loader.css
2025-11-19 11:43:11,519 - Knowledge - INFO - Found code-base-name: https://github.com/DarssiniRamesh/spacetelescope.git:main
2025-11-19 11:43:11,708 - Knowledge - INFO - Found code_base: <app.utils.kg_build.knowledge.KnowledgeCodeBase object at 0x7f453869a8d0>
2025-11-19 11:43:11,775 - Knowledge - INFO - [REDIS_OP] Completed: store_embedding, Key: jwql/website/apps/jwql/static/css/loader.css, Duration: 538ms
2025-11-19 11:43:11,939 - Knowledge - INFO - persist search terms embedding for jwql/website/apps/jwql/static/css/loader.css
2025-11-19 11:43:11,956 - Knowledge - INFO - Found code-base-name: https://github.com/DarssiniRamesh/spacetelescope.git:main
2025-11-19 11:43:12,096 - Knowledge - INFO - process ingested knowledge for /app/data/T0015/271517/b4715fp/spacetelescope/jwql/website/apps/jwql/static/css/loader.css
2025-11-19 11:43:12,113 - Knowledge - INFO - Found code_base: <app.utils.kg_build.knowledge.KnowledgeCodeBase object at 0x7f453869a8d0>
2025-11-19 11:43:12,256 - Knowledge - INFO - persist ingested knowledge for /app/data/T0015/271517/b4715fp/spacetelescope/jwql/tests/test_api_views.py
2025-11-19 11:43:12,303 - Knowledge - INFO - Found code-base-name: https://github.com/DarssiniRamesh/spacetelescope.git:main
2025-11-19 11:43:12,488 - Knowledge - INFO - Found code_base: <app.utils.kg_build.knowledge.KnowledgeCodeBase object at 0x7f30087a7e50>
2025-11-19 11:43:12,553 - Knowledge - INFO - [MONGODB_OP] Completed: persist, Collection: file_info, Duration: 95ms
2025-11-19 11:43:12,719 - Knowledge - INFO - Found code-base-name: https://github.com/DarssiniRamesh/spacetelescope.git:main
2025-11-19 11:43:12,917 - Knowledge - INFO - Found code_base: <app.utils.kg_build.knowledge.KnowledgeCodeBase object at 0x7f30087a7e50>
2025-11-19 11:43:13,029 - Knowledge - INFO - [REDIS_OP] Completed: store_embedding, Key: jwql/tests/test_api_views.py, Duration: 245ms
2025-11-19 11:43:13,119 - Knowledge - INFO - persist ingested knowledge for /app/data/T0015/271517/b4715fp/spacetelescope/jwql/tests/test_api_views.py
2025-11-19 11:43:13,177 - Knowledge - INFO - persist search terms embedding for jwql/tests/test_api_views.py
2025-11-19 11:43:13,342 - Knowledge - INFO - process ingested knowledge for /app/data/T0015/271517/b4715fp/spacetelescope/jwql/tests/test_api_views.py
2025-11-19 11:43:13,443 - Knowledge - INFO - [MONGODB_OP] Completed: persist, Collection: file_info, Duration: 100ms
2025-11-19 11:43:13,570 - Knowledge - INFO - Found code-base-name: https://github.com/DarssiniRamesh/spacetelescope.git:main
2025-11-19 11:43:13,756 - Knowledge - INFO - Found code_base: <app.utils.kg_build.knowledge.KnowledgeCodeBase object at 0x7f453869a8d0>
2025-11-19 11:43:13,863 - Knowledge - INFO - [REDIS_OP] Completed: store_embedding, Key: jwql/tests/test_api_views.py, Duration: 246ms
2025-11-19 11:43:14,040 - Knowledge - INFO - persist search terms embedding for jwql/tests/test_api_views.py
2025-11-19 11:43:14,055 - Knowledge - INFO - Found code-base-name: https://github.com/DarssiniRamesh/spacetelescope.git:main
2025-11-19 11:43:14,220 - Knowledge - INFO - Found code_base: <app.utils.kg_build.knowledge.KnowledgeCodeBase object at 0x7f453869a8d0>
2025-11-19 11:43:14,243 - Knowledge - INFO - process ingested knowledge for /app/data/T0015/271517/b4715fp/spacetelescope/jwql/tests/test_api_views.py
2025-11-19 11:43:14,379 - Knowledge - INFO - persist ingested knowledge for /app/data/T0015/271517/b4715fp/spacetelescope/jwql/website/apps/jwql/static/js/image_click_to_change.js
2025-11-19 11:43:14,382 - Knowledge - INFO - Found code-base-name: https://github.com/DarssiniRamesh/spacetelescope.git:main
2025-11-19 11:43:14,525 - Knowledge - INFO - Found code_base: <app.utils.kg_build.knowledge.KnowledgeCodeBase object at 0x7f30087a7e50>
2025-11-19 11:43:14,670 - Knowledge - INFO - [MONGODB_OP] Completed: persist, Collection: file_info, Duration: 125ms
2025-11-19 11:43:14,753 - Knowledge - INFO - Found code-base-name: https://github.com/DarssiniRamesh/spacetelescope.git:main
2025-11-19 11:43:14,962 - Knowledge - INFO - Found code_base: <app.utils.kg_build.knowledge.KnowledgeCodeBase object at 0x7f30087a7e50>
2025-11-19 11:43:15,062 - Knowledge - INFO - [REDIS_OP] Completed: store_embedding, Key: jwql/website/apps/jwql/static/js/image_click_to_change.js, Duration: 228ms
2025-11-19 11:43:15,141 - Knowledge - INFO - persist ingested knowledge for /app/data/T0015/271517/b4715fp/spacetelescope/jwql/website/apps/jwql/static/js/image_click_to_change.js
2025-11-19 11:43:15,262 - Knowledge - INFO - persist search terms embedding for jwql/website/apps/jwql/static/js/image_click_to_change.js
2025-11-19 11:43:15,423 - Knowledge - INFO - [MONGODB_OP] Completed: persist, Collection: file_info, Duration: 122ms
2025-11-19 11:43:15,444 - Knowledge - INFO - process ingested knowledge for /app/data/T0015/271517/b4715fp/spacetelescope/jwql/website/apps/jwql/static/js/image_click_to_change.js
2025-11-19 11:43:15,649 - Knowledge - INFO - Found code-base-name: https://github.com/DarssiniRamesh/spacetelescope.git:main
2025-11-19 11:43:15,830 - Knowledge - INFO - Found code_base: <app.utils.kg_build.knowledge.KnowledgeCodeBase object at 0x7f453869a8d0>
2025-11-19 11:43:16,065 - Knowledge - INFO - Found code-base-name: https://github.com/DarssiniRamesh/spacetelescope.git:main
2025-11-19 11:43:16,106 - Knowledge - INFO - [REDIS_OP] Completed: store_embedding, Key: jwql/website/apps/jwql/static/js/image_click_to_change.js, Duration: 519ms
2025-11-19 11:43:16,231 - Knowledge - INFO - Found code_base: <app.utils.kg_build.knowledge.KnowledgeCodeBase object at 0x7f453869a8d0>
2025-11-19 11:43:16,262 - Knowledge - INFO - persist search terms embedding for jwql/website/apps/jwql/static/js/image_click_to_change.js
2025-11-19 11:43:16,377 - Knowledge - INFO - persist ingested knowledge for /app/data/T0015/271517/b4715fp/spacetelescope/jwql/database/monitor_table_definitions/nirspec/nirspec_bad_pixel_query_history.txt
2025-11-19 11:43:16,412 - Knowledge - INFO - process ingested knowledge for /app/data/T0015/271517/b4715fp/spacetelescope/jwql/website/apps/jwql/static/js/image_click_to_change.js
2025-11-19 11:43:16,617 - Knowledge - INFO - Found code-base-name: https://github.com/DarssiniRamesh/spacetelescope.git:main
2025-11-19 11:43:16,618 - Knowledge - INFO - [MONGODB_OP] Completed: persist, Collection: file_info, Duration: 91ms
2025-11-19 11:43:16,777 - Knowledge - INFO - Found code_base: <app.utils.kg_build.knowledge.KnowledgeCodeBase object at 0x7f30087a7e50>
2025-11-19 11:43:17,062 - Knowledge - INFO - Found code-base-name: https://github.com/DarssiniRamesh/spacetelescope.git:main
2025-11-19 11:43:17,072 - Knowledge - INFO - [REDIS_OP] Completed: store_embedding, Key: jwql/database/monitor_table_definitions/nirspec/nirspec_bad_pixel_query_history.txt, Duration: 238ms
2025-11-19 11:43:17,261 - Knowledge - INFO - Found code_base: <app.utils.kg_build.knowledge.KnowledgeCodeBase object at 0x7f30087a7e50>
2025-11-19 11:43:17,300 - Knowledge - INFO - persist search terms embedding for jwql/database/monitor_table_definitions/nirspec/nirspec_bad_pixel_query_history.txt
2025-11-19 11:43:17,437 - Knowledge - INFO - persist ingested knowledge for /app/data/T0015/271517/b4715fp/spacetelescope/jwql/database/monitor_table_definitions/nirspec/nirspec_bad_pixel_query_history.txt
2025-11-19 11:43:17,478 - Knowledge - INFO - process ingested knowledge for /app/data/T0015/271517/b4715fp/spacetelescope/jwql/database/monitor_table_definitions/nirspec/nirspec_bad_pixel_query_history.txt
2025-11-19 11:43:17,681 - Knowledge - INFO - Found code-base-name: https://github.com/DarssiniRamesh/spacetelescope.git:main
2025-11-19 11:43:17,744 - Knowledge - INFO - [MONGODB_OP] Completed: persist, Collection: file_info, Duration: 115ms
2025-11-19 11:43:17,836 - Knowledge - INFO - Found code_base: <app.utils.kg_build.knowledge.KnowledgeCodeBase object at 0x7f453869a8d0>
2025-11-19 11:43:18,105 - Knowledge - INFO - Found code-base-name: https://github.com/DarssiniRamesh/spacetelescope.git:main
2025-11-19 11:43:18,130 - Knowledge - INFO - [REDIS_OP] Completed: store_embedding, Key: jwql/database/monitor_table_definitions/nirspec/nirspec_bad_pixel_query_history.txt, Duration: 217ms
2025-11-19 11:43:18,257 - Knowledge - INFO - persist search terms embedding for jwql/database/monitor_table_definitions/nirspec/nirspec_bad_pixel_query_history.txt
2025-11-19 11:43:18,272 - Knowledge - INFO - Found code_base: <app.utils.kg_build.knowledge.KnowledgeCodeBase object at 0x7f453869a8d0>
2025-11-19 11:43:18,435 - Knowledge - INFO - process ingested knowledge for /app/data/T0015/271517/b4715fp/spacetelescope/jwql/database/monitor_table_definitions/nirspec/nirspec_bad_pixel_query_history.txt
2025-11-19 11:43:18,459 - Knowledge - INFO - persist ingested knowledge for /app/data/T0015/271517/b4715fp/spacetelescope/jwql/website/apps/jwql/db.py
2025-11-19 11:43:18,571 - Knowledge - INFO - Found code-base-name: https://github.com/DarssiniRamesh/spacetelescope.git:main
2025-11-19 11:43:18,745 - Knowledge - INFO - Found code_base: <app.utils.kg_build.knowledge.KnowledgeCodeBase object at 0x7f30087a7e50>
2025-11-19 11:43:18,794 - Knowledge - INFO - [MONGODB_OP] Completed: persist, Collection: file_info, Duration: 122ms
2025-11-19 11:43:19,002 - Knowledge - INFO - Found code-base-name: https://github.com/DarssiniRamesh/spacetelescope.git:main
2025-11-19 11:43:19,151 - Knowledge - INFO - Found code_base: <app.utils.kg_build.knowledge.KnowledgeCodeBase object at 0x7f30087a7e50>
2025-11-19 11:43:19,219 - Knowledge - INFO - [REDIS_OP] Completed: store_embedding, Key: jwql/website/apps/jwql/db.py, Duration: 224ms
2025-11-19 11:43:19,358 - Knowledge - INFO - persist ingested knowledge for /app/data/T0015/271517/b4715fp/spacetelescope/jwql/website/apps/jwql/db.py
2025-11-19 11:43:19,439 - Knowledge - INFO - persist search terms embedding for jwql/website/apps/jwql/db.py
2025-11-19 11:43:19,619 - Knowledge - INFO - process ingested knowledge for /app/data/T0015/271517/b4715fp/spacetelescope/jwql/website/apps/jwql/db.py
2025-11-19 11:43:19,653 - Knowledge - INFO - [MONGODB_OP] Completed: persist, Collection: file_info, Duration: 97ms
2025-11-19 11:43:19,800 - Knowledge - INFO - Found code-base-name: https://github.com/DarssiniRamesh/spacetelescope.git:main
2025-11-19 11:43:19,960 - Knowledge - INFO - Found code_base: <app.utils.kg_build.knowledge.KnowledgeCodeBase object at 0x7f453869a8d0>
2025-11-19 11:43:19,990 - Knowledge - INFO - [REDIS_OP] Completed: store_embedding, Key: jwql/website/apps/jwql/db.py, Duration: 188ms
2025-11-19 11:43:20,171 - Knowledge - INFO - persist search terms embedding for jwql/website/apps/jwql/db.py
2025-11-19 11:43:20,182 - Knowledge - INFO - Found code-base-name: https://github.com/DarssiniRamesh/spacetelescope.git:main
2025-11-19 11:43:20,347 - Knowledge - INFO - Found code_base: <app.utils.kg_build.knowledge.KnowledgeCodeBase object at 0x7f453869a8d0>
2025-11-19 11:43:20,360 - Knowledge - INFO - process ingested knowledge for /app/data/T0015/271517/b4715fp/spacetelescope/jwql/website/apps/jwql/db.py
2025-11-19 11:43:20,517 - Knowledge - INFO - persist ingested knowledge for /app/data/T0015/271517/b4715fp/spacetelescope/jwql/jwql_monitors/create_initial_preview_and_thumbnail_listfiles.py
2025-11-19 11:43:20,546 - Knowledge - INFO - Found code-base-name: https://github.com/DarssiniRamesh/spacetelescope.git:main
2025-11-19 11:43:20,690 - Knowledge - INFO - Found code_base: <app.utils.kg_build.knowledge.KnowledgeCodeBase object at 0x7f30087a7e50>
2025-11-19 11:43:20,791 - Knowledge - INFO - [MONGODB_OP] Completed: persist, Collection: file_info, Duration: 82ms
2025-11-19 11:43:20,954 - Knowledge - INFO - Found code-base-name: https://github.com/DarssiniRamesh/spacetelescope.git:main
2025-11-19 11:43:21,121 - Knowledge - INFO - Found code_base: <app.utils.kg_build.knowledge.KnowledgeCodeBase object at 0x7f30087a7e50>
2025-11-19 11:43:21,224 - Knowledge - INFO - [REDIS_OP] Completed: store_embedding, Key: jwql/jwql_monitors/create_initial_preview_and_thumbnail_listfiles.py, Duration: 234ms
2025-11-19 11:43:21,275 - Knowledge - INFO - persist ingested knowledge for /app/data/T0015/271517/b4715fp/spacetelescope/jwql/jwql_monitors/create_initial_preview_and_thumbnail_listfiles.py
2025-11-19 11:43:21,432 - Knowledge - INFO - persist search terms embedding for jwql/jwql_monitors/create_initial_preview_and_thumbnail_listfiles.py
2025-11-19 11:43:21,547 - Knowledge - INFO - [MONGODB_OP] Completed: persist, Collection: file_info, Duration: 91ms
2025-11-19 11:43:21,585 - Knowledge - INFO - process ingested knowledge for /app/data/T0015/271517/b4715fp/spacetelescope/jwql/jwql_monitors/create_initial_preview_and_thumbnail_listfiles.py
2025-11-19 11:43:21,759 - Knowledge - INFO - Found code-base-name: https://github.com/DarssiniRamesh/spacetelescope.git:main
2025-11-19 11:43:21,960 - Knowledge - INFO - [REDIS_OP] Completed: store_embedding, Key: jwql/jwql_monitors/create_initial_preview_and_thumbnail_listfiles.py, Duration: 228ms
2025-11-19 11:43:21,979 - Knowledge - INFO - Found code_base: <app.utils.kg_build.knowledge.KnowledgeCodeBase object at 0x7f453869a8d0>
2025-11-19 11:43:22,139 - Knowledge - INFO - persist search terms embedding for jwql/jwql_monitors/create_initial_preview_and_thumbnail_listfiles.py
2025-11-19 11:43:22,219 - Knowledge - INFO - Found code-base-name: https://github.com/DarssiniRamesh/spacetelescope.git:main
2025-11-19 11:43:22,297 - Knowledge - INFO - process ingested knowledge for /app/data/T0015/271517/b4715fp/spacetelescope/jwql/jwql_monitors/create_initial_preview_and_thumbnail_listfiles.py
2025-11-19 11:43:22,412 - Knowledge - INFO - Found code_base: <app.utils.kg_build.knowledge.KnowledgeCodeBase object at 0x7f453869a8d0>
2025-11-19 11:43:22,462 - Knowledge - INFO - Found code-base-name: https://github.com/DarssiniRamesh/spacetelescope.git:main
2025-11-19 11:43:22,577 - Knowledge - INFO - persist ingested knowledge for /app/data/T0015/271517/b4715fp/spacetelescope/jwql/tests/test_bokeh_templating_interface.yaml
2025-11-19 11:43:22,622 - Knowledge - INFO - Found code_base: <app.utils.kg_build.knowledge.KnowledgeCodeBase object at 0x7f30087a7e50>
2025-11-19 11:43:22,812 - Knowledge - INFO - [MONGODB_OP] Completed: persist, Collection: file_info, Duration: 96ms
2025-11-19 11:43:22,870 - Knowledge - INFO - Found code-base-name: https://github.com/DarssiniRamesh/spacetelescope.git:main
2025-11-19 11:43:23,048 - Knowledge - INFO - Found code_base: <app.utils.kg_build.knowledge.KnowledgeCodeBase object at 0x7f30087a7e50>
2025-11-19 11:43:23,236 - Knowledge - INFO - [REDIS_OP] Completed: store_embedding, Key: jwql/tests/test_bokeh_templating_interface.yaml, Duration: 265ms
2025-11-19 11:43:23,284 - Knowledge - INFO - persist ingested knowledge for /app/data/T0015/271517/b4715fp/spacetelescope/jwql/tests/test_bokeh_templating_interface.yaml
2025-11-19 11:43:23,408 - Knowledge - INFO - persist search terms embedding for jwql/tests/test_bokeh_templating_interface.yaml
2025-11-19 11:43:23,531 - Knowledge - INFO - [MONGODB_OP] Completed: persist, Collection: file_info, Duration: 88ms
2025-11-19 11:43:23,615 - Knowledge - INFO - process ingested knowledge for /app/data/T0015/271517/b4715fp/spacetelescope/jwql/tests/test_bokeh_templating_interface.yaml
2025-11-19 11:43:23,821 - Knowledge - INFO - Found code-base-name: https://github.com/DarssiniRamesh/spacetelescope.git:main
2025-11-19 11:43:23,985 - Knowledge - INFO - [REDIS_OP] Completed: store_embedding, Key: jwql/tests/test_bokeh_templating_interface.yaml, Duration: 271ms
2025-11-19 11:43:23,994 - Knowledge - INFO - Found code_base: <app.utils.kg_build.knowledge.KnowledgeCodeBase object at 0x7f453869a8d0>
2025-11-19 11:43:24,164 - Knowledge - INFO - persist search terms embedding for jwql/tests/test_bokeh_templating_interface.yaml
2025-11-19 11:43:24,242 - Knowledge - INFO - Found code-base-name: https://github.com/DarssiniRamesh/spacetelescope.git:main
2025-11-19 11:43:24,360 - Knowledge - INFO - process ingested knowledge for /app/data/T0015/271517/b4715fp/spacetelescope/jwql/tests/test_bokeh_templating_interface.yaml
2025-11-19 11:43:24,425 - Knowledge - INFO - Found code_base: <app.utils.kg_build.knowledge.KnowledgeCodeBase object at 0x7f453869a8d0>
2025-11-19 11:43:24,542 - Knowledge - INFO - Found code-base-name: https://github.com/DarssiniRamesh/spacetelescope.git:main
2025-11-19 11:43:24,616 - Knowledge - INFO - persist ingested knowledge for /app/data/T0015/271517/b4715fp/spacetelescope/jwql/database/monitor_table_definitions/fgs/fgs_bad_pixel_stats.txt
2025-11-19 11:43:24,709 - Knowledge - INFO - Found code_base: <app.utils.kg_build.knowledge.KnowledgeCodeBase object at 0x7f30087a7e50>
2025-11-19 11:43:24,889 - Knowledge - INFO - [MONGODB_OP] Completed: persist, Collection: file_info, Duration: 90ms
2025-11-19 11:43:24,949 - Knowledge - INFO - Found code-base-name: https://github.com/DarssiniRamesh/spacetelescope.git:main
2025-11-19 11:43:25,167 - Knowledge - INFO - Found code_base: <app.utils.kg_build.knowledge.KnowledgeCodeBase object at 0x7f30087a7e50>
2025-11-19 11:43:25,318 - Knowledge - INFO - persist ingested knowledge for /app/data/T0015/271517/b4715fp/spacetelescope/jwql/database/monitor_table_definitions/fgs/fgs_bad_pixel_stats.txt
2025-11-19 11:43:25,355 - Knowledge - INFO - [REDIS_OP] Completed: store_embedding, Key: jwql/database/monitor_table_definitions/fgs/fgs_bad_pixel_stats.txt, Duration: 271ms
2025-11-19 11:43:25,521 - Knowledge - INFO - persist search terms embedding for jwql/database/monitor_table_definitions/fgs/fgs_bad_pixel_stats.txt
2025-11-19 11:43:25,599 - Knowledge - INFO - [MONGODB_OP] Completed: persist, Collection: file_info, Duration: 102ms
2025-11-19 11:43:25,682 - Knowledge - INFO - process ingested knowledge for /app/data/T0015/271517/b4715fp/spacetelescope/jwql/database/monitor_table_definitions/fgs/fgs_bad_pixel_stats.txt
2025-11-19 11:43:25,895 - Knowledge - INFO - Found code-base-name: https://github.com/DarssiniRamesh/spacetelescope.git:main
2025-11-19 11:43:25,970 - Knowledge - INFO - [REDIS_OP] Completed: store_embedding, Key: jwql/database/monitor_table_definitions/fgs/fgs_bad_pixel_stats.txt, Duration: 214ms
2025-11-19 11:43:26,083 - Knowledge - INFO - Found code_base: <app.utils.kg_build.knowledge.KnowledgeCodeBase object at 0x7f453869a8d0>
2025-11-19 11:43:26,158 - Knowledge - INFO - persist search terms embedding for jwql/database/monitor_table_definitions/fgs/fgs_bad_pixel_stats.txt
2025-11-19 11:43:26,301 - Knowledge - INFO - process ingested knowledge for /app/data/T0015/271517/b4715fp/spacetelescope/jwql/database/monitor_table_definitions/fgs/fgs_bad_pixel_stats.txt
2025-11-19 11:43:26,333 - Knowledge - INFO - Found code-base-name: https://github.com/DarssiniRamesh/spacetelescope.git:main
2025-11-19 11:43:26,470 - Knowledge - INFO - Found code-base-name: https://github.com/DarssiniRamesh/spacetelescope.git:main
2025-11-19 11:43:26,548 - Knowledge - INFO - Found code_base: <app.utils.kg_build.knowledge.KnowledgeCodeBase object at 0x7f453869a8d0>
2025-11-19 11:43:26,704 - Knowledge - INFO - Found code_base: <app.utils.kg_build.knowledge.KnowledgeCodeBase object at 0x7f30087a7e50>
2025-11-19 11:43:26,732 - Knowledge - INFO - persist ingested knowledge for /app/data/T0015/271517/b4715fp/spacetelescope/jwql/database/monitor_table_definitions/niriss/niriss_bad_pixel_stats.txt
2025-11-19 11:43:26,978 - Knowledge - INFO - Found code-base-name: https://github.com/DarssiniRamesh/spacetelescope.git:main
2025-11-19 11:43:26,988 - Knowledge - INFO - [MONGODB_OP] Completed: persist, Collection: file_info, Duration: 104ms
2025-11-19 11:43:27,139 - Knowledge - INFO - Found code_base: <app.utils.kg_build.knowledge.KnowledgeCodeBase object at 0x7f30087a7e50>
2025-11-19 11:43:27,288 - Knowledge - INFO - persist ingested knowledge for /app/data/T0015/271517/b4715fp/spacetelescope/jwql/database/monitor_table_definitions/niriss/niriss_bad_pixel_stats.txt
2025-11-19 11:43:27,359 - Knowledge - INFO - [REDIS_OP] Completed: store_embedding, Key: jwql/database/monitor_table_definitions/niriss/niriss_bad_pixel_stats.txt, Duration: 220ms
2025-11-19 11:43:27,535 - Knowledge - INFO - persist search terms embedding for jwql/database/monitor_table_definitions/niriss/niriss_bad_pixel_stats.txt
2025-11-19 11:43:27,551 - Knowledge - INFO - [MONGODB_OP] Completed: persist, Collection: file_info, Duration: 111ms
2025-11-19 11:43:27,706 - Knowledge - INFO - process ingested knowledge for /app/data/T0015/271517/b4715fp/spacetelescope/jwql/database/monitor_table_definitions/niriss/niriss_bad_pixel_stats.txt
2025-11-19 11:43:27,904 - Knowledge - INFO - Found code-base-name: https://github.com/DarssiniRamesh/spacetelescope.git:main
2025-11-19 11:43:27,982 - Knowledge - INFO - [REDIS_OP] Completed: store_embedding, Key: jwql/database/monitor_table_definitions/niriss/niriss_bad_pixel_stats.txt, Duration: 280ms
2025-11-19 11:43:28,058 - Knowledge - INFO - Found code_base: <app.utils.kg_build.knowledge.KnowledgeCodeBase object at 0x7f453869a8d0>
2025-11-19 11:43:28,153 - Knowledge - INFO - persist search terms embedding for jwql/database/monitor_table_definitions/niriss/niriss_bad_pixel_stats.txt
2025-11-19 11:43:28,277 - Knowledge - INFO - Found code-base-name: https://github.com/DarssiniRamesh/spacetelescope.git:main
2025-11-19 11:43:28,304 - Knowledge - INFO - process ingested knowledge for /app/data/T0015/271517/b4715fp/spacetelescope/jwql/database/monitor_table_definitions/niriss/niriss_bad_pixel_stats.txt
2025-11-19 11:43:28,452 - Knowledge - INFO - Found code_base: <app.utils.kg_build.knowledge.KnowledgeCodeBase object at 0x7f453869a8d0>
2025-11-19 11:43:28,500 - Knowledge - INFO - Found code-base-name: https://github.com/DarssiniRamesh/spacetelescope.git:main
2025-11-19 11:43:28,624 - Knowledge - INFO - persist ingested knowledge for /app/data/T0015/271517/b4715fp/spacetelescope/style_guide/accessibility_guidelines.md
2025-11-19 11:43:28,677 - Knowledge - INFO - Found code_base: <app.utils.kg_build.knowledge.KnowledgeCodeBase object at 0x7f30087a7e50>
2025-11-19 11:43:28,896 - Knowledge - INFO - [MONGODB_OP] Completed: persist, Collection: file_info, Duration: 81ms
2025-11-19 11:43:28,904 - Knowledge - INFO - Found code-base-name: https://github.com/DarssiniRamesh/spacetelescope.git:main
2025-11-19 11:43:29,040 - Knowledge - INFO - Found code_base: <app.utils.kg_build.knowledge.KnowledgeCodeBase object at 0x7f30087a7e50>
2025-11-19 11:43:29,210 - Knowledge - INFO - persist ingested knowledge for /app/data/T0015/271517/b4715fp/spacetelescope/style_guide/accessibility_guidelines.md
2025-11-19 11:43:29,295 - Knowledge - INFO - [REDIS_OP] Completed: store_embedding, Key: style_guide/accessibility_guidelines.md, Duration: 224ms
2025-11-19 11:43:29,474 - Knowledge - INFO - persist search terms embedding for style_guide/accessibility_guidelines.md
2025-11-19 11:43:29,506 - Knowledge - INFO - [MONGODB_OP] Completed: persist, Collection: file_info, Duration: 98ms
2025-11-19 11:43:29,692 - Knowledge - INFO - process ingested knowledge for /app/data/T0015/271517/b4715fp/spacetelescope/style_guide/accessibility_guidelines.md
2025-11-19 11:43:29,871 - Knowledge - INFO - Found code-base-name: https://github.com/DarssiniRamesh/spacetelescope.git:main
2025-11-19 11:43:30,007 - Knowledge - INFO - [REDIS_OP] Completed: store_embedding, Key: style_guide/accessibility_guidelines.md, Duration: 310ms
2025-11-19 11:43:30,102 - Knowledge - INFO - Found code_base: <app.utils.kg_build.knowledge.KnowledgeCodeBase object at 0x7f453869a8d0>
2025-11-19 11:43:30,207 - Knowledge - INFO - persist search terms embedding for style_guide/accessibility_guidelines.md
2025-11-19 11:43:30,343 - Knowledge - INFO - process ingested knowledge for /app/data/T0015/271517/b4715fp/spacetelescope/style_guide/accessibility_guidelines.md
2025-11-19 11:43:30,353 - Knowledge - INFO - Found code-base-name: https://github.com/DarssiniRamesh/spacetelescope.git:main
2025-11-19 11:43:30,501 - Knowledge - INFO - Found code-base-name: https://github.com/DarssiniRamesh/spacetelescope.git:main
2025-11-19 11:43:30,537 - Knowledge - INFO - Found code_base: <app.utils.kg_build.knowledge.KnowledgeCodeBase object at 0x7f453869a8d0>
2025-11-19 11:43:30,684 - Knowledge - INFO - Found code_base: <app.utils.kg_build.knowledge.KnowledgeCodeBase object at 0x7f30087a7e50>
2025-11-19 11:43:30,711 - Knowledge - INFO - persist ingested knowledge for /app/data/T0015/271517/b4715fp/spacetelescope/jwql/website/apps/jwql/urls.py
2025-11-19 11:43:30,947 - Knowledge - INFO - Found code-base-name: https://github.com/DarssiniRamesh/spacetelescope.git:main
2025-11-19 11:43:30,984 - Knowledge - INFO - [MONGODB_OP] Completed: persist, Collection: file_info, Duration: 74ms
2025-11-19 11:43:31,103 - Knowledge - INFO - Found code_base: <app.utils.kg_build.knowledge.KnowledgeCodeBase object at 0x7f30087a7e50>
2025-11-19 11:43:31,295 - Knowledge - INFO - persist ingested knowledge for /app/data/T0015/271517/b4715fp/spacetelescope/jwql/website/apps/jwql/urls.py
2025-11-19 11:43:31,471 - Knowledge - INFO - [REDIS_OP] Completed: store_embedding, Key: jwql/website/apps/jwql/urls.py, Duration: 306ms
2025-11-19 11:43:31,614 - Knowledge - INFO - [MONGODB_OP] Completed: persist, Collection: file_info, Duration: 96ms
2025-11-19 11:43:31,628 - Knowledge - INFO - persist search terms embedding for jwql/website/apps/jwql/urls.py
2025-11-19 11:43:31,835 - Knowledge - INFO - process ingested knowledge for /app/data/T0015/271517/b4715fp/spacetelescope/jwql/website/apps/jwql/urls.py
2025-11-19 11:43:32,062 - Knowledge - INFO - Found code-base-name: https://github.com/DarssiniRamesh/spacetelescope.git:main
2025-11-19 11:43:32,160 - Knowledge - INFO - [REDIS_OP] Completed: store_embedding, Key: jwql/website/apps/jwql/urls.py, Duration: 333ms
2025-11-19 11:43:32,218 - Knowledge - INFO - Found code_base: <app.utils.kg_build.knowledge.KnowledgeCodeBase object at 0x7f453869a8d0>
2025-11-19 11:43:32,332 - Knowledge - INFO - persist search terms embedding for jwql/website/apps/jwql/urls.py
2025-11-19 11:43:32,512 - Knowledge - INFO - Found code-base-name: https://github.com/DarssiniRamesh/spacetelescope.git:main
2025-11-19 11:43:32,521 - Knowledge - INFO - process ingested knowledge for /app/data/T0015/271517/b4715fp/spacetelescope/jwql/website/apps/jwql/urls.py
2025-11-19 11:43:32,666 - Knowledge - INFO - Found code-base-name: https://github.com/DarssiniRamesh/spacetelescope.git:main
2025-11-19 11:43:32,710 - Knowledge - INFO - Found code_base: <app.utils.kg_build.knowledge.KnowledgeCodeBase object at 0x7f453869a8d0>
2025-11-19 11:43:32,837 - Knowledge - INFO - Found code_base: <app.utils.kg_build.knowledge.KnowledgeCodeBase object at 0x7f30087a7e50>
2025-11-19 11:43:32,892 - Knowledge - INFO - persist ingested knowledge for /app/data/T0015/271517/b4715fp/spacetelescope/jwql/website/apps/jwql/monitor_pages/__init__.py
2025-11-19 11:43:33,070 - Knowledge - INFO - Found code-base-name: https://github.com/DarssiniRamesh/spacetelescope.git:main
2025-11-19 11:43:33,153 - Knowledge - INFO - [MONGODB_OP] Completed: persist, Collection: file_info, Duration: 75ms
2025-11-19 11:43:33,222 - Knowledge - INFO - Found code_base: <app.utils.kg_build.knowledge.KnowledgeCodeBase object at 0x7f30087a7e50>
2025-11-19 11:43:33,386 - Knowledge - INFO - persist ingested knowledge for /app/data/T0015/271517/b4715fp/spacetelescope/jwql/website/apps/jwql/monitor_pages/__init__.py
2025-11-19 11:43:33,604 - Knowledge - INFO - [REDIS_OP] Completed: store_embedding, Key: jwql/website/apps/jwql/monitor_pages/__init__.py, Duration: 264ms
2025-11-19 11:43:33,645 - Knowledge - INFO - [MONGODB_OP] Completed: persist, Collection: file_info, Duration: 111ms
2025-11-19 11:43:33,777 - Knowledge - INFO - persist search terms embedding for jwql/website/apps/jwql/monitor_pages/__init__.py
2025-11-19 11:43:33,956 - Knowledge - INFO - process ingested knowledge for /app/data/T0015/271517/b4715fp/spacetelescope/jwql/website/apps/jwql/monitor_pages/__init__.py
2025-11-19 11:43:33,999 - Knowledge - INFO - [REDIS_OP] Completed: store_embedding, Key: jwql/website/apps/jwql/monitor_pages/__init__.py, Duration: 209ms
2025-11-19 11:43:34,141 - Knowledge - INFO - persist search terms embedding for jwql/website/apps/jwql/monitor_pages/__init__.py
2025-11-19 11:43:34,162 - Knowledge - INFO - Found code-base-name: https://github.com/DarssiniRamesh/spacetelescope.git:main
2025-11-19 11:43:34,344 - Knowledge - INFO - process ingested knowledge for /app/data/T0015/271517/b4715fp/spacetelescope/jwql/website/apps/jwql/monitor_pages/__init__.py
2025-11-19 11:43:34,350 - Knowledge - INFO - Found code_base: <app.utils.kg_build.knowledge.KnowledgeCodeBase object at 0x7f453869a8d0>
2025-11-19 11:43:34,557 - Knowledge - INFO - Found code-base-name: https://github.com/DarssiniRamesh/spacetelescope.git:main
2025-11-19 11:43:34,601 - Knowledge - INFO - Found code-base-name: https://github.com/DarssiniRamesh/spacetelescope.git:main
2025-11-19 11:43:34,738 - Knowledge - INFO - Found code_base: <app.utils.kg_build.knowledge.KnowledgeCodeBase object at 0x7f30087a7e50>
2025-11-19 11:43:34,774 - Knowledge - INFO - Found code_base: <app.utils.kg_build.knowledge.KnowledgeCodeBase object at 0x7f453869a8d0>
2025-11-19 11:43:34,957 - Knowledge - INFO - persist ingested knowledge for /app/data/T0015/271517/b4715fp/spacetelescope/jwql/website/apps/jwql/templates/jwqldb_table_viewer.html
2025-11-19 11:43:34,960 - Knowledge - INFO - Found code-base-name: https://github.com/DarssiniRamesh/spacetelescope.git:main
2025-11-19 11:43:35,111 - Knowledge - INFO - Found code_base: <app.utils.kg_build.knowledge.KnowledgeCodeBase object at 0x7f30087a7e50>
2025-11-19 11:43:35,267 - Knowledge - INFO - [MONGODB_OP] Completed: persist, Collection: file_info, Duration: 95ms
2025-11-19 11:43:35,288 - Knowledge - INFO - persist ingested knowledge for /app/data/T0015/271517/b4715fp/spacetelescope/jwql/website/apps/jwql/templates/jwqldb_table_viewer.html
2025-11-19 11:43:35,608 - Knowledge - INFO - [MONGODB_OP] Completed: persist, Collection: file_info, Duration: 108ms
2025-11-19 11:43:35,710 - Knowledge - INFO - [REDIS_OP] Completed: store_embedding, Key: jwql/website/apps/jwql/templates/jwqldb_table_viewer.html, Duration: 247ms
2025-11-19 11:43:35,910 - Knowledge - INFO - persist search terms embedding for jwql/website/apps/jwql/templates/jwqldb_table_viewer.html
2025-11-19 11:43:35,989 - Knowledge - INFO - [REDIS_OP] Completed: store_embedding, Key: jwql/website/apps/jwql/templates/jwqldb_table_viewer.html, Duration: 207ms
2025-11-19 11:43:36,104 - Knowledge - INFO - process ingested knowledge for /app/data/T0015/271517/b4715fp/spacetelescope/jwql/website/apps/jwql/templates/jwqldb_table_viewer.html
2025-11-19 11:43:36,195 - Knowledge - INFO - persist search terms embedding for jwql/website/apps/jwql/templates/jwqldb_table_viewer.html
2025-11-19 11:43:36,294 - Knowledge - INFO - Found code-base-name: https://github.com/DarssiniRamesh/spacetelescope.git:main
2025-11-19 11:43:36,377 - Knowledge - INFO - process ingested knowledge for /app/data/T0015/271517/b4715fp/spacetelescope/jwql/website/apps/jwql/templates/jwqldb_table_viewer.html
2025-11-19 11:43:36,492 - Knowledge - INFO - Found code_base: <app.utils.kg_build.knowledge.KnowledgeCodeBase object at 0x7f453869a8d0>
2025-11-19 11:43:36,545 - Knowledge - INFO - Found code-base-name: https://github.com/DarssiniRamesh/spacetelescope.git:main
2025-11-19 11:43:36,687 - Knowledge - INFO - Found code_base: <app.utils.kg_build.knowledge.KnowledgeCodeBase object at 0x7f30087a7e50>
2025-11-19 11:43:36,754 - Knowledge - INFO - Found code-base-name: https://github.com/DarssiniRamesh/spacetelescope.git:main
2025-11-19 11:43:36,920 - Knowledge - INFO - Found code-base-name: https://github.com/DarssiniRamesh/spacetelescope.git:main
2025-11-19 11:43:36,934 - Knowledge - INFO - Found code_base: <app.utils.kg_build.knowledge.KnowledgeCodeBase object at 0x7f453869a8d0>
2025-11-19 11:43:37,089 - Knowledge - INFO - persist ingested knowledge for /app/data/T0015/271517/b4715fp/spacetelescope/docs/source/tests.rst
2025-11-19 11:43:37,117 - Knowledge - INFO - Found code_base: <app.utils.kg_build.knowledge.KnowledgeCodeBase object at 0x7f30087a7e50>
2025-11-19 11:43:37,259 - Knowledge - INFO - persist ingested knowledge for /app/data/T0015/271517/b4715fp/spacetelescope/docs/source/tests.rst
2025-11-19 11:43:37,332 - Knowledge - INFO - [MONGODB_OP] Completed: persist, Collection: file_info, Duration: 92ms
2025-11-19 11:43:37,517 - Knowledge - INFO - [MONGODB_OP] Completed: persist, Collection: file_info, Duration: 96ms
2025-11-19 11:43:37,875 - Knowledge - INFO - [REDIS_OP] Completed: store_embedding, Key: docs/source/tests.rst, Duration: 348ms
2025-11-19 11:43:37,889 - Knowledge - INFO - [REDIS_OP] Completed: store_embedding, Key: docs/source/tests.rst, Duration: 214ms
2025-11-19 11:43:38,061 - Knowledge - INFO - persist search terms embedding for docs/source/tests.rst
2025-11-19 11:43:38,069 - Knowledge - INFO - persist search terms embedding for docs/source/tests.rst
2025-11-19 11:43:38,236 - Knowledge - INFO - process ingested knowledge for /app/data/T0015/271517/b4715fp/spacetelescope/docs/source/tests.rst
2025-11-19 11:43:38,253 - Knowledge - INFO - process ingested knowledge for /app/data/T0015/271517/b4715fp/spacetelescope/docs/source/tests.rst
2025-11-19 11:43:38,451 - Knowledge - INFO - Found code-base-name: https://github.com/DarssiniRamesh/spacetelescope.git:main
2025-11-19 11:43:38,453 - Knowledge - INFO - Found code-base-name: https://github.com/DarssiniRamesh/spacetelescope.git:main
2025-11-19 11:43:38,613 - Knowledge - INFO - Found code_base: <app.utils.kg_build.knowledge.KnowledgeCodeBase object at 0x7f453869a8d0>
2025-11-19 11:43:38,647 - Knowledge - INFO - Found code_base: <app.utils.kg_build.knowledge.KnowledgeCodeBase object at 0x7f30087a7e50>
2025-11-19 11:43:38,891 - Knowledge - INFO - Found code-base-name: https://github.com/DarssiniRamesh/spacetelescope.git:main
2025-11-19 11:43:38,894 - Knowledge - INFO - Found code-base-name: https://github.com/DarssiniRamesh/spacetelescope.git:main
2025-11-19 11:43:39,045 - Knowledge - INFO - Found code_base: <app.utils.kg_build.knowledge.KnowledgeCodeBase object at 0x7f30087a7e50>
2025-11-19 11:43:39,111 - Knowledge - INFO - Found code_base: <app.utils.kg_build.knowledge.KnowledgeCodeBase object at 0x7f453869a8d0>
2025-11-19 11:43:39,226 - Knowledge - INFO - persist ingested knowledge for /app/data/T0015/271517/b4715fp/spacetelescope/requirements.txt
2025-11-19 11:43:39,276 - Knowledge - INFO - persist ingested knowledge for /app/data/T0015/271517/b4715fp/spacetelescope/requirements.txt
2025-11-19 11:43:39,512 - Knowledge - INFO - [MONGODB_OP] Completed: persist, Collection: file_info, Duration: 95ms
2025-11-19 11:43:39,528 - Knowledge - INFO - [MONGODB_OP] Completed: persist, Collection: file_info, Duration: 85ms
2025-11-19 11:43:39,880 - Knowledge - INFO - [REDIS_OP] Completed: store_embedding, Key: requirements.txt, Duration: 185ms
2025-11-19 11:43:39,928 - Knowledge - INFO - [REDIS_OP] Completed: store_embedding, Key: requirements.txt, Duration: 239ms
2025-11-19 11:43:40,066 - Knowledge - INFO - persist search terms embedding for requirements.txt
2025-11-19 11:43:40,091 - Knowledge - INFO - persist search terms embedding for requirements.txt
2025-11-19 11:43:40,244 - Knowledge - INFO - process ingested knowledge for /app/data/T0015/271517/b4715fp/spacetelescope/requirements.txt
2025-11-19 11:43:40,278 - Knowledge - INFO - process ingested knowledge for /app/data/T0015/271517/b4715fp/spacetelescope/requirements.txt
2025-11-19 11:43:40,429 - Knowledge - INFO - Found code-base-name: https://github.com/DarssiniRamesh/spacetelescope.git:main
2025-11-19 11:43:40,468 - Knowledge - INFO - Found code-base-name: https://github.com/DarssiniRamesh/spacetelescope.git:main
2025-11-19 11:43:40,574 - Knowledge - INFO - Found code_base: <app.utils.kg_build.knowledge.KnowledgeCodeBase object at 0x7f453869a8d0>
2025-11-19 11:43:40,660 - Knowledge - INFO - Found code_base: <app.utils.kg_build.knowledge.KnowledgeCodeBase object at 0x7f30087a7e50>
2025-11-19 11:43:40,808 - Knowledge - INFO - Found code-base-name: https://github.com/DarssiniRamesh/spacetelescope.git:main
2025-11-19 11:43:40,899 - Knowledge - INFO - Found code-base-name: https://github.com/DarssiniRamesh/spacetelescope.git:main
2025-11-19 11:43:41,017 - Knowledge - INFO - Found code_base: <app.utils.kg_build.knowledge.KnowledgeCodeBase object at 0x7f453869a8d0>
2025-11-19 11:43:41,074 - Knowledge - INFO - Found code_base: <app.utils.kg_build.knowledge.KnowledgeCodeBase object at 0x7f30087a7e50>
2025-11-19 11:43:41,219 - Knowledge - INFO - persist ingested knowledge for /app/data/T0015/271517/b4715fp/spacetelescope/jwql/database/monitor_table_definitions/nircam/nircam_dark_query_history.txt
2025-11-19 11:43:41,224 - Knowledge - INFO - persist ingested knowledge for /app/data/T0015/271517/b4715fp/spacetelescope/jwql/database/monitor_table_definitions/nircam/nircam_dark_query_history.txt
2025-11-19 11:43:41,468 - Knowledge - INFO - [MONGODB_OP] Completed: persist, Collection: file_info, Duration: 73ms
2025-11-19 11:43:41,473 - Knowledge - INFO - [MONGODB_OP] Completed: persist, Collection: file_info, Duration: 96ms
2025-11-19 11:43:41,854 - Knowledge - INFO - [REDIS_OP] Completed: store_embedding, Key: jwql/database/monitor_table_definitions/nircam/nircam_dark_query_history.txt, Duration: 173ms
2025-11-19 11:43:41,863 - Knowledge - INFO - [REDIS_OP] Completed: store_embedding, Key: jwql/database/monitor_table_definitions/nircam/nircam_dark_query_history.txt, Duration: 235ms
2025-11-19 11:43:41,988 - Knowledge - INFO - persist search terms embedding for jwql/database/monitor_table_definitions/nircam/nircam_dark_query_history.txt
2025-11-19 11:43:42,048 - Knowledge - INFO - persist search terms embedding for jwql/database/monitor_table_definitions/nircam/nircam_dark_query_history.txt
2025-11-19 11:43:42,191 - Knowledge - INFO - process ingested knowledge for /app/data/T0015/271517/b4715fp/spacetelescope/jwql/database/monitor_table_definitions/nircam/nircam_dark_query_history.txt
2025-11-19 11:43:42,229 - Knowledge - INFO - process ingested knowledge for /app/data/T0015/271517/b4715fp/spacetelescope/jwql/database/monitor_table_definitions/nircam/nircam_dark_query_history.txt
2025-11-19 11:43:42,356 - Knowledge - INFO - Found code-base-name: https://github.com/DarssiniRamesh/spacetelescope.git:main
2025-11-19 11:43:42,388 - Knowledge - INFO - Found code-base-name: https://github.com/DarssiniRamesh/spacetelescope.git:main
2025-11-19 11:43:42,530 - Knowledge - INFO - Found code_base: <app.utils.kg_build.knowledge.KnowledgeCodeBase object at 0x7f453869a8d0>
2025-11-19 11:43:42,587 - Knowledge - INFO - Found code_base: <app.utils.kg_build.knowledge.KnowledgeCodeBase object at 0x7f30087a7e50>
2025-11-19 11:43:42,747 - Knowledge - INFO - Found code-base-name: https://github.com/DarssiniRamesh/spacetelescope.git:main
2025-11-19 11:43:42,800 - Knowledge - INFO - Found code-base-name: https://github.com/DarssiniRamesh/spacetelescope.git:main
2025-11-19 11:43:42,924 - Knowledge - INFO - Found code_base: <app.utils.kg_build.knowledge.KnowledgeCodeBase object at 0x7f453869a8d0>
2025-11-19 11:43:42,990 - Knowledge - INFO - Found code_base: <app.utils.kg_build.knowledge.KnowledgeCodeBase object at 0x7f30087a7e50>
2025-11-19 11:43:43,074 - Knowledge - INFO - persist ingested knowledge for /app/data/T0015/271517/b4715fp/spacetelescope/jwql/website/apps/jwql/templates/archive.html
2025-11-19 11:43:43,161 - Knowledge - INFO - persist ingested knowledge for /app/data/T0015/271517/b4715fp/spacetelescope/jwql/website/apps/jwql/templates/archive.html
2025-11-19 11:43:43,386 - Knowledge - INFO - [MONGODB_OP] Completed: persist, Collection: file_info, Duration: 90ms
2025-11-19 11:43:43,447 - Knowledge - INFO - [MONGODB_OP] Completed: persist, Collection: file_info, Duration: 89ms
2025-11-19 11:43:43,803 - Knowledge - INFO - [REDIS_OP] Completed: store_embedding, Key: jwql/website/apps/jwql/templates/archive.html, Duration: 181ms
2025-11-19 11:43:43,902 - Knowledge - INFO - [REDIS_OP] Completed: store_embedding, Key: jwql/website/apps/jwql/templates/archive.html, Duration: 347ms
2025-11-19 11:43:43,973 - Knowledge - INFO - persist search terms embedding for jwql/website/apps/jwql/templates/archive.html
2025-11-19 11:43:44,087 - Knowledge - INFO - persist search terms embedding for jwql/website/apps/jwql/templates/archive.html
2025-11-19 11:43:44,163 - Knowledge - INFO - process ingested knowledge for /app/data/T0015/271517/b4715fp/spacetelescope/jwql/website/apps/jwql/templates/archive.html
2025-11-19 11:43:44,268 - Knowledge - INFO - process ingested knowledge for /app/data/T0015/271517/b4715fp/spacetelescope/jwql/website/apps/jwql/templates/archive.html
2025-11-19 11:43:44,399 - Knowledge - INFO - Found code-base-name: https://github.com/DarssiniRamesh/spacetelescope.git:main
2025-11-19 11:43:44,493 - Knowledge - INFO - Found code-base-name: https://github.com/DarssiniRamesh/spacetelescope.git:main
2025-11-19 11:43:44,535 - Knowledge - INFO - Found code_base: <app.utils.kg_build.knowledge.KnowledgeCodeBase object at 0x7f30087a7e50>
2025-11-19 11:43:44,689 - Knowledge - INFO - Found code_base: <app.utils.kg_build.knowledge.KnowledgeCodeBase object at 0x7f453869a8d0>
2025-11-19 11:43:44,807 - Knowledge - INFO - Found code-base-name: https://github.com/DarssiniRamesh/spacetelescope.git:main
2025-11-19 11:43:44,915 - Knowledge - INFO - Found code-base-name: https://github.com/DarssiniRamesh/spacetelescope.git:main
2025-11-19 11:43:45,063 - Knowledge - INFO - Found code_base: <app.utils.kg_build.knowledge.KnowledgeCodeBase object at 0x7f30087a7e50>
2025-11-19 11:43:45,118 - Knowledge - INFO - Found code_base: <app.utils.kg_build.knowledge.KnowledgeCodeBase object at 0x7f453869a8d0>
2025-11-19 11:43:45,222 - Knowledge - INFO - persist ingested knowledge for /app/data/T0015/271517/b4715fp/spacetelescope/jwql/database/monitor_table_definitions/nircam/nircam_readnoise_stats.txt
2025-11-19 11:43:45,307 - Knowledge - INFO - persist ingested knowledge for /app/data/T0015/271517/b4715fp/spacetelescope/jwql/database/monitor_table_definitions/nircam/nircam_readnoise_stats.txt
2025-11-19 11:43:45,545 - Knowledge - INFO - [MONGODB_OP] Completed: persist, Collection: file_info, Duration: 89ms
2025-11-19 11:43:45,562 - Knowledge - INFO - [MONGODB_OP] Completed: persist, Collection: file_info, Duration: 76ms
2025-11-19 11:43:45,937 - Knowledge - INFO - [REDIS_OP] Completed: store_embedding, Key: jwql/database/monitor_table_definitions/nircam/nircam_readnoise_stats.txt, Duration: 232ms
2025-11-19 11:43:46,052 - Knowledge - INFO - [REDIS_OP] Completed: store_embedding, Key: jwql/database/monitor_table_definitions/nircam/nircam_readnoise_stats.txt, Duration: 323ms
2025-11-19 11:43:46,118 - Knowledge - INFO - persist search terms embedding for jwql/database/monitor_table_definitions/nircam/nircam_readnoise_stats.txt
2025-11-19 11:43:46,287 - Knowledge - INFO - persist search terms embedding for jwql/database/monitor_table_definitions/nircam/nircam_readnoise_stats.txt
2025-11-19 11:43:46,311 - Knowledge - INFO - process ingested knowledge for /app/data/T0015/271517/b4715fp/spacetelescope/jwql/database/monitor_table_definitions/nircam/nircam_readnoise_stats.txt
2025-11-19 11:43:46,428 - Knowledge - INFO - process ingested knowledge for /app/data/T0015/271517/b4715fp/spacetelescope/jwql/database/monitor_table_definitions/nircam/nircam_readnoise_stats.txt
2025-11-19 11:43:46,533 - Knowledge - INFO - Found code-base-name: https://github.com/DarssiniRamesh/spacetelescope.git:main
2025-11-19 11:43:46,601 - Knowledge - INFO - Found code-base-name: https://github.com/DarssiniRamesh/spacetelescope.git:main
2025-11-19 11:43:46,696 - Knowledge - INFO - Found code_base: <app.utils.kg_build.knowledge.KnowledgeCodeBase object at 0x7f453869a8d0>
2025-11-19 11:43:46,774 - Knowledge - INFO - Found code_base: <app.utils.kg_build.knowledge.KnowledgeCodeBase object at 0x7f30087a7e50>
2025-11-19 11:43:46,967 - Knowledge - INFO - Found code-base-name: https://github.com/DarssiniRamesh/spacetelescope.git:main
2025-11-19 11:43:47,014 - Knowledge - INFO - Found code-base-name: https://github.com/DarssiniRamesh/spacetelescope.git:main
2025-11-19 11:43:47,126 - Knowledge - INFO - Found code_base: <app.utils.kg_build.knowledge.KnowledgeCodeBase object at 0x7f453869a8d0>
2025-11-19 11:43:47,169 - Knowledge - INFO - Found code_base: <app.utils.kg_build.knowledge.KnowledgeCodeBase object at 0x7f30087a7e50>
2025-11-19 11:43:47,320 - Knowledge - INFO - persist ingested knowledge for /app/data/T0015/271517/b4715fp/spacetelescope/docs/source/instrument_monitors.rst
2025-11-19 11:43:47,349 - Knowledge - INFO - persist ingested knowledge for /app/data/T0015/271517/b4715fp/spacetelescope/docs/source/instrument_monitors.rst
2025-11-19 11:43:47,592 - Knowledge - INFO - [MONGODB_OP] Completed: persist, Collection: file_info, Duration: 82ms
2025-11-19 11:43:47,598 - Knowledge - INFO - [MONGODB_OP] Completed: persist, Collection: file_info, Duration: 83ms
2025-11-19 11:43:47,955 - Knowledge - INFO - [REDIS_OP] Completed: store_embedding, Key: docs/source/instrument_monitors.rst, Duration: 229ms
2025-11-19 11:43:48,007 - Knowledge - INFO - [REDIS_OP] Completed: store_embedding, Key: docs/source/instrument_monitors.rst, Duration: 253ms
2025-11-19 11:43:48,185 - Knowledge - INFO - persist search terms embedding for docs/source/instrument_monitors.rst
2025-11-19 11:43:48,187 - Knowledge - INFO - persist search terms embedding for docs/source/instrument_monitors.rst
2025-11-19 11:43:48,333 - Knowledge - INFO - process ingested knowledge for /app/data/T0015/271517/b4715fp/spacetelescope/docs/source/instrument_monitors.rst
2025-11-19 11:43:48,360 - Knowledge - INFO - process ingested knowledge for /app/data/T0015/271517/b4715fp/spacetelescope/docs/source/instrument_monitors.rst
2025-11-19 11:43:48,515 - Knowledge - INFO - Found code-base-name: https://github.com/DarssiniRamesh/spacetelescope.git:main
2025-11-19 11:43:48,568 - Knowledge - INFO - Found code-base-name: https://github.com/DarssiniRamesh/spacetelescope.git:main
2025-11-19 11:43:48,698 - Knowledge - INFO - Found code_base: <app.utils.kg_build.knowledge.KnowledgeCodeBase object at 0x7f453869a8d0>
2025-11-19 11:43:48,735 - Knowledge - INFO - Found code_base: <app.utils.kg_build.knowledge.KnowledgeCodeBase object at 0x7f30087a7e50>
2025-11-19 11:43:48,950 - Knowledge - INFO - Found code-base-name: https://github.com/DarssiniRamesh/spacetelescope.git:main
2025-11-19 11:43:48,951 - Knowledge - INFO - Found code-base-name: https://github.com/DarssiniRamesh/spacetelescope.git:main
2025-11-19 11:43:49,131 - Knowledge - INFO - Found code_base: <app.utils.kg_build.knowledge.KnowledgeCodeBase object at 0x7f30087a7e50>
2025-11-19 11:43:49,139 - Knowledge - INFO - Found code_base: <app.utils.kg_build.knowledge.KnowledgeCodeBase object at 0x7f453869a8d0>
2025-11-19 11:43:49,316 - Knowledge - INFO - persist ingested knowledge for /app/data/T0015/271517/b4715fp/spacetelescope/jwql/instrument_monitors/nirspec_monitors/data_trending/plots/msa_mce_tab.py
2025-11-19 11:43:49,332 - Knowledge - INFO - persist ingested knowledge for /app/data/T0015/271517/b4715fp/spacetelescope/jwql/instrument_monitors/nirspec_monitors/data_trending/plots/msa_mce_tab.py
2025-11-19 11:43:49,578 - Knowledge - INFO - [MONGODB_OP] Completed: persist, Collection: file_info, Duration: 65ms
2025-11-19 11:43:49,589 - Knowledge - INFO - [MONGODB_OP] Completed: persist, Collection: file_info, Duration: 95ms
2025-11-19 11:43:49,966 - Knowledge - INFO - [REDIS_OP] Completed: store_embedding, Key: jwql/instrument_monitors/nirspec_monitors/data_trending/plots/msa_mce_tab.py, Duration: 224ms
2025-11-19 11:43:50,079 - Knowledge - INFO - [REDIS_OP] Completed: store_embedding, Key: jwql/instrument_monitors/nirspec_monitors/data_trending/plots/msa_mce_tab.py, Duration: 271ms
2025-11-19 11:43:50,169 - Knowledge - INFO - persist search terms embedding for jwql/instrument_monitors/nirspec_monitors/data_trending/plots/msa_mce_tab.py
2025-11-19 11:43:50,258 - Knowledge - INFO - persist search terms embedding for jwql/instrument_monitors/nirspec_monitors/data_trending/plots/msa_mce_tab.py
2025-11-19 11:43:50,341 - Knowledge - INFO - process ingested knowledge for /app/data/T0015/271517/b4715fp/spacetelescope/jwql/instrument_monitors/nirspec_monitors/data_trending/plots/msa_mce_tab.py
2025-11-19 11:43:50,437 - Knowledge - INFO - process ingested knowledge for /app/data/T0015/271517/b4715fp/spacetelescope/jwql/instrument_monitors/nirspec_monitors/data_trending/plots/msa_mce_tab.py
2025-11-19 11:43:50,509 - Knowledge - INFO - Found code-base-name: https://github.com/DarssiniRamesh/spacetelescope.git:main
2025-11-19 11:43:50,651 - Knowledge - INFO - Found code-base-name: https://github.com/DarssiniRamesh/spacetelescope.git:main
2025-11-19 11:43:50,699 - Knowledge - INFO - Found code_base: <app.utils.kg_build.knowledge.KnowledgeCodeBase object at 0x7f453869a8d0>
2025-11-19 11:43:50,840 - Knowledge - INFO - Found code_base: <app.utils.kg_build.knowledge.KnowledgeCodeBase object at 0x7f30087a7e50>
2025-11-19 11:43:50,954 - Knowledge - INFO - Found code-base-name: https://github.com/DarssiniRamesh/spacetelescope.git:main
2025-11-19 11:43:51,111 - Knowledge - INFO - Found code_base: <app.utils.kg_build.knowledge.KnowledgeCodeBase object at 0x7f453869a8d0>
2025-11-19 11:43:51,120 - Knowledge - INFO - Found code-base-name: https://github.com/DarssiniRamesh/spacetelescope.git:main
2025-11-19 11:43:51,273 - Knowledge - INFO - persist ingested knowledge for /app/data/T0015/271517/b4715fp/spacetelescope/docs/source/common_monitors.rst
2025-11-19 11:43:51,295 - Knowledge - INFO - Found code_base: <app.utils.kg_build.knowledge.KnowledgeCodeBase object at 0x7f30087a7e50>
2025-11-19 11:43:51,478 - Knowledge - INFO - persist ingested knowledge for /app/data/T0015/271517/b4715fp/spacetelescope/docs/source/common_monitors.rst
2025-11-19 11:43:51,572 - Knowledge - INFO - [MONGODB_OP] Completed: persist, Collection: file_info, Duration: 84ms
2025-11-19 11:43:51,768 - Knowledge - INFO - [MONGODB_OP] Completed: persist, Collection: file_info, Duration: 104ms
2025-11-19 11:43:52,021 - Knowledge - INFO - [REDIS_OP] Completed: store_embedding, Key: docs/source/common_monitors.rst, Duration: 257ms
2025-11-19 11:43:52,233 - Knowledge - INFO - persist search terms embedding for docs/source/common_monitors.rst
2025-11-19 11:43:52,264 - Knowledge - INFO - [REDIS_OP] Completed: store_embedding, Key: docs/source/common_monitors.rst, Duration: 276ms
2025-11-19 11:43:52,408 - Knowledge - INFO - process ingested knowledge for /app/data/T0015/271517/b4715fp/spacetelescope/docs/source/common_monitors.rst
2025-11-19 11:43:52,450 - Knowledge - INFO - persist search terms embedding for docs/source/common_monitors.rst
2025-11-19 11:43:52,579 - Knowledge - INFO - process ingested knowledge for /app/data/T0015/271517/b4715fp/spacetelescope/docs/source/common_monitors.rst
2025-11-19 11:43:52,606 - Knowledge - INFO - Found code-base-name: https://github.com/DarssiniRamesh/spacetelescope.git:main
2025-11-19 11:43:52,771 - Knowledge - INFO - Found code_base: <app.utils.kg_build.knowledge.KnowledgeCodeBase object at 0x7f453869a8d0>
2025-11-19 11:43:52,777 - Knowledge - INFO - Found code-base-name: https://github.com/DarssiniRamesh/spacetelescope.git:main
2025-11-19 11:43:52,937 - Knowledge - INFO - Found code_base: <app.utils.kg_build.knowledge.KnowledgeCodeBase object at 0x7f30087a7e50>
2025-11-19 11:43:53,046 - Knowledge - INFO - Found code-base-name: https://github.com/DarssiniRamesh/spacetelescope.git:main
2025-11-19 11:43:53,194 - Knowledge - INFO - Found code-base-name: https://github.com/DarssiniRamesh/spacetelescope.git:main
2025-11-19 11:43:53,215 - Knowledge - INFO - Found code_base: <app.utils.kg_build.knowledge.KnowledgeCodeBase object at 0x7f453869a8d0>
2025-11-19 11:43:53,349 - Knowledge - INFO - Found code_base: <app.utils.kg_build.knowledge.KnowledgeCodeBase object at 0x7f30087a7e50>
2025-11-19 11:43:53,369 - Knowledge - INFO - persist ingested knowledge for /app/data/T0015/271517/b4715fp/spacetelescope/style_guide/typing_demo/typing_demo_2.py
2025-11-19 11:43:53,505 - Knowledge - INFO - persist ingested knowledge for /app/data/T0015/271517/b4715fp/spacetelescope/style_guide/typing_demo/typing_demo_2.py
2025-11-19 11:43:53,605 - Knowledge - INFO - [MONGODB_OP] Completed: persist, Collection: file_info, Duration: 85ms
2025-11-19 11:43:53,771 - Knowledge - INFO - [MONGODB_OP] Completed: persist, Collection: file_info, Duration: 86ms
2025-11-19 11:43:54,040 - Knowledge - INFO - [REDIS_OP] Completed: store_embedding, Key: style_guide/typing_demo/typing_demo_2.py, Duration: 285ms
2025-11-19 11:43:54,229 - Knowledge - INFO - persist search terms embedding for style_guide/typing_demo/typing_demo_2.py
2025-11-19 11:43:54,248 - Knowledge - INFO - [REDIS_OP] Completed: store_embedding, Key: style_guide/typing_demo/typing_demo_2.py, Duration: 296ms
2025-11-19 11:43:54,400 - Knowledge - INFO - process ingested knowledge for /app/data/T0015/271517/b4715fp/spacetelescope/style_guide/typing_demo/typing_demo_2.py
2025-11-19 11:43:54,444 - Knowledge - INFO - persist search terms embedding for style_guide/typing_demo/typing_demo_2.py
2025-11-19 11:43:54,615 - Knowledge - INFO - Found code-base-name: https://github.com/DarssiniRamesh/spacetelescope.git:main
2025-11-19 11:43:54,629 - Knowledge - INFO - process ingested knowledge for /app/data/T0015/271517/b4715fp/spacetelescope/style_guide/typing_demo/typing_demo_2.py
2025-11-19 11:43:54,796 - Knowledge - INFO - Found code_base: <app.utils.kg_build.knowledge.KnowledgeCodeBase object at 0x7f453869a8d0>
2025-11-19 11:43:54,823 - Knowledge - INFO - Found code-base-name: https://github.com/DarssiniRamesh/spacetelescope.git:main
2025-11-19 11:43:55,012 - Knowledge - INFO - Found code_base: <app.utils.kg_build.knowledge.KnowledgeCodeBase object at 0x7f30087a7e50>
2025-11-19 11:43:55,084 - Knowledge - INFO - Found code-base-name: https://github.com/DarssiniRamesh/spacetelescope.git:main
2025-11-19 11:43:55,228 - Knowledge - INFO - Found code_base: <app.utils.kg_build.knowledge.KnowledgeCodeBase object at 0x7f453869a8d0>
2025-11-19 11:43:55,247 - Knowledge - INFO - Found code-base-name: https://github.com/DarssiniRamesh/spacetelescope.git:main
2025-11-19 11:43:55,402 - Knowledge - INFO - persist ingested knowledge for /app/data/T0015/271517/b4715fp/spacetelescope/jwql/utils/credentials.py
2025-11-19 11:43:55,424 - Knowledge - INFO - Found code_base: <app.utils.kg_build.knowledge.KnowledgeCodeBase object at 0x7f30087a7e50>
2025-11-19 11:43:55,610 - Knowledge - INFO - persist ingested knowledge for /app/data/T0015/271517/b4715fp/spacetelescope/jwql/utils/credentials.py
2025-11-19 11:43:55,673 - Knowledge - INFO - [MONGODB_OP] Completed: persist, Collection: file_info, Duration: 91ms
2025-11-19 11:43:55,899 - Knowledge - INFO - [MONGODB_OP] Completed: persist, Collection: file_info, Duration: 86ms
2025-11-19 11:43:56,128 - Knowledge - INFO - [REDIS_OP] Completed: store_embedding, Key: jwql/utils/credentials.py, Duration: 239ms
2025-11-19 11:43:56,303 - Knowledge - INFO - persist search terms embedding for jwql/utils/credentials.py
2025-11-19 11:43:56,359 - Knowledge - INFO - [REDIS_OP] Completed: store_embedding, Key: jwql/utils/credentials.py, Duration: 265ms
2025-11-19 11:43:56,496 - Knowledge - INFO - process ingested knowledge for /app/data/T0015/271517/b4715fp/spacetelescope/jwql/utils/credentials.py
2025-11-19 11:43:56,537 - Knowledge - INFO - persist search terms embedding for jwql/utils/credentials.py
2025-11-19 11:43:56,700 - Knowledge - INFO - Found code-base-name: https://github.com/DarssiniRamesh/spacetelescope.git:main
2025-11-19 11:43:56,709 - Knowledge - INFO - process ingested knowledge for /app/data/T0015/271517/b4715fp/spacetelescope/jwql/utils/credentials.py
2025-11-19 11:43:56,870 - Knowledge - INFO - Found code_base: <app.utils.kg_build.knowledge.KnowledgeCodeBase object at 0x7f453869a8d0>
2025-11-19 11:43:56,933 - Knowledge - INFO - Found code-base-name: https://github.com/DarssiniRamesh/spacetelescope.git:main
2025-11-19 11:43:57,119 - Knowledge - INFO - Found code-base-name: https://github.com/DarssiniRamesh/spacetelescope.git:main
2025-11-19 11:43:57,138 - Knowledge - INFO - Found code_base: <app.utils.kg_build.knowledge.KnowledgeCodeBase object at 0x7f30087a7e50>
2025-11-19 11:43:57,295 - Knowledge - INFO - Found code_base: <app.utils.kg_build.knowledge.KnowledgeCodeBase object at 0x7f453869a8d0>
2025-11-19 11:43:57,368 - Knowledge - INFO - Found code-base-name: https://github.com/DarssiniRamesh/spacetelescope.git:main
2025-11-19 11:43:57,478 - Knowledge - INFO - persist ingested knowledge for /app/data/T0015/271517/b4715fp/spacetelescope/jwql/tests/test_bokeh_templating.py
2025-11-19 11:43:57,511 - Knowledge - INFO - Found code_base: <app.utils.kg_build.knowledge.KnowledgeCodeBase object at 0x7f30087a7e50>
2025-11-19 11:43:57,691 - Knowledge - INFO - persist ingested knowledge for /app/data/T0015/271517/b4715fp/spacetelescope/jwql/tests/test_bokeh_templating.py
2025-11-19 11:43:57,722 - Knowledge - INFO - [MONGODB_OP] Completed: persist, Collection: file_info, Duration: 93ms
2025-11-19 11:43:57,946 - Knowledge - INFO - [MONGODB_OP] Completed: persist, Collection: file_info, Duration: 96ms
2025-11-19 11:43:58,307 - Knowledge - INFO - [REDIS_OP] Completed: store_embedding, Key: jwql/tests/test_bokeh_templating.py, Duration: 141ms
2025-11-19 11:43:58,344 - Knowledge - INFO - [REDIS_OP] Completed: store_embedding, Key: jwql/tests/test_bokeh_templating.py, Duration: 421ms
2025-11-19 11:43:58,502 - Knowledge - INFO - persist search terms embedding for jwql/tests/test_bokeh_templating.py
2025-11-19 11:43:58,537 - Knowledge - INFO - persist search terms embedding for jwql/tests/test_bokeh_templating.py
2025-11-19 11:43:58,677 - Knowledge - INFO - process ingested knowledge for /app/data/T0015/271517/b4715fp/spacetelescope/jwql/tests/test_bokeh_templating.py
2025-11-19 11:43:58,712 - Knowledge - INFO - process ingested knowledge for /app/data/T0015/271517/b4715fp/spacetelescope/jwql/tests/test_bokeh_templating.py
2025-11-19 11:43:58,839 - Knowledge - INFO - Found code-base-name: https://github.com/DarssiniRamesh/spacetelescope.git:main
2025-11-19 11:43:58,913 - Knowledge - INFO - Found code-base-name: https://github.com/DarssiniRamesh/spacetelescope.git:main
2025-11-19 11:43:58,998 - Knowledge - INFO - Found code_base: <app.utils.kg_build.knowledge.KnowledgeCodeBase object at 0x7f30087a7e50>
2025-11-19 11:43:59,103 - Knowledge - INFO - Found code_base: <app.utils.kg_build.knowledge.KnowledgeCodeBase object at 0x7f453869a8d0>
2025-11-19 11:43:59,230 - Knowledge - INFO - Found code-base-name: https://github.com/DarssiniRamesh/spacetelescope.git:main
2025-11-19 11:43:59,339 - Knowledge - INFO - Found code-base-name: https://github.com/DarssiniRamesh/spacetelescope.git:main
2025-11-19 11:43:59,433 - Knowledge - INFO - Found code_base: <app.utils.kg_build.knowledge.KnowledgeCodeBase object at 0x7f30087a7e50>
2025-11-19 11:43:59,529 - Knowledge - INFO - Found code_base: <app.utils.kg_build.knowledge.KnowledgeCodeBase object at 0x7f453869a8d0>
2025-11-19 11:43:59,619 - Knowledge - INFO - persist ingested knowledge for /app/data/T0015/271517/b4715fp/spacetelescope/docs/source/website.rst
2025-11-19 11:43:59,672 - Knowledge - INFO - persist ingested knowledge for /app/data/T0015/271517/b4715fp/spacetelescope/docs/source/website.rst
2025-11-19 11:43:59,865 - Knowledge - INFO - [MONGODB_OP] Completed: persist, Collection: file_info, Duration: 78ms
2025-11-19 11:43:59,932 - Knowledge - INFO - [MONGODB_OP] Completed: persist, Collection: file_info, Duration: 77ms
2025-11-19 11:44:00,266 - Knowledge - INFO - [REDIS_OP] Completed: store_embedding, Key: docs/source/website.rst, Duration: 199ms
2025-11-19 11:44:00,439 - Knowledge - INFO - persist search terms embedding for docs/source/website.rst
2025-11-19 11:44:00,631 - Knowledge - INFO - process ingested knowledge for /app/data/T0015/271517/b4715fp/spacetelescope/docs/source/website.rst
2025-11-19 11:44:00,809 - Knowledge - INFO - Found code-base-name: https://github.com/DarssiniRamesh/spacetelescope.git:main
2025-11-19 11:44:00,958 - Knowledge - INFO - [REDIS_OP] Completed: store_embedding, Key: docs/source/website.rst, Duration: 829ms
2025-11-19 11:44:01,003 - Knowledge - INFO - Found code_base: <app.utils.kg_build.knowledge.KnowledgeCodeBase object at 0x7f30087a7e50>
2025-11-19 11:44:01,101 - Knowledge - INFO - persist search terms embedding for docs/source/website.rst
2025-11-19 11:44:01,292 - Knowledge - INFO - process ingested knowledge for /app/data/T0015/271517/b4715fp/spacetelescope/docs/source/website.rst
2025-11-19 11:44:01,300 - Knowledge - INFO - Found code-base-name: https://github.com/DarssiniRamesh/spacetelescope.git:main
2025-11-19 11:44:01,476 - Knowledge - INFO - Found code_base: <app.utils.kg_build.knowledge.KnowledgeCodeBase object at 0x7f30087a7e50>
2025-11-19 11:44:01,479 - Knowledge - INFO - Found code-base-name: https://github.com/DarssiniRamesh/spacetelescope.git:main
2025-11-19 11:44:01,636 - Knowledge - INFO - persist ingested knowledge for /app/data/T0015/271517/b4715fp/spacetelescope/jwql/bokeh_templating/keyword_map.py
2025-11-19 11:44:01,678 - Knowledge - INFO - Found code_base: <app.utils.kg_build.knowledge.KnowledgeCodeBase object at 0x7f453869a8d0>
2025-11-19 11:44:01,912 - Knowledge - INFO - Found code-base-name: https://github.com/DarssiniRamesh/spacetelescope.git:main
2025-11-19 11:44:01,919 - Knowledge - INFO - [MONGODB_OP] Completed: persist, Collection: file_info, Duration: 102ms
2025-11-19 11:44:02,104 - Knowledge - INFO - Found code_base: <app.utils.kg_build.knowledge.KnowledgeCodeBase object at 0x7f453869a8d0>
2025-11-19 11:44:02,297 - Knowledge - INFO - persist ingested knowledge for /app/data/T0015/271517/b4715fp/spacetelescope/jwql/bokeh_templating/keyword_map.py
2025-11-19 11:44:02,307 - Knowledge - INFO - [REDIS_OP] Completed: store_embedding, Key: jwql/bokeh_templating/keyword_map.py, Duration: 225ms
2025-11-19 11:44:02,471 - Knowledge - INFO - persist search terms embedding for jwql/bokeh_templating/keyword_map.py
2025-11-19 11:44:02,564 - Knowledge - INFO - [MONGODB_OP] Completed: persist, Collection: file_info, Duration: 89ms
2025-11-19 11:44:02,660 - Knowledge - INFO - process ingested knowledge for /app/data/T0015/271517/b4715fp/spacetelescope/jwql/bokeh_templating/keyword_map.py
2025-11-19 11:44:02,821 - Knowledge - INFO - Found code-base-name: https://github.com/DarssiniRamesh/spacetelescope.git:main
2025-11-19 11:44:02,979 - Knowledge - INFO - [REDIS_OP] Completed: store_embedding, Key: jwql/bokeh_templating/keyword_map.py, Duration: 233ms
2025-11-19 11:44:03,011 - Knowledge - INFO - Found code_base: <app.utils.kg_build.knowledge.KnowledgeCodeBase object at 0x7f30087a7e50>
2025-11-19 11:44:03,157 - Knowledge - INFO - persist search terms embedding for jwql/bokeh_templating/keyword_map.py
2025-11-19 11:44:03,225 - Knowledge - INFO - Found code-base-name: https://github.com/DarssiniRamesh/spacetelescope.git:main
2025-11-19 11:44:03,336 - Knowledge - INFO - process ingested knowledge for /app/data/T0015/271517/b4715fp/spacetelescope/jwql/bokeh_templating/keyword_map.py
2025-11-19 11:44:03,398 - Knowledge - INFO - Found code_base: <app.utils.kg_build.knowledge.KnowledgeCodeBase object at 0x7f30087a7e50>
2025-11-19 11:44:03,551 - Knowledge - INFO - Found code-base-name: https://github.com/DarssiniRamesh/spacetelescope.git:main
2025-11-19 11:44:03,601 - Knowledge - INFO - persist ingested knowledge for /app/data/T0015/271517/b4715fp/spacetelescope/jwql/instrument_monitors/nirspec_monitors/data_trending/wheel_to_db.py
2025-11-19 11:44:03,772 - Knowledge - INFO - Found code_base: <app.utils.kg_build.knowledge.KnowledgeCodeBase object at 0x7f453869a8d0>
2025-11-19 11:44:03,891 - Knowledge - INFO - [MONGODB_OP] Completed: persist, Collection: file_info, Duration: 104ms
2025-11-19 11:44:04,036 - Knowledge - INFO - Found code-base-name: https://github.com/DarssiniRamesh/spacetelescope.git:main
2025-11-19 11:44:04,177 - Knowledge - INFO - Found code_base: <app.utils.kg_build.knowledge.KnowledgeCodeBase object at 0x7f453869a8d0>
2025-11-19 11:44:04,333 - Knowledge - INFO - [REDIS_OP] Completed: store_embedding, Key: jwql/instrument_monitors/nirspec_monitors/data_trending/wheel_to_db.py, Duration: 274ms
2025-11-19 11:44:04,351 - Knowledge - INFO - persist ingested knowledge for /app/data/T0015/271517/b4715fp/spacetelescope/jwql/instrument_monitors/nirspec_monitors/data_trending/wheel_to_db.py
2025-11-19 11:44:04,474 - Knowledge - INFO - persist search terms embedding for jwql/instrument_monitors/nirspec_monitors/data_trending/wheel_to_db.py
2025-11-19 11:44:04,632 - Knowledge - INFO - process ingested knowledge for /app/data/T0015/271517/b4715fp/spacetelescope/jwql/instrument_monitors/nirspec_monitors/data_trending/wheel_to_db.py
2025-11-19 11:44:04,683 - Knowledge - INFO - [MONGODB_OP] Completed: persist, Collection: file_info, Duration: 99ms
2025-11-19 11:44:04,802 - Knowledge - INFO - Found code-base-name: https://github.com/DarssiniRamesh/spacetelescope.git:main
2025-11-19 11:44:04,993 - Knowledge - INFO - Found code_base: <app.utils.kg_build.knowledge.KnowledgeCodeBase object at 0x7f30087a7e50>
2025-11-19 11:44:05,118 - Knowledge - INFO - [REDIS_OP] Completed: store_embedding, Key: jwql/instrument_monitors/nirspec_monitors/data_trending/wheel_to_db.py, Duration: 255ms
2025-11-19 11:44:05,273 - Knowledge - INFO - Found code-base-name: https://github.com/DarssiniRamesh/spacetelescope.git:main
2025-11-19 11:44:05,287 - Knowledge - INFO - persist search terms embedding for jwql/instrument_monitors/nirspec_monitors/data_trending/wheel_to_db.py
2025-11-19 11:44:05,425 - Knowledge - INFO - process ingested knowledge for /app/data/T0015/271517/b4715fp/spacetelescope/jwql/instrument_monitors/nirspec_monitors/data_trending/wheel_to_db.py
2025-11-19 11:44:05,489 - Knowledge - INFO - Found code_base: <app.utils.kg_build.knowledge.KnowledgeCodeBase object at 0x7f30087a7e50>
2025-11-19 11:44:05,587 - Knowledge - INFO - Found code-base-name: https://github.com/DarssiniRamesh/spacetelescope.git:main
2025-11-19 11:44:05,669 - Knowledge - INFO - persist ingested knowledge for /app/data/T0015/271517/b4715fp/spacetelescope/jwql/instrument_monitors/nirspec_monitors/data_trending/plots/caa_tab.py
2025-11-19 11:44:05,772 - Knowledge - INFO - Found code_base: <app.utils.kg_build.knowledge.KnowledgeCodeBase object at 0x7f453869a8d0>
2025-11-19 11:44:05,923 - Knowledge - INFO - [MONGODB_OP] Completed: persist, Collection: file_info, Duration: 92ms
2025-11-19 11:44:06,024 - Knowledge - INFO - Found code-base-name: https://github.com/DarssiniRamesh/spacetelescope.git:main
2025-11-19 11:44:06,241 - Knowledge - INFO - Found code_base: <app.utils.kg_build.knowledge.KnowledgeCodeBase object at 0x7f453869a8d0>
2025-11-19 11:44:06,321 - Knowledge - INFO - [REDIS_OP] Completed: store_embedding, Key: jwql/instrument_monitors/nirspec_monitors/data_trending/plots/caa_tab.py, Duration: 205ms
2025-11-19 11:44:06,423 - Knowledge - INFO - persist ingested knowledge for /app/data/T0015/271517/b4715fp/spacetelescope/jwql/instrument_monitors/nirspec_monitors/data_trending/plots/caa_tab.py
2025-11-19 11:44:06,527 - Knowledge - INFO - persist search terms embedding for jwql/instrument_monitors/nirspec_monitors/data_trending/plots/caa_tab.py
2025-11-19 11:44:06,719 - Knowledge - INFO - [MONGODB_OP] Completed: persist, Collection: file_info, Duration: 86ms
2025-11-19 11:44:06,719 - Knowledge - INFO - process ingested knowledge for /app/data/T0015/271517/b4715fp/spacetelescope/jwql/instrument_monitors/nirspec_monitors/data_trending/plots/caa_tab.py
2025-11-19 11:44:06,911 - Knowledge - INFO - Found code-base-name: https://github.com/DarssiniRamesh/spacetelescope.git:main
2025-11-19 11:44:07,059 - Knowledge - INFO - Found code_base: <app.utils.kg_build.knowledge.KnowledgeCodeBase object at 0x7f30087a7e50>
2025-11-19 11:44:07,134 - Knowledge - INFO - [REDIS_OP] Completed: store_embedding, Key: jwql/instrument_monitors/nirspec_monitors/data_trending/plots/caa_tab.py, Duration: 218ms
2025-11-19 11:44:07,286 - Knowledge - INFO - Found code-base-name: https://github.com/DarssiniRamesh/spacetelescope.git:main
2025-11-19 11:44:07,286 - Knowledge - INFO - persist search terms embedding for jwql/instrument_monitors/nirspec_monitors/data_trending/plots/caa_tab.py
2025-11-19 11:44:07,508 - Knowledge - INFO - Found code_base: <app.utils.kg_build.knowledge.KnowledgeCodeBase object at 0x7f30087a7e50>
2025-11-19 11:44:07,508 - Knowledge - INFO - process ingested knowledge for /app/data/T0015/271517/b4715fp/spacetelescope/jwql/instrument_monitors/nirspec_monitors/data_trending/plots/caa_tab.py
2025-11-19 11:44:07,660 - Knowledge - INFO - Found code-base-name: https://github.com/DarssiniRamesh/spacetelescope.git:main
2025-11-19 11:44:07,663 - Knowledge - INFO - persist ingested knowledge for /app/data/T0015/271517/b4715fp/spacetelescope/jwql/website/apps/jwql/monitor_pages/monitor_bias_bokeh.py
2025-11-19 11:44:07,871 - Knowledge - INFO - Found code_base: <app.utils.kg_build.knowledge.KnowledgeCodeBase object at 0x7f453869a8d0>
2025-11-19 11:44:07,960 - Knowledge - INFO - [MONGODB_OP] Completed: persist, Collection: file_info, Duration: 98ms
2025-11-19 11:44:08,147 - Knowledge - INFO - Found code-base-name: https://github.com/DarssiniRamesh/spacetelescope.git:main
2025-11-19 11:44:08,325 - Knowledge - INFO - Found code_base: <app.utils.kg_build.knowledge.KnowledgeCodeBase object at 0x7f453869a8d0>
2025-11-19 11:44:08,345 - Knowledge - INFO - [REDIS_OP] Completed: store_embedding, Key: jwql/website/apps/jwql/monitor_pages/monitor_bias_bokeh.py, Duration: 205ms
2025-11-19 11:44:08,475 - Knowledge - INFO - persist ingested knowledge for /app/data/T0015/271517/b4715fp/spacetelescope/jwql/website/apps/jwql/monitor_pages/monitor_bias_bokeh.py
2025-11-19 11:44:08,539 - Knowledge - INFO - persist search terms embedding for jwql/website/apps/jwql/monitor_pages/monitor_bias_bokeh.py
2025-11-19 11:44:08,720 - Knowledge - INFO - process ingested knowledge for /app/data/T0015/271517/b4715fp/spacetelescope/jwql/website/apps/jwql/monitor_pages/monitor_bias_bokeh.py
2025-11-19 11:44:08,762 - Knowledge - INFO - [MONGODB_OP] Completed: persist, Collection: file_info, Duration: 112ms
2025-11-19 11:44:08,883 - Knowledge - INFO - Found code-base-name: https://github.com/DarssiniRamesh/spacetelescope.git:main
2025-11-19 11:44:09,051 - Knowledge - INFO - Found code_base: <app.utils.kg_build.knowledge.KnowledgeCodeBase object at 0x7f30087a7e50>
2025-11-19 11:44:09,255 - Knowledge - INFO - [REDIS_OP] Completed: store_embedding, Key: jwql/website/apps/jwql/monitor_pages/monitor_bias_bokeh.py, Duration: 332ms
2025-11-19 11:44:09,332 - Knowledge - INFO - Found code-base-name: https://github.com/DarssiniRamesh/spacetelescope.git:main
2025-11-19 11:44:09,427 - Knowledge - INFO - persist search terms embedding for jwql/website/apps/jwql/monitor_pages/monitor_bias_bokeh.py
2025-11-19 11:44:09,483 - Knowledge - INFO - Found code_base: <app.utils.kg_build.knowledge.KnowledgeCodeBase object at 0x7f30087a7e50>
2025-11-19 11:44:09,629 - Knowledge - INFO - process ingested knowledge for /app/data/T0015/271517/b4715fp/spacetelescope/jwql/website/apps/jwql/monitor_pages/monitor_bias_bokeh.py
2025-11-19 11:44:09,679 - Knowledge - INFO - persist ingested knowledge for /app/data/T0015/271517/b4715fp/spacetelescope/jwql/website/apps/jwql/apps.py
2025-11-19 11:44:09,817 - Knowledge - INFO - Found code-base-name: https://github.com/DarssiniRamesh/spacetelescope.git:main
2025-11-19 11:44:09,965 - Knowledge - INFO - [MONGODB_OP] Completed: persist, Collection: file_info, Duration: 104ms
2025-11-19 11:44:10,025 - Knowledge - INFO - Found code_base: <app.utils.kg_build.knowledge.KnowledgeCodeBase object at 0x7f453869a8d0>
2025-11-19 11:44:10,311 - Knowledge - INFO - Found code-base-name: https://github.com/DarssiniRamesh/spacetelescope.git:main
2025-11-19 11:44:10,482 - Knowledge - INFO - Found code_base: <app.utils.kg_build.knowledge.KnowledgeCodeBase object at 0x7f453869a8d0>
2025-11-19 11:44:10,568 - Knowledge - INFO - [REDIS_OP] Completed: store_embedding, Key: jwql/website/apps/jwql/apps.py, Duration: 417ms
2025-11-19 11:44:10,712 - Knowledge - INFO - persist ingested knowledge for /app/data/T0015/271517/b4715fp/spacetelescope/jwql/website/apps/jwql/apps.py
2025-11-19 11:44:10,755 - Knowledge - INFO - persist search terms embedding for jwql/website/apps/jwql/apps.py
2025-11-19 11:44:10,927 - Knowledge - INFO - process ingested knowledge for /app/data/T0015/271517/b4715fp/spacetelescope/jwql/website/apps/jwql/apps.py
2025-11-19 11:44:10,964 - Knowledge - INFO - [MONGODB_OP] Completed: persist, Collection: file_info, Duration: 98ms
2025-11-19 11:44:11,083 - Knowledge - INFO - Found code-base-name: https://github.com/DarssiniRamesh/spacetelescope.git:main
2025-11-19 11:44:11,257 - Knowledge - INFO - Found code_base: <app.utils.kg_build.knowledge.KnowledgeCodeBase object at 0x7f30087a7e50>
2025-11-19 11:44:11,447 - Knowledge - INFO - [REDIS_OP] Completed: store_embedding, Key: jwql/website/apps/jwql/apps.py, Duration: 314ms
2025-11-19 11:44:11,531 - Knowledge - INFO - Found code-base-name: https://github.com/DarssiniRamesh/spacetelescope.git:main
2025-11-19 11:44:11,626 - Knowledge - INFO - persist search terms embedding for jwql/website/apps/jwql/apps.py
2025-11-19 11:44:11,697 - Knowledge - INFO - Found code_base: <app.utils.kg_build.knowledge.KnowledgeCodeBase object at 0x7f30087a7e50>
2025-11-19 11:44:11,828 - Knowledge - INFO - process ingested knowledge for /app/data/T0015/271517/b4715fp/spacetelescope/jwql/website/apps/jwql/apps.py
2025-11-19 11:44:11,836 - Knowledge - INFO - persist ingested knowledge for /app/data/T0015/271517/b4715fp/spacetelescope/jwql/database/monitor_table_definitions/nircam/nircam_readnoise_query_history.txt
2025-11-19 11:44:12,023 - Knowledge - INFO - Found code-base-name: https://github.com/DarssiniRamesh/spacetelescope.git:main
2025-11-19 11:44:12,077 - Knowledge - INFO - [MONGODB_OP] Completed: persist, Collection: file_info, Duration: 97ms
2025-11-19 11:44:12,192 - Knowledge - INFO - Found code_base: <app.utils.kg_build.knowledge.KnowledgeCodeBase object at 0x7f453869a8d0>
2025-11-19 11:44:12,441 - Knowledge - INFO - Found code-base-name: https://github.com/DarssiniRamesh/spacetelescope.git:main
2025-11-19 11:44:12,535 - Knowledge - INFO - [REDIS_OP] Completed: store_embedding, Key: jwql/database/monitor_table_definitions/nircam/nircam_readnoise_query_history.txt, Duration: 295ms
2025-11-19 11:44:12,621 - Knowledge - INFO - Found code_base: <app.utils.kg_build.knowledge.KnowledgeCodeBase object at 0x7f453869a8d0>
2025-11-19 11:44:12,709 - Knowledge - INFO - persist search terms embedding for jwql/database/monitor_table_definitions/nircam/nircam_readnoise_query_history.txt
2025-11-19 11:44:12,840 - Knowledge - INFO - persist ingested knowledge for /app/data/T0015/271517/b4715fp/spacetelescope/jwql/database/monitor_table_definitions/nircam/nircam_readnoise_query_history.txt
2025-11-19 11:44:12,907 - Knowledge - INFO - process ingested knowledge for /app/data/T0015/271517/b4715fp/spacetelescope/jwql/database/monitor_table_definitions/nircam/nircam_readnoise_query_history.txt
2025-11-19 11:44:13,081 - Knowledge - INFO - [MONGODB_OP] Completed: persist, Collection: file_info, Duration: 100ms
2025-11-19 11:44:13,114 - Knowledge - INFO - Found code-base-name: https://github.com/DarssiniRamesh/spacetelescope.git:main
2025-11-19 11:44:13,310 - Knowledge - INFO - Found code_base: <app.utils.kg_build.knowledge.KnowledgeCodeBase object at 0x7f30087a7e50>
2025-11-19 11:44:13,493 - Knowledge - INFO - [REDIS_OP] Completed: store_embedding, Key: jwql/database/monitor_table_definitions/nircam/nircam_readnoise_query_history.txt, Duration: 226ms
2025-11-19 11:44:13,619 - Knowledge - INFO - Found code-base-name: https://github.com/DarssiniRamesh/spacetelescope.git:main
2025-11-19 11:44:13,690 - Knowledge - INFO - persist search terms embedding for jwql/database/monitor_table_definitions/nircam/nircam_readnoise_query_history.txt
2025-11-19 11:44:13,799 - Knowledge - INFO - Found code_base: <app.utils.kg_build.knowledge.KnowledgeCodeBase object at 0x7f30087a7e50>
2025-11-19 11:44:13,914 - Knowledge - INFO - process ingested knowledge for /app/data/T0015/271517/b4715fp/spacetelescope/jwql/database/monitor_table_definitions/nircam/nircam_readnoise_query_history.txt
2025-11-19 11:44:14,000 - Knowledge - INFO - persist ingested knowledge for /app/data/T0015/271517/b4715fp/spacetelescope/docs/source/edb.rst
2025-11-19 11:44:14,076 - Knowledge - INFO - Found code-base-name: https://github.com/DarssiniRamesh/spacetelescope.git:main
2025-11-19 11:44:14,233 - Knowledge - INFO - Found code_base: <app.utils.kg_build.knowledge.KnowledgeCodeBase object at 0x7f453869a8d0>
2025-11-19 11:44:14,292 - Knowledge - INFO - [MONGODB_OP] Completed: persist, Collection: file_info, Duration: 93ms
2025-11-19 11:44:14,496 - Knowledge - INFO - Found code-base-name: https://github.com/DarssiniRamesh/spacetelescope.git:main
2025-11-19 11:44:14,650 - Knowledge - INFO - Found code_base: <app.utils.kg_build.knowledge.KnowledgeCodeBase object at 0x7f453869a8d0>
2025-11-19 11:44:14,736 - Knowledge - INFO - [REDIS_OP] Completed: store_embedding, Key: docs/source/edb.rst, Duration: 254ms
2025-11-19 11:44:14,851 - Knowledge - INFO - persist ingested knowledge for /app/data/T0015/271517/b4715fp/spacetelescope/docs/source/edb.rst
2025-11-19 11:44:14,945 - Knowledge - INFO - persist search terms embedding for docs/source/edb.rst
2025-11-19 11:44:15,088 - Knowledge - INFO - process ingested knowledge for /app/data/T0015/271517/b4715fp/spacetelescope/docs/source/edb.rst
2025-11-19 11:44:15,129 - Knowledge - INFO - [MONGODB_OP] Completed: persist, Collection: file_info, Duration: 93ms
2025-11-19 11:44:15,245 - Knowledge - INFO - Found code-base-name: https://github.com/DarssiniRamesh/spacetelescope.git:main
2025-11-19 11:44:15,433 - Knowledge - INFO - Found code_base: <app.utils.kg_build.knowledge.KnowledgeCodeBase object at 0x7f30087a7e50>
2025-11-19 11:44:15,524 - Knowledge - INFO - [REDIS_OP] Completed: store_embedding, Key: docs/source/edb.rst, Duration: 206ms
2025-11-19 11:44:15,691 - Knowledge - INFO - Found code-base-name: https://github.com/DarssiniRamesh/spacetelescope.git:main
2025-11-19 11:44:15,730 - Knowledge - INFO - persist search terms embedding for docs/source/edb.rst
2025-11-19 11:44:15,888 - Knowledge - INFO - Found code_base: <app.utils.kg_build.knowledge.KnowledgeCodeBase object at 0x7f30087a7e50>
2025-11-19 11:44:15,921 - Knowledge - INFO - process ingested knowledge for /app/data/T0015/271517/b4715fp/spacetelescope/docs/source/edb.rst
2025-11-19 11:44:16,040 - Knowledge - INFO - persist ingested knowledge for /app/data/T0015/271517/b4715fp/spacetelescope/jwql/tests/test_instrument_properties.py
2025-11-19 11:44:16,086 - Knowledge - INFO - Found code-base-name: https://github.com/DarssiniRamesh/spacetelescope.git:main
2025-11-19 11:44:16,244 - Knowledge - INFO - Found code_base: <app.utils.kg_build.knowledge.KnowledgeCodeBase object at 0x7f453869a8d0>
2025-11-19 11:44:16,317 - Knowledge - INFO - [MONGODB_OP] Completed: persist, Collection: file_info, Duration: 101ms
2025-11-19 11:44:16,527 - Knowledge - INFO - Found code-base-name: https://github.com/DarssiniRamesh/spacetelescope.git:main
2025-11-19 11:44:16,676 - Knowledge - INFO - Found code_base: <app.utils.kg_build.knowledge.KnowledgeCodeBase object at 0x7f453869a8d0>
2025-11-19 11:44:16,693 - Knowledge - INFO - [REDIS_OP] Completed: store_embedding, Key: jwql/tests/test_instrument_properties.py, Duration: 220ms
2025-11-19 11:44:16,864 - Knowledge - INFO - persist ingested knowledge for /app/data/T0015/271517/b4715fp/spacetelescope/jwql/tests/test_instrument_properties.py
2025-11-19 11:44:16,871 - Knowledge - INFO - persist search terms embedding for jwql/tests/test_instrument_properties.py
2025-11-19 11:44:17,057 - Knowledge - INFO - process ingested knowledge for /app/data/T0015/271517/b4715fp/spacetelescope/jwql/tests/test_instrument_properties.py
2025-11-19 11:44:17,155 - Knowledge - INFO - [MONGODB_OP] Completed: persist, Collection: file_info, Duration: 96ms
2025-11-19 11:44:17,195 - Knowledge - INFO - Found code-base-name: https://github.com/DarssiniRamesh/spacetelescope.git:main
2025-11-19 11:44:17,351 - Knowledge - INFO - Found code_base: <app.utils.kg_build.knowledge.KnowledgeCodeBase object at 0x7f30087a7e50>
2025-11-19 11:44:17,630 - Knowledge - INFO - [REDIS_OP] Completed: store_embedding, Key: jwql/tests/test_instrument_properties.py, Duration: 305ms
2025-11-19 11:44:17,642 - Knowledge - INFO - Found code-base-name: https://github.com/DarssiniRamesh/spacetelescope.git:main
2025-11-19 11:44:17,813 - Knowledge - INFO - Found code_base: <app.utils.kg_build.knowledge.KnowledgeCodeBase object at 0x7f30087a7e50>
2025-11-19 11:44:17,819 - Knowledge - INFO - persist search terms embedding for jwql/tests/test_instrument_properties.py
2025-11-19 11:44:17,968 - Knowledge - INFO - persist ingested knowledge for /app/data/T0015/271517/b4715fp/spacetelescope/style_guide/README.md
2025-11-19 11:44:18,036 - Knowledge - INFO - process ingested knowledge for /app/data/T0015/271517/b4715fp/spacetelescope/jwql/tests/test_instrument_properties.py
2025-11-19 11:44:18,216 - Knowledge - INFO - Found code-base-name: https://github.com/DarssiniRamesh/spacetelescope.git:main
2025-11-19 11:44:18,221 - Knowledge - INFO - [MONGODB_OP] Completed: persist, Collection: file_info, Duration: 93ms
2025-11-19 11:44:18,440 - Knowledge - INFO - Found code_base: <app.utils.kg_build.knowledge.KnowledgeCodeBase object at 0x7f453869a8d0>
2025-11-19 11:44:18,671 - Knowledge - INFO - [REDIS_OP] Completed: store_embedding, Key: style_guide/README.md, Duration: 219ms
2025-11-19 11:44:18,723 - Knowledge - INFO - Found code-base-name: https://github.com/DarssiniRamesh/spacetelescope.git:main
2025-11-19 11:44:18,846 - Knowledge - INFO - persist search terms embedding for style_guide/README.md
2025-11-19 11:44:18,897 - Knowledge - INFO - Found code_base: <app.utils.kg_build.knowledge.KnowledgeCodeBase object at 0x7f453869a8d0>
2025-11-19 11:44:19,057 - Knowledge - INFO - process ingested knowledge for /app/data/T0015/271517/b4715fp/spacetelescope/style_guide/README.md
2025-11-19 11:44:19,099 - Knowledge - INFO - persist ingested knowledge for /app/data/T0015/271517/b4715fp/spacetelescope/style_guide/README.md
2025-11-19 11:44:19,219 - Knowledge - INFO - Found code-base-name: https://github.com/DarssiniRamesh/spacetelescope.git:main
2025-11-19 11:44:19,369 - Knowledge - INFO - [MONGODB_OP] Completed: persist, Collection: file_info, Duration: 96ms
2025-11-19 11:44:19,418 - Knowledge - INFO - Found code_base: <app.utils.kg_build.knowledge.KnowledgeCodeBase object at 0x7f30087a7e50>
2025-11-19 11:44:19,642 - Knowledge - INFO - Found code-base-name: https://github.com/DarssiniRamesh/spacetelescope.git:main
2025-11-19 11:44:19,800 - Knowledge - INFO - [REDIS_OP] Completed: store_embedding, Key: style_guide/README.md, Duration: 255ms
2025-11-19 11:44:19,845 - Knowledge - INFO - Found code_base: <app.utils.kg_build.knowledge.KnowledgeCodeBase object at 0x7f30087a7e50>
2025-11-19 11:44:19,988 - Knowledge - INFO - persist search terms embedding for style_guide/README.md
2025-11-19 11:44:20,010 - Knowledge - INFO - persist ingested knowledge for /app/data/T0015/271517/b4715fp/spacetelescope/jwql/tests/test_database_interface.py
2025-11-19 11:44:20,161 - Knowledge - INFO - process ingested knowledge for /app/data/T0015/271517/b4715fp/spacetelescope/style_guide/README.md
2025-11-19 11:44:20,264 - Knowledge - INFO - [MONGODB_OP] Completed: persist, Collection: file_info, Duration: 88ms
2025-11-19 11:44:20,344 - Knowledge - INFO - Found code-base-name: https://github.com/DarssiniRamesh/spacetelescope.git:main
2025-11-19 11:44:20,504 - Knowledge - INFO - Found code_base: <app.utils.kg_build.knowledge.KnowledgeCodeBase object at 0x7f453869a8d0>
2025-11-19 11:44:20,721 - Knowledge - INFO - [REDIS_OP] Completed: store_embedding, Key: jwql/tests/test_database_interface.py, Duration: 225ms
2025-11-19 11:44:20,771 - Knowledge - INFO - Found code-base-name: https://github.com/DarssiniRamesh/spacetelescope.git:main
2025-11-19 11:44:20,922 - Knowledge - INFO - persist search terms embedding for jwql/tests/test_database_interface.py
2025-11-19 11:44:20,954 - Knowledge - INFO - Found code_base: <app.utils.kg_build.knowledge.KnowledgeCodeBase object at 0x7f453869a8d0>
2025-11-19 11:44:21,083 - Knowledge - INFO - process ingested knowledge for /app/data/T0015/271517/b4715fp/spacetelescope/jwql/tests/test_database_interface.py
2025-11-19 11:44:21,156 - Knowledge - INFO - persist ingested knowledge for /app/data/T0015/271517/b4715fp/spacetelescope/jwql/tests/test_database_interface.py
2025-11-19 11:44:21,245 - Knowledge - INFO - Found code-base-name: https://github.com/DarssiniRamesh/spacetelescope.git:main
2025-11-19 11:44:21,427 - Knowledge - INFO - [MONGODB_OP] Completed: persist, Collection: file_info, Duration: 93ms
2025-11-19 11:44:21,453 - Knowledge - INFO - Found code_base: <app.utils.kg_build.knowledge.KnowledgeCodeBase object at 0x7f30087a7e50>
2025-11-19 11:44:21,715 - Knowledge - INFO - Found code-base-name: https://github.com/DarssiniRamesh/spacetelescope.git:main
2025-11-19 11:44:21,857 - Knowledge - INFO - [REDIS_OP] Completed: store_embedding, Key: jwql/tests/test_database_interface.py, Duration: 242ms
2025-11-19 11:44:21,866 - Knowledge - INFO - Found code_base: <app.utils.kg_build.knowledge.KnowledgeCodeBase object at 0x7f30087a7e50>
2025-11-19 11:44:22,039 - Knowledge - INFO - persist ingested knowledge for /app/data/T0015/271517/b4715fp/spacetelescope/jwql/website/apps/jwql/models.py
2025-11-19 11:44:22,043 - Knowledge - INFO - persist search terms embedding for jwql/tests/test_database_interface.py
2025-11-19 11:44:22,215 - Knowledge - INFO - process ingested knowledge for /app/data/T0015/271517/b4715fp/spacetelescope/jwql/tests/test_database_interface.py
2025-11-19 11:44:22,426 - Knowledge - INFO - Found code-base-name: https://github.com/DarssiniRamesh/spacetelescope.git:main
2025-11-19 11:44:22,450 - Knowledge - INFO - [MONGODB_OP] Completed: persist, Collection: file_info, Duration: 213ms
2025-11-19 11:44:22,610 - Knowledge - INFO - Found code_base: <app.utils.kg_build.knowledge.KnowledgeCodeBase object at 0x7f453869a8d0>
2025-11-19 11:44:22,889 - Knowledge - INFO - Found code-base-name: https://github.com/DarssiniRamesh/spacetelescope.git:main
2025-11-19 11:44:23,080 - Knowledge - INFO - Found code_base: <app.utils.kg_build.knowledge.KnowledgeCodeBase object at 0x7f453869a8d0>
2025-11-19 11:44:23,272 - Knowledge - INFO - persist ingested knowledge for /app/data/T0015/271517/b4715fp/spacetelescope/jwql/website/apps/jwql/models.py
2025-11-19 11:44:23,542 - Knowledge - INFO - [MONGODB_OP] Completed: persist, Collection: file_info, Duration: 100ms
2025-11-19 11:44:23,864 - Knowledge - INFO - [REDIS_OP] Completed: store_embedding, Key: jwql/website/apps/jwql/models.py, Duration: 1190ms
2025-11-19 11:44:23,938 - Knowledge - INFO - [REDIS_OP] Completed: store_embedding, Key: jwql/website/apps/jwql/models.py, Duration: 209ms
2025-11-19 11:44:24,058 - Knowledge - INFO - persist search terms embedding for jwql/website/apps/jwql/models.py
2025-11-19 11:44:24,114 - Knowledge - INFO - persist search terms embedding for jwql/website/apps/jwql/models.py
2025-11-19 11:44:24,250 - Knowledge - INFO - process ingested knowledge for /app/data/T0015/271517/b4715fp/spacetelescope/jwql/website/apps/jwql/models.py
2025-11-19 11:44:24,283 - Knowledge - INFO - process ingested knowledge for /app/data/T0015/271517/b4715fp/spacetelescope/jwql/website/apps/jwql/models.py
2025-11-19 11:44:24,458 - Knowledge - INFO - Found code-base-name: https://github.com/DarssiniRamesh/spacetelescope.git:main
2025-11-19 11:44:24,475 - Knowledge - INFO - Found code-base-name: https://github.com/DarssiniRamesh/spacetelescope.git:main
2025-11-19 11:44:24,605 - Knowledge - INFO - Found code_base: <app.utils.kg_build.knowledge.KnowledgeCodeBase object at 0x7f30087a7e50>
2025-11-19 11:44:24,641 - Knowledge - INFO - Found code_base: <app.utils.kg_build.knowledge.KnowledgeCodeBase object at 0x7f453869a8d0>
2025-11-19 11:44:24,815 - Knowledge - INFO - Found code-base-name: https://github.com/DarssiniRamesh/spacetelescope.git:main
2025-11-19 11:44:24,921 - Knowledge - INFO - Found code-base-name: https://github.com/DarssiniRamesh/spacetelescope.git:main
2025-11-19 11:44:25,021 - Knowledge - INFO - Found code_base: <app.utils.kg_build.knowledge.KnowledgeCodeBase object at 0x7f30087a7e50>
2025-11-19 11:44:25,090 - Knowledge - INFO - Found code_base: <app.utils.kg_build.knowledge.KnowledgeCodeBase object at 0x7f453869a8d0>
2025-11-19 11:44:25,186 - Knowledge - INFO - persist ingested knowledge for /app/data/T0015/271517/b4715fp/spacetelescope/jwql/tests/test_setup.py
2025-11-19 11:44:25,292 - Knowledge - INFO - persist ingested knowledge for /app/data/T0015/271517/b4715fp/spacetelescope/jwql/tests/test_setup.py
2025-11-19 11:44:25,443 - Knowledge - INFO - [MONGODB_OP] Completed: persist, Collection: file_info, Duration: 118ms
2025-11-19 11:44:25,551 - Knowledge - INFO - [MONGODB_OP] Completed: persist, Collection: file_info, Duration: 76ms
2025-11-19 11:44:25,872 - Knowledge - INFO - [REDIS_OP] Completed: store_embedding, Key: jwql/tests/test_setup.py, Duration: 239ms
2025-11-19 11:44:25,914 - Knowledge - INFO - [REDIS_OP] Completed: store_embedding, Key: jwql/tests/test_setup.py, Duration: 205ms
2025-11-19 11:44:26,016 - Knowledge - INFO - persist search terms embedding for jwql/tests/test_setup.py
2025-11-19 11:44:26,088 - Knowledge - INFO - persist search terms embedding for jwql/tests/test_setup.py
2025-11-19 11:44:26,203 - Knowledge - INFO - process ingested knowledge for /app/data/T0015/271517/b4715fp/spacetelescope/jwql/tests/test_setup.py
2025-11-19 11:44:26,303 - Knowledge - INFO - process ingested knowledge for /app/data/T0015/271517/b4715fp/spacetelescope/jwql/tests/test_setup.py
2025-11-19 11:44:26,388 - Knowledge - INFO - Found code-base-name: https://github.com/DarssiniRamesh/spacetelescope.git:main
2025-11-19 11:44:26,476 - Knowledge - INFO - Found code-base-name: https://github.com/DarssiniRamesh/spacetelescope.git:main
2025-11-19 11:44:26,612 - Knowledge - INFO - Found code_base: <app.utils.kg_build.knowledge.KnowledgeCodeBase object at 0x7f30087a7e50>
2025-11-19 11:44:26,648 - Knowledge - INFO - Found code_base: <app.utils.kg_build.knowledge.KnowledgeCodeBase object at 0x7f453869a8d0>
2025-11-19 11:44:26,850 - Knowledge - INFO - Found code-base-name: https://github.com/DarssiniRamesh/spacetelescope.git:main
2025-11-19 11:44:26,915 - Knowledge - INFO - Found code-base-name: https://github.com/DarssiniRamesh/spacetelescope.git:main
2025-11-19 11:44:27,024 - Knowledge - INFO - Found code_base: <app.utils.kg_build.knowledge.KnowledgeCodeBase object at 0x7f30087a7e50>
2025-11-19 11:44:27,123 - Knowledge - INFO - Found code_base: <app.utils.kg_build.knowledge.KnowledgeCodeBase object at 0x7f453869a8d0>
2025-11-19 11:44:27,235 - Knowledge - INFO - persist ingested knowledge for /app/data/T0015/271517/b4715fp/spacetelescope/jwql/database/monitor_table_definitions/nirspec/nirspec_dark_query_history.txt
2025-11-19 11:44:27,314 - Knowledge - INFO - persist ingested knowledge for /app/data/T0015/271517/b4715fp/spacetelescope/jwql/database/monitor_table_definitions/nirspec/nirspec_dark_query_history.txt
2025-11-19 11:44:27,538 - Knowledge - INFO - [MONGODB_OP] Completed: persist, Collection: file_info, Duration: 98ms
2025-11-19 11:44:27,572 - Knowledge - INFO - [MONGODB_OP] Completed: persist, Collection: file_info, Duration: 84ms
2025-11-19 11:44:27,908 - Knowledge - INFO - [REDIS_OP] Completed: store_embedding, Key: jwql/database/monitor_table_definitions/nirspec/nirspec_dark_query_history.txt, Duration: 171ms
2025-11-19 11:44:27,950 - Knowledge - INFO - [REDIS_OP] Completed: store_embedding, Key: jwql/database/monitor_table_definitions/nirspec/nirspec_dark_query_history.txt, Duration: 213ms
2025-11-19 11:44:28,059 - Knowledge - INFO - persist search terms embedding for jwql/database/monitor_table_definitions/nirspec/nirspec_dark_query_history.txt
2025-11-19 11:44:28,123 - Knowledge - INFO - persist search terms embedding for jwql/database/monitor_table_definitions/nirspec/nirspec_dark_query_history.txt
2025-11-19 11:44:28,273 - Knowledge - INFO - process ingested knowledge for /app/data/T0015/271517/b4715fp/spacetelescope/jwql/database/monitor_table_definitions/nirspec/nirspec_dark_query_history.txt
2025-11-19 11:44:28,287 - Knowledge - INFO - process ingested knowledge for /app/data/T0015/271517/b4715fp/spacetelescope/jwql/database/monitor_table_definitions/nirspec/nirspec_dark_query_history.txt
2025-11-19 11:44:28,434 - Knowledge - INFO - Found code-base-name: https://github.com/DarssiniRamesh/spacetelescope.git:main
2025-11-19 11:44:28,601 - Knowledge - INFO - Found code_base: <app.utils.kg_build.knowledge.KnowledgeCodeBase object at 0x7f453869a8d0>
2025-11-19 11:44:28,701 - Knowledge - INFO - Found code-base-name: https://github.com/DarssiniRamesh/spacetelescope.git:main
2025-11-19 11:44:28,839 - Knowledge - INFO - Found code-base-name: https://github.com/DarssiniRamesh/spacetelescope.git:main
2025-11-19 11:44:28,897 - Knowledge - INFO - Found code_base: <app.utils.kg_build.knowledge.KnowledgeCodeBase object at 0x7f30087a7e50>
2025-11-19 11:44:29,004 - Knowledge - INFO - Found code_base: <app.utils.kg_build.knowledge.KnowledgeCodeBase object at 0x7f453869a8d0>
2025-11-19 11:44:29,118 - Knowledge - INFO - Found code-base-name: https://github.com/DarssiniRamesh/spacetelescope.git:main
2025-11-19 11:44:29,194 - Knowledge - INFO - persist ingested knowledge for /app/data/T0015/271517/b4715fp/spacetelescope/jwql/website/apps/jwql/templates/bias_monitor.html
2025-11-19 11:44:29,295 - Knowledge - INFO - Found code_base: <app.utils.kg_build.knowledge.KnowledgeCodeBase object at 0x7f30087a7e50>
2025-11-19 11:44:29,491 - Knowledge - INFO - [MONGODB_OP] Completed: persist, Collection: file_info, Duration: 89ms
2025-11-19 11:44:29,511 - Knowledge - INFO - persist ingested knowledge for /app/data/T0015/271517/b4715fp/spacetelescope/jwql/website/apps/jwql/templates/bias_monitor.html
2025-11-19 11:44:29,813 - Knowledge - INFO - [MONGODB_OP] Completed: persist, Collection: file_info, Duration: 93ms
2025-11-19 11:44:29,994 - Knowledge - INFO - [REDIS_OP] Completed: store_embedding, Key: jwql/website/apps/jwql/templates/bias_monitor.html, Duration: 310ms
2025-11-19 11:44:30,155 - Knowledge - INFO - persist search terms embedding for jwql/website/apps/jwql/templates/bias_monitor.html
2025-11-19 11:44:30,339 - Knowledge - INFO - process ingested knowledge for /app/data/T0015/271517/b4715fp/spacetelescope/jwql/website/apps/jwql/templates/bias_monitor.html
2025-11-19 11:44:30,508 - Knowledge - INFO - Found code-base-name: https://github.com/DarssiniRamesh/spacetelescope.git:main
2025-11-19 11:44:30,558 - Knowledge - INFO - [REDIS_OP] Completed: store_embedding, Key: jwql/website/apps/jwql/templates/bias_monitor.html, Duration: 565ms
2025-11-19 11:44:30,706 - Knowledge - INFO - Found code_base: <app.utils.kg_build.knowledge.KnowledgeCodeBase object at 0x7f453869a8d0>
2025-11-19 11:44:30,759 - Knowledge - INFO - persist search terms embedding for jwql/website/apps/jwql/templates/bias_monitor.html
2025-11-19 11:44:30,909 - Knowledge - INFO - process ingested knowledge for /app/data/T0015/271517/b4715fp/spacetelescope/jwql/website/apps/jwql/templates/bias_monitor.html
2025-11-19 11:44:30,956 - Knowledge - INFO - Found code-base-name: https://github.com/DarssiniRamesh/spacetelescope.git:main
2025-11-19 11:44:31,055 - Knowledge - INFO - Found code-base-name: https://github.com/DarssiniRamesh/spacetelescope.git:main
2025-11-19 11:44:31,104 - Knowledge - INFO - Found code_base: <app.utils.kg_build.knowledge.KnowledgeCodeBase object at 0x7f453869a8d0>
2025-11-19 11:44:31,226 - Knowledge - INFO - Found code_base: <app.utils.kg_build.knowledge.KnowledgeCodeBase object at 0x7f30087a7e50>
2025-11-19 11:44:31,288 - Knowledge - INFO - persist ingested knowledge for /app/data/T0015/271517/b4715fp/spacetelescope/jwql/database/monitor_table_definitions/niriss/niriss_readnoise_query_history.txt
2025-11-19 11:44:31,468 - Knowledge - INFO - Found code-base-name: https://github.com/DarssiniRamesh/spacetelescope.git:main
2025-11-19 11:44:31,553 - Knowledge - INFO - [MONGODB_OP] Completed: persist, Collection: file_info, Duration: 89ms
2025-11-19 11:44:31,685 - Knowledge - INFO - Found code_base: <app.utils.kg_build.knowledge.KnowledgeCodeBase object at 0x7f30087a7e50>
2025-11-19 11:44:31,850 - Knowledge - INFO - persist ingested knowledge for /app/data/T0015/271517/b4715fp/spacetelescope/jwql/database/monitor_table_definitions/niriss/niriss_readnoise_query_history.txt
2025-11-19 11:44:32,008 - Knowledge - INFO - [REDIS_OP] Completed: store_embedding, Key: jwql/database/monitor_table_definitions/niriss/niriss_readnoise_query_history.txt, Duration: 276ms
2025-11-19 11:44:32,095 - Knowledge - INFO - [MONGODB_OP] Completed: persist, Collection: file_info, Duration: 111ms
2025-11-19 11:44:32,154 - Knowledge - INFO - persist search terms embedding for jwql/database/monitor_table_definitions/niriss/niriss_readnoise_query_history.txt
2025-11-19 11:44:32,363 - Knowledge - INFO - process ingested knowledge for /app/data/T0015/271517/b4715fp/spacetelescope/jwql/database/monitor_table_definitions/niriss/niriss_readnoise_query_history.txt
2025-11-19 11:44:32,520 - Knowledge - INFO - [REDIS_OP] Completed: store_embedding, Key: jwql/database/monitor_table_definitions/niriss/niriss_readnoise_query_history.txt, Duration: 231ms
2025-11-19 11:44:32,531 - Knowledge - INFO - Found code-base-name: https://github.com/DarssiniRamesh/spacetelescope.git:main
2025-11-19 11:44:32,703 - Knowledge - INFO - persist search terms embedding for jwql/database/monitor_table_definitions/niriss/niriss_readnoise_query_history.txt
2025-11-19 11:44:32,717 - Knowledge - INFO - Found code_base: <app.utils.kg_build.knowledge.KnowledgeCodeBase object at 0x7f453869a8d0>
2025-11-19 11:44:32,883 - Knowledge - INFO - process ingested knowledge for /app/data/T0015/271517/b4715fp/spacetelescope/jwql/database/monitor_table_definitions/niriss/niriss_readnoise_query_history.txt
2025-11-19 11:44:32,939 - Knowledge - INFO - Found code-base-name: https://github.com/DarssiniRamesh/spacetelescope.git:main
2025-11-19 11:44:33,057 - Knowledge - INFO - Found code-base-name: https://github.com/DarssiniRamesh/spacetelescope.git:main
2025-11-19 11:44:33,121 - Knowledge - INFO - Found code_base: <app.utils.kg_build.knowledge.KnowledgeCodeBase object at 0x7f453869a8d0>
2025-11-19 11:44:33,215 - Knowledge - INFO - Found code_base: <app.utils.kg_build.knowledge.KnowledgeCodeBase object at 0x7f30087a7e50>
2025-11-19 11:44:33,326 - Knowledge - INFO - persist ingested knowledge for /app/data/T0015/271517/b4715fp/spacetelescope/jwql/database/monitor_table_definitions/fgs/fgs_readnoise_query_history.txt
2025-11-19 11:44:33,468 - Knowledge - INFO - Found code-base-name: https://github.com/DarssiniRamesh/spacetelescope.git:main
2025-11-19 11:44:33,595 - Knowledge - INFO - [MONGODB_OP] Completed: persist, Collection: file_info, Duration: 76ms
2025-11-19 11:44:33,690 - Knowledge - INFO - Found code_base: <app.utils.kg_build.knowledge.KnowledgeCodeBase object at 0x7f30087a7e50>
2025-11-19 11:44:33,865 - Knowledge - INFO - persist ingested knowledge for /app/data/T0015/271517/b4715fp/spacetelescope/jwql/database/monitor_table_definitions/fgs/fgs_readnoise_query_history.txt
2025-11-19 11:44:34,147 - Knowledge - INFO - [MONGODB_OP] Completed: persist, Collection: file_info, Duration: 89ms
2025-11-19 11:44:34,190 - Knowledge - INFO - [REDIS_OP] Completed: store_embedding, Key: jwql/database/monitor_table_definitions/fgs/fgs_readnoise_query_history.txt, Duration: 408ms
2025-11-19 11:44:34,358 - Knowledge - INFO - persist search terms embedding for jwql/database/monitor_table_definitions/fgs/fgs_readnoise_query_history.txt
2025-11-19 11:44:34,535 - Knowledge - INFO - [REDIS_OP] Completed: store_embedding, Key: jwql/database/monitor_table_definitions/fgs/fgs_readnoise_query_history.txt, Duration: 205ms
2025-11-19 11:44:34,540 - Knowledge - INFO - process ingested knowledge for /app/data/T0015/271517/b4715fp/spacetelescope/jwql/database/monitor_table_definitions/fgs/fgs_readnoise_query_history.txt
2025-11-19 11:44:34,692 - Knowledge - INFO - persist search terms embedding for jwql/database/monitor_table_definitions/fgs/fgs_readnoise_query_history.txt
2025-11-19 11:44:34,735 - Knowledge - INFO - Found code-base-name: https://github.com/DarssiniRamesh/spacetelescope.git:main
2025-11-19 11:44:34,890 - Knowledge - INFO - Found code_base: <app.utils.kg_build.knowledge.KnowledgeCodeBase object at 0x7f453869a8d0>
2025-11-19 11:44:34,897 - Knowledge - INFO - process ingested knowledge for /app/data/T0015/271517/b4715fp/spacetelescope/jwql/database/monitor_table_definitions/fgs/fgs_readnoise_query_history.txt
2025-11-19 11:44:35,119 - Knowledge - INFO - Found code-base-name: https://github.com/DarssiniRamesh/spacetelescope.git:main
2025-11-19 11:44:35,166 - Knowledge - INFO - Found code-base-name: https://github.com/DarssiniRamesh/spacetelescope.git:main
2025-11-19 11:44:35,310 - Knowledge - INFO - Found code_base: <app.utils.kg_build.knowledge.KnowledgeCodeBase object at 0x7f30087a7e50>
2025-11-19 11:44:35,337 - Knowledge - INFO - Found code_base: <app.utils.kg_build.knowledge.KnowledgeCodeBase object at 0x7f453869a8d0>
2025-11-19 11:44:35,503 - Knowledge - INFO - persist ingested knowledge for /app/data/T0015/271517/b4715fp/spacetelescope/jwql/tests/test_readnoise_monitor.py
2025-11-19 11:44:35,570 - Knowledge - INFO - Found code-base-name: https://github.com/DarssiniRamesh/spacetelescope.git:main
2025-11-19 11:44:35,748 - Knowledge - INFO - Found code_base: <app.utils.kg_build.knowledge.KnowledgeCodeBase object at 0x7f30087a7e50>
2025-11-19 11:44:35,778 - Knowledge - INFO - [MONGODB_OP] Completed: persist, Collection: file_info, Duration: 94ms
2025-11-19 11:44:35,910 - Knowledge - INFO - persist ingested knowledge for /app/data/T0015/271517/b4715fp/spacetelescope/jwql/tests/test_readnoise_monitor.py
2025-11-19 11:44:36,165 - Knowledge - INFO - [REDIS_OP] Completed: store_embedding, Key: jwql/tests/test_readnoise_monitor.py, Duration: 215ms
2025-11-19 11:44:36,180 - Knowledge - INFO - [MONGODB_OP] Completed: persist, Collection: file_info, Duration: 107ms
2025-11-19 11:44:36,361 - Knowledge - INFO - persist search terms embedding for jwql/tests/test_readnoise_monitor.py
2025-11-19 11:44:36,531 - Knowledge - INFO - process ingested knowledge for /app/data/T0015/271517/b4715fp/spacetelescope/jwql/tests/test_readnoise_monitor.py
2025-11-19 11:44:36,672 - Knowledge - INFO - [REDIS_OP] Completed: store_embedding, Key: jwql/tests/test_readnoise_monitor.py, Duration: 284ms
2025-11-19 11:44:36,734 - Knowledge - INFO - Found code-base-name: https://github.com/DarssiniRamesh/spacetelescope.git:main
2025-11-19 11:44:36,883 - Knowledge - INFO - persist search terms embedding for jwql/tests/test_readnoise_monitor.py
2025-11-19 11:44:36,891 - Knowledge - INFO - Found code_base: <app.utils.kg_build.knowledge.KnowledgeCodeBase object at 0x7f453869a8d0>
2025-11-19 11:44:37,039 - Knowledge - INFO - process ingested knowledge for /app/data/T0015/271517/b4715fp/spacetelescope/jwql/tests/test_readnoise_monitor.py
2025-11-19 11:44:37,134 - Knowledge - INFO - Found code-base-name: https://github.com/DarssiniRamesh/spacetelescope.git:main
2025-11-19 11:44:37,185 - Knowledge - INFO - Found code-base-name: https://github.com/DarssiniRamesh/spacetelescope.git:main
2025-11-19 11:44:37,326 - Knowledge - INFO - Found code_base: <app.utils.kg_build.knowledge.KnowledgeCodeBase object at 0x7f453869a8d0>
2025-11-19 11:44:37,367 - Knowledge - INFO - Found code_base: <app.utils.kg_build.knowledge.KnowledgeCodeBase object at 0x7f30087a7e50>
2025-11-19 11:44:37,515 - Knowledge - INFO - persist ingested knowledge for /app/data/T0015/271517/b4715fp/spacetelescope/jwql/tests/test_utils.py
2025-11-19 11:44:37,605 - Knowledge - INFO - Found code-base-name: https://github.com/DarssiniRamesh/spacetelescope.git:main
2025-11-19 11:44:37,752 - Knowledge - INFO - Found code_base: <app.utils.kg_build.knowledge.KnowledgeCodeBase object at 0x7f30087a7e50>
2025-11-19 11:44:37,759 - Knowledge - INFO - [MONGODB_OP] Completed: persist, Collection: file_info, Duration: 98ms
2025-11-19 11:44:37,910 - Knowledge - INFO - persist ingested knowledge for /app/data/T0015/271517/b4715fp/spacetelescope/jwql/tests/test_utils.py
2025-11-19 11:44:38,178 - Knowledge - INFO - [MONGODB_OP] Completed: persist, Collection: file_info, Duration: 81ms
2025-11-19 11:44:38,257 - Knowledge - INFO - [REDIS_OP] Completed: store_embedding, Key: jwql/tests/test_utils.py, Duration: 295ms
2025-11-19 11:44:38,464 - Knowledge - INFO - persist search terms embedding for jwql/tests/test_utils.py
2025-11-19 11:44:38,607 - Knowledge - INFO - [REDIS_OP] Completed: store_embedding, Key: jwql/tests/test_utils.py, Duration: 281ms
2025-11-19 11:44:38,664 - Knowledge - INFO - process ingested knowledge for /app/data/T0015/271517/b4715fp/spacetelescope/jwql/tests/test_utils.py
2025-11-19 11:44:38,731 - Knowledge - INFO - persist search terms embedding for jwql/tests/test_utils.py
2025-11-19 11:44:38,864 - Knowledge - INFO - Found code-base-name: https://github.com/DarssiniRamesh/spacetelescope.git:main
2025-11-19 11:44:38,905 - Knowledge - INFO - process ingested knowledge for /app/data/T0015/271517/b4715fp/spacetelescope/jwql/tests/test_utils.py
2025-11-19 11:44:39,067 - Knowledge - INFO - Found code-base-name: https://github.com/DarssiniRamesh/spacetelescope.git:main
2025-11-19 11:44:39,073 - Knowledge - INFO - Found code_base: <app.utils.kg_build.knowledge.KnowledgeCodeBase object at 0x7f453869a8d0>
2025-11-19 11:44:39,256 - Knowledge - INFO - Found code_base: <app.utils.kg_build.knowledge.KnowledgeCodeBase object at 0x7f30087a7e50>
2025-11-19 11:44:39,331 - Knowledge - INFO - Found code-base-name: https://github.com/DarssiniRamesh/spacetelescope.git:main
2025-11-19 11:44:39,471 - Knowledge - INFO - Found code_base: <app.utils.kg_build.knowledge.KnowledgeCodeBase object at 0x7f453869a8d0>
2025-11-19 11:44:39,529 - Knowledge - INFO - Found code-base-name: https://github.com/DarssiniRamesh/spacetelescope.git:main
2025-11-19 11:44:39,613 - Knowledge - INFO - persist ingested knowledge for /app/data/T0015/271517/b4715fp/spacetelescope/jwql/database/monitor_table_definitions/nirspec/nirspec_readnoise_stats.txt
2025-11-19 11:44:39,703 - Knowledge - INFO - Found code_base: <app.utils.kg_build.knowledge.KnowledgeCodeBase object at 0x7f30087a7e50>
2025-11-19 11:44:39,859 - Knowledge - INFO - persist ingested knowledge for /app/data/T0015/271517/b4715fp/spacetelescope/jwql/database/monitor_table_definitions/nirspec/nirspec_readnoise_stats.txt
2025-11-19 11:44:39,877 - Knowledge - INFO - [MONGODB_OP] Completed: persist, Collection: file_info, Duration: 86ms
2025-11-19 11:44:40,151 - Knowledge - INFO - [MONGODB_OP] Completed: persist, Collection: file_info, Duration: 85ms
2025-11-19 11:44:40,301 - Knowledge - INFO - [REDIS_OP] Completed: store_embedding, Key: jwql/database/monitor_table_definitions/nirspec/nirspec_readnoise_stats.txt, Duration: 242ms
2025-11-19 11:44:40,444 - Knowledge - INFO - persist search terms embedding for jwql/database/monitor_table_definitions/nirspec/nirspec_readnoise_stats.txt
2025-11-19 11:44:40,578 - Knowledge - INFO - [REDIS_OP] Completed: store_embedding, Key: jwql/database/monitor_table_definitions/nirspec/nirspec_readnoise_stats.txt, Duration: 223ms
2025-11-19 11:44:40,625 - Knowledge - INFO - process ingested knowledge for /app/data/T0015/271517/b4715fp/spacetelescope/jwql/database/monitor_table_definitions/nirspec/nirspec_readnoise_stats.txt
2025-11-19 11:44:40,748 - Knowledge - INFO - persist search terms embedding for jwql/database/monitor_table_definitions/nirspec/nirspec_readnoise_stats.txt
2025-11-19 11:44:40,786 - Knowledge - INFO - Found code-base-name: https://github.com/DarssiniRamesh/spacetelescope.git:main
2025-11-19 11:44:40,937 - Knowledge - INFO - Found code_base: <app.utils.kg_build.knowledge.KnowledgeCodeBase object at 0x7f453869a8d0>
2025-11-19 11:44:40,940 - Knowledge - INFO - process ingested knowledge for /app/data/T0015/271517/b4715fp/spacetelescope/jwql/database/monitor_table_definitions/nirspec/nirspec_readnoise_stats.txt
2025-11-19 11:44:41,116 - Knowledge - INFO - Found code-base-name: https://github.com/DarssiniRamesh/spacetelescope.git:main
2025-11-19 11:44:41,194 - Knowledge - INFO - Found code-base-name: https://github.com/DarssiniRamesh/spacetelescope.git:main
2025-11-19 11:44:41,294 - Knowledge - INFO - Found code_base: <app.utils.kg_build.knowledge.KnowledgeCodeBase object at 0x7f30087a7e50>
2025-11-19 11:44:41,377 - Knowledge - INFO - Found code_base: <app.utils.kg_build.knowledge.KnowledgeCodeBase object at 0x7f453869a8d0>
2025-11-19 11:44:41,532 - Knowledge - INFO - persist ingested knowledge for /app/data/T0015/271517/b4715fp/spacetelescope/jwql/database/monitor_table_definitions/miri/miri_bad_pixel_query_history.txt
2025-11-19 11:44:41,581 - Knowledge - INFO - Found code-base-name: https://github.com/DarssiniRamesh/spacetelescope.git:main
2025-11-19 11:44:41,738 - Knowledge - INFO - Found code_base: <app.utils.kg_build.knowledge.KnowledgeCodeBase object at 0x7f30087a7e50>
2025-11-19 11:44:41,777 - Knowledge - INFO - [MONGODB_OP] Completed: persist, Collection: file_info, Duration: 91ms
2025-11-19 11:44:41,888 - Knowledge - INFO - persist ingested knowledge for /app/data/T0015/271517/b4715fp/spacetelescope/jwql/database/monitor_table_definitions/miri/miri_bad_pixel_query_history.txt
2025-11-19 11:44:42,164 - Knowledge - INFO - [MONGODB_OP] Completed: persist, Collection: file_info, Duration: 105ms
2025-11-19 11:44:42,185 - Knowledge - INFO - [REDIS_OP] Completed: store_embedding, Key: jwql/database/monitor_table_definitions/miri/miri_bad_pixel_query_history.txt, Duration: 217ms
2025-11-19 11:44:42,370 - Knowledge - INFO - persist search terms embedding for jwql/database/monitor_table_definitions/miri/miri_bad_pixel_query_history.txt
2025-11-19 11:44:42,517 - Knowledge - INFO - [REDIS_OP] Completed: store_embedding, Key: jwql/database/monitor_table_definitions/miri/miri_bad_pixel_query_history.txt, Duration: 182ms
2025-11-19 11:44:42,542 - Knowledge - INFO - process ingested knowledge for /app/data/T0015/271517/b4715fp/spacetelescope/jwql/database/monitor_table_definitions/miri/miri_bad_pixel_query_history.txt
2025-11-19 11:44:42,711 - Knowledge - INFO - persist search terms embedding for jwql/database/monitor_table_definitions/miri/miri_bad_pixel_query_history.txt
2025-11-19 11:44:42,737 - Knowledge - INFO - Found code-base-name: https://github.com/DarssiniRamesh/spacetelescope.git:main
2025-11-19 11:44:42,879 - Knowledge - INFO - process ingested knowledge for /app/data/T0015/271517/b4715fp/spacetelescope/jwql/database/monitor_table_definitions/miri/miri_bad_pixel_query_history.txt
2025-11-19 11:44:42,922 - Knowledge - INFO - Found code_base: <app.utils.kg_build.knowledge.KnowledgeCodeBase object at 0x7f453869a8d0>
2025-11-19 11:44:43,092 - Knowledge - INFO - Found code-base-name: https://github.com/DarssiniRamesh/spacetelescope.git:main
2025-11-19 11:44:43,162 - Knowledge - INFO - Found code-base-name: https://github.com/DarssiniRamesh/spacetelescope.git:main
2025-11-19 11:44:43,301 - Knowledge - INFO - Found code_base: <app.utils.kg_build.knowledge.KnowledgeCodeBase object at 0x7f30087a7e50>
2025-11-19 11:44:43,359 - Knowledge - INFO - Found code_base: <app.utils.kg_build.knowledge.KnowledgeCodeBase object at 0x7f453869a8d0>
2025-11-19 11:44:43,508 - Knowledge - INFO - persist ingested knowledge for /app/data/T0015/271517/b4715fp/spacetelescope/jwql/website/apps/jwql/templates/anomaly_query.html
2025-11-19 11:44:43,552 - Knowledge - INFO - Found code-base-name: https://github.com/DarssiniRamesh/spacetelescope.git:main
2025-11-19 11:44:43,689 - Knowledge - INFO - Found code_base: <app.utils.kg_build.knowledge.KnowledgeCodeBase object at 0x7f30087a7e50>
2025-11-19 11:44:43,781 - Knowledge - INFO - [MONGODB_OP] Completed: persist, Collection: file_info, Duration: 80ms
2025-11-19 11:44:43,871 - Knowledge - INFO - persist ingested knowledge for /app/data/T0015/271517/b4715fp/spacetelescope/jwql/website/apps/jwql/templates/anomaly_query.html
2025-11-19 11:44:44,117 - Knowledge - INFO - [MONGODB_OP] Completed: persist, Collection: file_info, Duration: 88ms
2025-11-19 11:44:44,174 - Knowledge - INFO - [REDIS_OP] Completed: store_embedding, Key: jwql/website/apps/jwql/templates/anomaly_query.html, Duration: 249ms
2025-11-19 11:44:44,346 - Knowledge - INFO - persist search terms embedding for jwql/website/apps/jwql/templates/anomaly_query.html
2025-11-19 11:44:44,504 - Knowledge - INFO - process ingested knowledge for /app/data/T0015/271517/b4715fp/spacetelescope/jwql/website/apps/jwql/templates/anomaly_query.html
2025-11-19 11:44:44,534 - Knowledge - INFO - [REDIS_OP] Completed: store_embedding, Key: jwql/website/apps/jwql/templates/anomaly_query.html, Duration: 248ms
2025-11-19 11:44:44,707 - Knowledge - INFO - Found code-base-name: https://github.com/DarssiniRamesh/spacetelescope.git:main
2025-11-19 11:44:44,734 - Knowledge - INFO - persist search terms embedding for jwql/website/apps/jwql/templates/anomaly_query.html
2025-11-19 11:44:44,874 - Knowledge - INFO - Found code_base: <app.utils.kg_build.knowledge.KnowledgeCodeBase object at 0x7f453869a8d0>
2025-11-19 11:44:44,881 - Knowledge - INFO - process ingested knowledge for /app/data/T0015/271517/b4715fp/spacetelescope/jwql/website/apps/jwql/templates/anomaly_query.html
2025-11-19 11:44:45,070 - Knowledge - INFO - Found code-base-name: https://github.com/DarssiniRamesh/spacetelescope.git:main
2025-11-19 11:44:45,134 - Knowledge - INFO - Found code-base-name: https://github.com/DarssiniRamesh/spacetelescope.git:main
2025-11-19 11:44:45,234 - Knowledge - INFO - Found code_base: <app.utils.kg_build.knowledge.KnowledgeCodeBase object at 0x7f30087a7e50>
2025-11-19 11:44:45,368 - Knowledge - INFO - Found code_base: <app.utils.kg_build.knowledge.KnowledgeCodeBase object at 0x7f453869a8d0>
2025-11-19 11:44:45,469 - Knowledge - INFO - Found code-base-name: https://github.com/DarssiniRamesh/spacetelescope.git:main
2025-11-19 11:44:45,579 - Knowledge - INFO - persist ingested knowledge for /app/data/T0015/271517/b4715fp/spacetelescope/jwql/website/apps/jwql/templates/api_landing.html
2025-11-19 11:44:45,650 - Knowledge - INFO - Found code_base: <app.utils.kg_build.knowledge.KnowledgeCodeBase object at 0x7f30087a7e50>
2025-11-19 11:44:45,823 - Knowledge - INFO - persist ingested knowledge for /app/data/T0015/271517/b4715fp/spacetelescope/jwql/website/apps/jwql/templates/api_landing.html
2025-11-19 11:44:45,857 - Knowledge - INFO - [MONGODB_OP] Completed: persist, Collection: file_info, Duration: 95ms
2025-11-19 11:44:46,078 - Knowledge - INFO - [MONGODB_OP] Completed: persist, Collection: file_info, Duration: 86ms
2025-11-19 11:44:46,219 - Knowledge - INFO - [REDIS_OP] Completed: store_embedding, Key: jwql/website/apps/jwql/templates/api_landing.html, Duration: 207ms
2025-11-19 11:44:46,402 - Knowledge - INFO - persist search terms embedding for jwql/website/apps/jwql/templates/api_landing.html
2025-11-19 11:44:46,512 - Knowledge - INFO - [REDIS_OP] Completed: store_embedding, Key: jwql/website/apps/jwql/templates/api_landing.html, Duration: 258ms
2025-11-19 11:44:46,584 - Knowledge - INFO - process ingested knowledge for /app/data/T0015/271517/b4715fp/spacetelescope/jwql/website/apps/jwql/templates/api_landing.html
2025-11-19 11:44:46,702 - Knowledge - INFO - persist search terms embedding for jwql/website/apps/jwql/templates/api_landing.html
2025-11-19 11:44:46,778 - Knowledge - INFO - Found code-base-name: https://github.com/DarssiniRamesh/spacetelescope.git:main
2025-11-19 11:44:46,867 - Knowledge - INFO - process ingested knowledge for /app/data/T0015/271517/b4715fp/spacetelescope/jwql/website/apps/jwql/templates/api_landing.html
2025-11-19 11:44:46,960 - Knowledge - INFO - Found code_base: <app.utils.kg_build.knowledge.KnowledgeCodeBase object at 0x7f453869a8d0>
2025-11-19 11:44:47,020 - Knowledge - INFO - Found code-base-name: https://github.com/DarssiniRamesh/spacetelescope.git:main
2025-11-19 11:44:47,203 - Knowledge - INFO - Found code-base-name: https://github.com/DarssiniRamesh/spacetelescope.git:main
2025-11-19 11:44:47,219 - Knowledge - INFO - Found code_base: <app.utils.kg_build.knowledge.KnowledgeCodeBase object at 0x7f30087a7e50>
2025-11-19 11:44:47,373 - Knowledge - INFO - Found code_base: <app.utils.kg_build.knowledge.KnowledgeCodeBase object at 0x7f453869a8d0>
2025-11-19 11:44:47,476 - Knowledge - INFO - Found code-base-name: https://github.com/DarssiniRamesh/spacetelescope.git:main
2025-11-19 11:44:47,602 - Knowledge - INFO - persist ingested knowledge for /app/data/T0015/271517/b4715fp/spacetelescope/jwql/instrument_monitors/common_monitors/dark_monitor_file_thresholds.txt
2025-11-19 11:44:47,645 - Knowledge - INFO - Found code_base: <app.utils.kg_build.knowledge.KnowledgeCodeBase object at 0x7f30087a7e50>
2025-11-19 11:44:47,828 - Knowledge - INFO - persist ingested knowledge for /app/data/T0015/271517/b4715fp/spacetelescope/jwql/instrument_monitors/common_monitors/dark_monitor_file_thresholds.txt
2025-11-19 11:44:47,847 - Knowledge - INFO - [MONGODB_OP] Completed: persist, Collection: file_info, Duration: 98ms
2025-11-19 11:44:48,115 - Knowledge - INFO - [MONGODB_OP] Completed: persist, Collection: file_info, Duration: 86ms
2025-11-19 11:44:48,226 - Knowledge - INFO - [REDIS_OP] Completed: store_embedding, Key: jwql/instrument_monitors/common_monitors/dark_monitor_file_thresholds.txt, Duration: 217ms
2025-11-19 11:44:48,403 - Knowledge - INFO - persist search terms embedding for jwql/instrument_monitors/common_monitors/dark_monitor_file_thresholds.txt
2025-11-19 11:44:48,508 - Knowledge - INFO - [REDIS_OP] Completed: store_embedding, Key: jwql/instrument_monitors/common_monitors/dark_monitor_file_thresholds.txt, Duration: 244ms
2025-11-19 11:44:48,578 - Knowledge - INFO - process ingested knowledge for /app/data/T0015/271517/b4715fp/spacetelescope/jwql/instrument_monitors/common_monitors/dark_monitor_file_thresholds.txt
2025-11-19 11:44:48,716 - Knowledge - INFO - persist search terms embedding for jwql/instrument_monitors/common_monitors/dark_monitor_file_thresholds.txt
2025-11-19 11:44:48,747 - Knowledge - INFO - Found code-base-name: https://github.com/DarssiniRamesh/spacetelescope.git:main
2025-11-19 11:44:48,871 - Knowledge - INFO - process ingested knowledge for /app/data/T0015/271517/b4715fp/spacetelescope/jwql/instrument_monitors/common_monitors/dark_monitor_file_thresholds.txt
2025-11-19 11:44:48,944 - Knowledge - INFO - Found code_base: <app.utils.kg_build.knowledge.KnowledgeCodeBase object at 0x7f453869a8d0>
2025-11-19 11:44:49,074 - Knowledge - INFO - Found code-base-name: https://github.com/DarssiniRamesh/spacetelescope.git:main
2025-11-19 11:44:49,207 - Knowledge - INFO - Found code-base-name: https://github.com/DarssiniRamesh/spacetelescope.git:main
2025-11-19 11:44:49,247 - Knowledge - INFO - Found code_base: <app.utils.kg_build.knowledge.KnowledgeCodeBase object at 0x7f30087a7e50>
2025-11-19 11:44:49,410 - Knowledge - INFO - Found code_base: <app.utils.kg_build.knowledge.KnowledgeCodeBase object at 0x7f453869a8d0>
2025-11-19 11:44:49,510 - Knowledge - INFO - Found code-base-name: https://github.com/DarssiniRamesh/spacetelescope.git:main
2025-11-19 11:44:49,609 - Knowledge - INFO - persist ingested knowledge for /app/data/T0015/271517/b4715fp/spacetelescope/jwql/tests/test_plotting.py
2025-11-19 11:44:49,671 - Knowledge - INFO - Found code_base: <app.utils.kg_build.knowledge.KnowledgeCodeBase object at 0x7f30087a7e50>
2025-11-19 11:44:49,881 - Knowledge - INFO - persist ingested knowledge for /app/data/T0015/271517/b4715fp/spacetelescope/jwql/tests/test_plotting.py
2025-11-19 11:44:49,888 - Knowledge - INFO - [MONGODB_OP] Completed: persist, Collection: file_info, Duration: 89ms
2025-11-19 11:44:50,141 - Knowledge - INFO - [MONGODB_OP] Completed: persist, Collection: file_info, Duration: 85ms
2025-11-19 11:44:50,283 - Knowledge - INFO - [REDIS_OP] Completed: store_embedding, Key: jwql/tests/test_plotting.py, Duration: 258ms
2025-11-19 11:44:50,438 - Knowledge - INFO - persist search terms embedding for jwql/tests/test_plotting.py
2025-11-19 11:44:50,602 - Knowledge - INFO - [REDIS_OP] Completed: store_embedding, Key: jwql/tests/test_plotting.py, Duration: 263ms
2025-11-19 11:44:50,610 - Knowledge - INFO - process ingested knowledge for /app/data/T0015/271517/b4715fp/spacetelescope/jwql/tests/test_plotting.py
2025-11-19 11:44:50,772 - Knowledge - INFO - persist search terms embedding for jwql/tests/test_plotting.py
2025-11-19 11:44:50,797 - Knowledge - INFO - Found code-base-name: https://github.com/DarssiniRamesh/spacetelescope.git:main
2025-11-19 11:44:50,909 - Knowledge - INFO - process ingested knowledge for /app/data/T0015/271517/b4715fp/spacetelescope/jwql/tests/test_plotting.py
2025-11-19 11:44:50,994 - Knowledge - INFO - Found code_base: <app.utils.kg_build.knowledge.KnowledgeCodeBase object at 0x7f453869a8d0>
2025-11-19 11:44:51,051 - Knowledge - INFO - Found code-base-name: https://github.com/DarssiniRamesh/spacetelescope.git:main
2025-11-19 11:44:51,220 - Knowledge - INFO - Found code_base: <app.utils.kg_build.knowledge.KnowledgeCodeBase object at 0x7f30087a7e50>
2025-11-19 11:44:51,243 - Knowledge - INFO - Found code-base-name: https://github.com/DarssiniRamesh/spacetelescope.git:main
2025-11-19 11:44:51,417 - Knowledge - INFO - Found code_base: <app.utils.kg_build.knowledge.KnowledgeCodeBase object at 0x7f453869a8d0>
2025-11-19 11:44:51,478 - Knowledge - INFO - Found code-base-name: https://github.com/DarssiniRamesh/spacetelescope.git:main
2025-11-19 11:44:51,613 - Knowledge - INFO - persist ingested knowledge for /app/data/T0015/271517/b4715fp/spacetelescope/jwql/website/apps/jwql/bokeh_dashboard.py
2025-11-19 11:44:51,706 - Knowledge - INFO - Found code_base: <app.utils.kg_build.knowledge.KnowledgeCodeBase object at 0x7f30087a7e50>
2025-11-19 11:44:51,848 - Knowledge - INFO - persist ingested knowledge for /app/data/T0015/271517/b4715fp/spacetelescope/jwql/website/apps/jwql/bokeh_dashboard.py
2025-11-19 11:44:51,891 - Knowledge - INFO - [MONGODB_OP] Completed: persist, Collection: file_info, Duration: 94ms
2025-11-19 11:44:52,092 - Knowledge - INFO - [MONGODB_OP] Completed: persist, Collection: file_info, Duration: 94ms
2025-11-19 11:44:52,306 - Knowledge - INFO - [REDIS_OP] Completed: store_embedding, Key: jwql/website/apps/jwql/bokeh_dashboard.py, Duration: 226ms
2025-11-19 11:44:52,480 - Knowledge - INFO - persist search terms embedding for jwql/website/apps/jwql/bokeh_dashboard.py
2025-11-19 11:44:52,580 - Knowledge - INFO - [REDIS_OP] Completed: store_embedding, Key: jwql/website/apps/jwql/bokeh_dashboard.py, Duration: 296ms
2025-11-19 11:44:52,665 - Knowledge - INFO - process ingested knowledge for /app/data/T0015/271517/b4715fp/spacetelescope/jwql/website/apps/jwql/bokeh_dashboard.py
2025-11-19 11:44:52,801 - Knowledge - INFO - persist search terms embedding for jwql/website/apps/jwql/bokeh_dashboard.py
2025-11-19 11:44:52,864 - Knowledge - INFO - Found code-base-name: https://github.com/DarssiniRamesh/spacetelescope.git:main
2025-11-19 11:44:52,956 - Knowledge - INFO - process ingested knowledge for /app/data/T0015/271517/b4715fp/spacetelescope/jwql/website/apps/jwql/bokeh_dashboard.py
2025-11-19 11:44:53,067 - Knowledge - INFO - Found code_base: <app.utils.kg_build.knowledge.KnowledgeCodeBase object at 0x7f453869a8d0>
2025-11-19 11:44:53,109 - Knowledge - INFO - Found code-base-name: https://github.com/DarssiniRamesh/spacetelescope.git:main
2025-11-19 11:44:53,279 - Knowledge - INFO - Found code_base: <app.utils.kg_build.knowledge.KnowledgeCodeBase object at 0x7f30087a7e50>
2025-11-19 11:44:53,317 - Knowledge - INFO - Found code-base-name: https://github.com/DarssiniRamesh/spacetelescope.git:main
2025-11-19 11:44:53,509 - Knowledge - INFO - Found code_base: <app.utils.kg_build.knowledge.KnowledgeCodeBase object at 0x7f453869a8d0>
2025-11-19 11:44:53,557 - Knowledge - INFO - Found code-base-name: https://github.com/DarssiniRamesh/spacetelescope.git:main
2025-11-19 11:44:53,700 - Knowledge - INFO - persist ingested knowledge for /app/data/T0015/271517/b4715fp/spacetelescope/jwql/database/monitor_table_definitions/nirspec/nirspec_readnoise_query_history.txt
2025-11-19 11:44:53,706 - Knowledge - INFO - Found code_base: <app.utils.kg_build.knowledge.KnowledgeCodeBase object at 0x7f30087a7e50>
2025-11-19 11:44:53,891 - Knowledge - INFO - persist ingested knowledge for /app/data/T0015/271517/b4715fp/spacetelescope/jwql/database/monitor_table_definitions/nirspec/nirspec_readnoise_query_history.txt
2025-11-19 11:44:53,943 - Knowledge - INFO - [MONGODB_OP] Completed: persist, Collection: file_info, Duration: 91ms
2025-11-19 11:44:54,153 - Knowledge - INFO - [MONGODB_OP] Completed: persist, Collection: file_info, Duration: 95ms
2025-11-19 11:44:54,386 - Knowledge - INFO - [REDIS_OP] Completed: store_embedding, Key: jwql/database/monitor_table_definitions/nirspec/nirspec_readnoise_query_history.txt, Duration: 294ms
2025-11-19 11:44:54,569 - Knowledge - INFO - persist search terms embedding for jwql/database/monitor_table_definitions/nirspec/nirspec_readnoise_query_history.txt
2025-11-19 11:44:54,641 - Knowledge - INFO - [REDIS_OP] Completed: store_embedding, Key: jwql/database/monitor_table_definitions/nirspec/nirspec_readnoise_query_history.txt, Duration: 349ms
2025-11-19 11:44:54,741 - Knowledge - INFO - process ingested knowledge for /app/data/T0015/271517/b4715fp/spacetelescope/jwql/database/monitor_table_definitions/nirspec/nirspec_readnoise_query_history.txt
2025-11-19 11:44:54,828 - Knowledge - INFO - persist search terms embedding for jwql/database/monitor_table_definitions/nirspec/nirspec_readnoise_query_history.txt
2025-11-19 11:44:54,935 - Knowledge - INFO - Found code-base-name: https://github.com/DarssiniRamesh/spacetelescope.git:main
2025-11-19 11:44:55,003 - Knowledge - INFO - process ingested knowledge for /app/data/T0015/271517/b4715fp/spacetelescope/jwql/database/monitor_table_definitions/nirspec/nirspec_readnoise_query_history.txt
2025-11-19 11:44:55,146 - Knowledge - INFO - Found code_base: <app.utils.kg_build.knowledge.KnowledgeCodeBase object at 0x7f453869a8d0>
2025-11-19 11:44:55,185 - Knowledge - INFO - Found code-base-name: https://github.com/DarssiniRamesh/spacetelescope.git:main
2025-11-19 11:44:55,354 - Knowledge - INFO - Found code_base: <app.utils.kg_build.knowledge.KnowledgeCodeBase object at 0x7f30087a7e50>
2025-11-19 11:44:55,421 - Knowledge - INFO - Found code-base-name: https://github.com/DarssiniRamesh/spacetelescope.git:main
2025-11-19 11:44:55,601 - Knowledge - INFO - Found code_base: <app.utils.kg_build.knowledge.KnowledgeCodeBase object at 0x7f453869a8d0>
2025-11-19 11:44:55,617 - Knowledge - INFO - Found code-base-name: https://github.com/DarssiniRamesh/spacetelescope.git:main
2025-11-19 11:44:55,753 - Knowledge - INFO - persist ingested knowledge for /app/data/T0015/271517/b4715fp/spacetelescope/jwql/website/apps/jwql/monitor_pages/yaml/monitor_bias_interface.yaml
2025-11-19 11:44:55,762 - Knowledge - INFO - Found code_base: <app.utils.kg_build.knowledge.KnowledgeCodeBase object at 0x7f30087a7e50>
2025-11-19 11:44:55,921 - Knowledge - INFO - persist ingested knowledge for /app/data/T0015/271517/b4715fp/spacetelescope/jwql/website/apps/jwql/monitor_pages/yaml/monitor_bias_interface.yaml
2025-11-19 11:44:56,007 - Knowledge - INFO - [MONGODB_OP] Completed: persist, Collection: file_info, Duration: 81ms
2025-11-19 11:44:56,198 - Knowledge - INFO - [MONGODB_OP] Completed: persist, Collection: file_info, Duration: 85ms
2025-11-19 11:44:56,427 - Knowledge - INFO - [REDIS_OP] Completed: store_embedding, Key: jwql/website/apps/jwql/monitor_pages/yaml/monitor_bias_interface.yaml, Duration: 220ms
2025-11-19 11:44:56,563 - Knowledge - INFO - persist search terms embedding for jwql/website/apps/jwql/monitor_pages/yaml/monitor_bias_interface.yaml
2025-11-19 11:44:56,705 - Knowledge - INFO - [REDIS_OP] Completed: store_embedding, Key: jwql/website/apps/jwql/monitor_pages/yaml/monitor_bias_interface.yaml, Duration: 317ms
2025-11-19 11:44:56,765 - Knowledge - INFO - process ingested knowledge for /app/data/T0015/271517/b4715fp/spacetelescope/jwql/website/apps/jwql/monitor_pages/yaml/monitor_bias_interface.yaml
2025-11-19 11:44:56,872 - Knowledge - INFO - persist search terms embedding for jwql/website/apps/jwql/monitor_pages/yaml/monitor_bias_interface.yaml
2025-11-19 11:44:56,969 - Knowledge - INFO - Found code-base-name: https://github.com/DarssiniRamesh/spacetelescope.git:main
2025-11-19 11:44:57,067 - Knowledge - INFO - process ingested knowledge for /app/data/T0015/271517/b4715fp/spacetelescope/jwql/website/apps/jwql/monitor_pages/yaml/monitor_bias_interface.yaml
2025-11-19 11:44:57,159 - Knowledge - INFO - Found code_base: <app.utils.kg_build.knowledge.KnowledgeCodeBase object at 0x7f453869a8d0>
2025-11-19 11:44:57,270 - Knowledge - INFO - Found code-base-name: https://github.com/DarssiniRamesh/spacetelescope.git:main
2025-11-19 11:44:57,419 - Knowledge - INFO - Found code-base-name: https://github.com/DarssiniRamesh/spacetelescope.git:main
2025-11-19 11:44:57,472 - Knowledge - INFO - Found code_base: <app.utils.kg_build.knowledge.KnowledgeCodeBase object at 0x7f30087a7e50>
2025-11-19 11:44:57,614 - Knowledge - INFO - Found code_base: <app.utils.kg_build.knowledge.KnowledgeCodeBase object at 0x7f453869a8d0>
2025-11-19 11:44:57,757 - Knowledge - INFO - Found code-base-name: https://github.com/DarssiniRamesh/spacetelescope.git:main
2025-11-19 11:44:57,804 - Knowledge - INFO - persist ingested knowledge for /app/data/T0015/271517/b4715fp/spacetelescope/jwql/example_config.json
2025-11-19 11:44:57,946 - Knowledge - INFO - Found code_base: <app.utils.kg_build.knowledge.KnowledgeCodeBase object at 0x7f30087a7e50>
2025-11-19 11:44:58,098 - Knowledge - INFO - persist ingested knowledge for /app/data/T0015/271517/b4715fp/spacetelescope/jwql/example_config.json
2025-11-19 11:44:58,102 - Knowledge - INFO - [MONGODB_OP] Completed: persist, Collection: file_info, Duration: 96ms
2025-11-19 11:44:58,346 - Knowledge - INFO - [MONGODB_OP] Completed: persist, Collection: file_info, Duration: 86ms
2025-11-19 11:44:58,520 - Knowledge - INFO - [REDIS_OP] Completed: store_embedding, Key: jwql/example_config.json, Duration: 223ms
2025-11-19 11:44:58,720 - Knowledge - INFO - persist search terms embedding for jwql/example_config.json
2025-11-19 11:44:58,847 - Knowledge - INFO - [REDIS_OP] Completed: store_embedding, Key: jwql/example_config.json, Duration: 345ms
2025-11-19 11:44:58,876 - Knowledge - INFO - process ingested knowledge for /app/data/T0015/271517/b4715fp/spacetelescope/jwql/example_config.json
2025-11-19 11:44:59,006 - Knowledge - INFO - persist search terms embedding for jwql/example_config.json
2025-11-19 11:44:59,037 - Knowledge - INFO - Found code-base-name: https://github.com/DarssiniRamesh/spacetelescope.git:main
2025-11-19 11:44:59,192 - Knowledge - INFO - process ingested knowledge for /app/data/T0015/271517/b4715fp/spacetelescope/jwql/example_config.json
2025-11-19 11:44:59,223 - Knowledge - INFO - Found code_base: <app.utils.kg_build.knowledge.KnowledgeCodeBase object at 0x7f453869a8d0>
2025-11-19 11:44:59,396 - Knowledge - INFO - Found code-base-name: https://github.com/DarssiniRamesh/spacetelescope.git:main
2025-11-19 11:44:59,482 - Knowledge - INFO - Found code-base-name: https://github.com/DarssiniRamesh/spacetelescope.git:main
2025-11-19 11:44:59,571 - Knowledge - INFO - Found code_base: <app.utils.kg_build.knowledge.KnowledgeCodeBase object at 0x7f30087a7e50>
2025-11-19 11:44:59,676 - Knowledge - INFO - Found code_base: <app.utils.kg_build.knowledge.KnowledgeCodeBase object at 0x7f453869a8d0>
2025-11-19 11:44:59,794 - Knowledge - INFO - Found code-base-name: https://github.com/DarssiniRamesh/spacetelescope.git:main
2025-11-19 11:44:59,858 - Knowledge - INFO - persist ingested knowledge for /app/data/T0015/271517/b4715fp/spacetelescope/jwql/instrument_monitors/nirspec_monitors/data_trending/dashboard.py
2025-11-19 11:44:59,947 - Knowledge - INFO - Found code_base: <app.utils.kg_build.knowledge.KnowledgeCodeBase object at 0x7f30087a7e50>
2025-11-19 11:45:00,112 - Knowledge - INFO - persist ingested knowledge for /app/data/T0015/271517/b4715fp/spacetelescope/jwql/instrument_monitors/nirspec_monitors/data_trending/dashboard.py
2025-11-19 11:45:00,149 - Knowledge - INFO - [MONGODB_OP] Completed: persist, Collection: file_info, Duration: 94ms
2025-11-19 11:45:00,394 - Knowledge - INFO - [MONGODB_OP] Completed: persist, Collection: file_info, Duration: 92ms
2025-11-19 11:45:00,555 - Knowledge - INFO - [REDIS_OP] Completed: store_embedding, Key: jwql/instrument_monitors/nirspec_monitors/data_trending/dashboard.py, Duration: 224ms
2025-11-19 11:45:00,742 - Knowledge - INFO - persist search terms embedding for jwql/instrument_monitors/nirspec_monitors/data_trending/dashboard.py
2025-11-19 11:45:00,823 - Knowledge - INFO - [REDIS_OP] Completed: store_embedding, Key: jwql/instrument_monitors/nirspec_monitors/data_trending/dashboard.py, Duration: 241ms
2025-11-19 11:45:00,959 - Knowledge - INFO - process ingested knowledge for /app/data/T0015/271517/b4715fp/spacetelescope/jwql/instrument_monitors/nirspec_monitors/data_trending/dashboard.py
2025-11-19 11:45:01,002 - Knowledge - INFO - persist search terms embedding for jwql/instrument_monitors/nirspec_monitors/data_trending/dashboard.py
2025-11-19 11:45:01,172 - Knowledge - INFO - process ingested knowledge for /app/data/T0015/271517/b4715fp/spacetelescope/jwql/instrument_monitors/nirspec_monitors/data_trending/dashboard.py
2025-11-19 11:45:01,189 - Knowledge - INFO - Found code-base-name: https://github.com/DarssiniRamesh/spacetelescope.git:main
2025-11-19 11:45:01,358 - Knowledge - INFO - Found code-base-name: https://github.com/DarssiniRamesh/spacetelescope.git:main
2025-11-19 11:45:01,358 - Knowledge - INFO - Found code_base: <app.utils.kg_build.knowledge.KnowledgeCodeBase object at 0x7f453869a8d0>
2025-11-19 11:45:01,501 - Knowledge - INFO - Found code_base: <app.utils.kg_build.knowledge.KnowledgeCodeBase object at 0x7f30087a7e50>
2025-11-19 11:45:01,636 - Knowledge - INFO - Found code-base-name: https://github.com/DarssiniRamesh/spacetelescope.git:main
2025-11-19 11:45:01,770 - Knowledge - INFO - Found code-base-name: https://github.com/DarssiniRamesh/spacetelescope.git:main
2025-11-19 11:45:01,843 - Knowledge - INFO - Found code_base: <app.utils.kg_build.knowledge.KnowledgeCodeBase object at 0x7f453869a8d0>
2025-11-19 11:45:01,925 - Knowledge - INFO - Found code_base: <app.utils.kg_build.knowledge.KnowledgeCodeBase object at 0x7f30087a7e50>
2025-11-19 11:45:02,006 - Knowledge - INFO - persist ingested knowledge for /app/data/T0015/271517/b4715fp/spacetelescope/jwql/database/monitor_table_definitions/niriss/niriss_dark_query_history.txt
2025-11-19 11:45:02,097 - Knowledge - INFO - persist ingested knowledge for /app/data/T0015/271517/b4715fp/spacetelescope/jwql/database/monitor_table_definitions/niriss/niriss_dark_query_history.txt
2025-11-19 11:45:02,337 - Knowledge - INFO - [MONGODB_OP] Completed: persist, Collection: file_info, Duration: 136ms
2025-11-19 11:45:02,349 - Knowledge - INFO - [MONGODB_OP] Completed: persist, Collection: file_info, Duration: 109ms
2025-11-19 11:45:02,743 - Knowledge - INFO - [REDIS_OP] Completed: store_embedding, Key: jwql/database/monitor_table_definitions/niriss/niriss_dark_query_history.txt, Duration: 221ms
2025-11-19 11:45:02,842 - Knowledge - INFO - [REDIS_OP] Completed: store_embedding, Key: jwql/database/monitor_table_definitions/niriss/niriss_dark_query_history.txt, Duration: 307ms
2025-11-19 11:45:02,896 - Knowledge - INFO - persist search terms embedding for jwql/database/monitor_table_definitions/niriss/niriss_dark_query_history.txt
2025-11-19 11:45:03,039 - Knowledge - INFO - persist search terms embedding for jwql/database/monitor_table_definitions/niriss/niriss_dark_query_history.txt
2025-11-19 11:45:03,090 - Knowledge - INFO - process ingested knowledge for /app/data/T0015/271517/b4715fp/spacetelescope/jwql/database/monitor_table_definitions/niriss/niriss_dark_query_history.txt
2025-11-19 11:45:03,230 - Knowledge - INFO - process ingested knowledge for /app/data/T0015/271517/b4715fp/spacetelescope/jwql/database/monitor_table_definitions/niriss/niriss_dark_query_history.txt
2025-11-19 11:45:03,267 - Knowledge - INFO - Found code-base-name: https://github.com/DarssiniRamesh/spacetelescope.git:main
2025-11-19 11:45:03,388 - Knowledge - INFO - Found code-base-name: https://github.com/DarssiniRamesh/spacetelescope.git:main
2025-11-19 11:45:03,445 - Knowledge - INFO - Found code_base: <app.utils.kg_build.knowledge.KnowledgeCodeBase object at 0x7f453869a8d0>
2025-11-19 11:45:03,521 - Knowledge - INFO - Found code_base: <app.utils.kg_build.knowledge.KnowledgeCodeBase object at 0x7f30087a7e50>
2025-11-19 11:45:03,675 - Knowledge - INFO - Found code-base-name: https://github.com/DarssiniRamesh/spacetelescope.git:main
2025-11-19 11:45:03,757 - Knowledge - INFO - Found code-base-name: https://github.com/DarssiniRamesh/spacetelescope.git:main
2025-11-19 11:45:03,870 - Knowledge - INFO - Found code_base: <app.utils.kg_build.knowledge.KnowledgeCodeBase object at 0x7f453869a8d0>
2025-11-19 11:45:03,950 - Knowledge - INFO - Found code_base: <app.utils.kg_build.knowledge.KnowledgeCodeBase object at 0x7f30087a7e50>
2025-11-19 11:45:04,091 - Knowledge - INFO - persist ingested knowledge for /app/data/T0015/271517/b4715fp/spacetelescope/jwql/database/monitor_table_definitions/fgs/fgs_dark_query_history.txt
2025-11-19 11:45:04,130 - Knowledge - INFO - persist ingested knowledge for /app/data/T0015/271517/b4715fp/spacetelescope/jwql/database/monitor_table_definitions/fgs/fgs_dark_query_history.txt
2025-11-19 11:45:04,383 - Knowledge - INFO - [MONGODB_OP] Completed: persist, Collection: file_info, Duration: 84ms
2025-11-19 11:45:04,394 - Knowledge - INFO - [MONGODB_OP] Completed: persist, Collection: file_info, Duration: 79ms
2025-11-19 11:45:04,787 - Knowledge - INFO - [REDIS_OP] Completed: store_embedding, Key: jwql/database/monitor_table_definitions/fgs/fgs_dark_query_history.txt, Duration: 218ms
2025-11-19 11:45:04,803 - Knowledge - INFO - [REDIS_OP] Completed: store_embedding, Key: jwql/database/monitor_table_definitions/fgs/fgs_dark_query_history.txt, Duration: 201ms
2025-11-19 11:45:04,981 - Knowledge - INFO - persist search terms embedding for jwql/database/monitor_table_definitions/fgs/fgs_dark_query_history.txt
2025-11-19 11:45:04,992 - Knowledge - INFO - persist search terms embedding for jwql/database/monitor_table_definitions/fgs/fgs_dark_query_history.txt
2025-11-19 11:45:05,155 - Knowledge - INFO - process ingested knowledge for /app/data/T0015/271517/b4715fp/spacetelescope/jwql/database/monitor_table_definitions/fgs/fgs_dark_query_history.txt
2025-11-19 11:45:05,184 - Knowledge - INFO - process ingested knowledge for /app/data/T0015/271517/b4715fp/spacetelescope/jwql/database/monitor_table_definitions/fgs/fgs_dark_query_history.txt
2025-11-19 11:45:05,349 - Knowledge - INFO - Found code-base-name: https://github.com/DarssiniRamesh/spacetelescope.git:main
2025-11-19 11:45:05,370 - Knowledge - INFO - Found code-base-name: https://github.com/DarssiniRamesh/spacetelescope.git:main
2025-11-19 11:45:05,512 - Knowledge - INFO - Found code_base: <app.utils.kg_build.knowledge.KnowledgeCodeBase object at 0x7f30087a7e50>
2025-11-19 11:45:05,570 - Knowledge - INFO - Found code_base: <app.utils.kg_build.knowledge.KnowledgeCodeBase object at 0x7f453869a8d0>
2025-11-19 11:45:05,763 - Knowledge - INFO - Found code-base-name: https://github.com/DarssiniRamesh/spacetelescope.git:main
2025-11-19 11:45:05,831 - Knowledge - INFO - Found code-base-name: https://github.com/DarssiniRamesh/spacetelescope.git:main
2025-11-19 11:45:05,907 - Knowledge - INFO - Found code_base: <app.utils.kg_build.knowledge.KnowledgeCodeBase object at 0x7f30087a7e50>
2025-11-19 11:45:06,045 - Knowledge - INFO - Found code_base: <app.utils.kg_build.knowledge.KnowledgeCodeBase object at 0x7f453869a8d0>
2025-11-19 11:45:06,104 - Knowledge - INFO - persist ingested knowledge for /app/data/T0015/271517/b4715fp/spacetelescope/jwql/website/apps/jwql/tests/test_context_processors.py
2025-11-19 11:45:06,228 - Knowledge - INFO - persist ingested knowledge for /app/data/T0015/271517/b4715fp/spacetelescope/jwql/website/apps/jwql/tests/test_context_processors.py
2025-11-19 11:45:06,376 - Knowledge - INFO - [MONGODB_OP] Completed: persist, Collection: file_info, Duration: 101ms
2025-11-19 11:45:06,546 - Knowledge - INFO - [MONGODB_OP] Completed: persist, Collection: file_info, Duration: 94ms
2025-11-19 11:45:06,756 - Knowledge - INFO - [REDIS_OP] Completed: store_embedding, Key: jwql/website/apps/jwql/tests/test_context_processors.py, Duration: 237ms
2025-11-19 11:45:06,913 - Knowledge - INFO - persist search terms embedding for jwql/website/apps/jwql/tests/test_context_processors.py
2025-11-19 11:45:06,936 - Knowledge - INFO - [REDIS_OP] Completed: store_embedding, Key: jwql/website/apps/jwql/tests/test_context_processors.py, Duration: 246ms
2025-11-19 11:45:07,084 - Knowledge - INFO - persist search terms embedding for jwql/website/apps/jwql/tests/test_context_processors.py
2025-11-19 11:45:07,092 - Knowledge - INFO - process ingested knowledge for /app/data/T0015/271517/b4715fp/spacetelescope/jwql/website/apps/jwql/tests/test_context_processors.py
2025-11-19 11:45:07,238 - Knowledge - INFO - Found code-base-name: https://github.com/DarssiniRamesh/spacetelescope.git:main
2025-11-19 11:45:07,273 - Knowledge - INFO - process ingested knowledge for /app/data/T0015/271517/b4715fp/spacetelescope/jwql/website/apps/jwql/tests/test_context_processors.py
2025-11-19 11:45:07,416 - Knowledge - INFO - Found code_base: <app.utils.kg_build.knowledge.KnowledgeCodeBase object at 0x7f30087a7e50>
2025-11-19 11:45:07,440 - Knowledge - INFO - Found code-base-name: https://github.com/DarssiniRamesh/spacetelescope.git:main
2025-11-19 11:45:07,647 - Knowledge - INFO - Found code_base: <app.utils.kg_build.knowledge.KnowledgeCodeBase object at 0x7f453869a8d0>
2025-11-19 11:45:07,697 - Knowledge - INFO - Found code-base-name: https://github.com/DarssiniRamesh/spacetelescope.git:main
2025-11-19 11:45:07,863 - Knowledge - INFO - Found code_base: <app.utils.kg_build.knowledge.KnowledgeCodeBase object at 0x7f30087a7e50>
2025-11-19 11:45:07,881 - Knowledge - INFO - Found code-base-name: https://github.com/DarssiniRamesh/spacetelescope.git:main
2025-11-19 11:45:08,002 - Knowledge - INFO - persist ingested knowledge for /app/data/T0015/271517/b4715fp/spacetelescope/jwql/database/monitor_table_definitions/niriss/niriss_readnoise_stats.txt
2025-11-19 11:45:08,052 - Knowledge - INFO - Found code_base: <app.utils.kg_build.knowledge.KnowledgeCodeBase object at 0x7f453869a8d0>
2025-11-19 11:45:08,251 - Knowledge - INFO - persist ingested knowledge for /app/data/T0015/271517/b4715fp/spacetelescope/jwql/database/monitor_table_definitions/niriss/niriss_readnoise_stats.txt
2025-11-19 11:45:08,294 - Knowledge - INFO - [MONGODB_OP] Completed: persist, Collection: file_info, Duration: 96ms
2025-11-19 11:45:08,515 - Knowledge - INFO - [MONGODB_OP] Completed: persist, Collection: file_info, Duration: 91ms
2025-11-19 11:45:08,767 - Knowledge - INFO - [REDIS_OP] Completed: store_embedding, Key: jwql/database/monitor_table_definitions/niriss/niriss_readnoise_stats.txt, Duration: 304ms
2025-11-19 11:45:08,926 - Knowledge - INFO - persist search terms embedding for jwql/database/monitor_table_definitions/niriss/niriss_readnoise_stats.txt
2025-11-19 11:45:09,032 - Knowledge - INFO - [REDIS_OP] Completed: store_embedding, Key: jwql/database/monitor_table_definitions/niriss/niriss_readnoise_stats.txt, Duration: 341ms
2025-11-19 11:45:09,128 - Knowledge - INFO - process ingested knowledge for /app/data/T0015/271517/b4715fp/spacetelescope/jwql/database/monitor_table_definitions/niriss/niriss_readnoise_stats.txt
2025-11-19 11:45:09,226 - Knowledge - INFO - persist search terms embedding for jwql/database/monitor_table_definitions/niriss/niriss_readnoise_stats.txt
2025-11-19 11:45:09,275 - Knowledge - INFO - Found code-base-name: https://github.com/DarssiniRamesh/spacetelescope.git:main
2025-11-19 11:45:09,427 - Knowledge - INFO - Found code_base: <app.utils.kg_build.knowledge.KnowledgeCodeBase object at 0x7f30087a7e50>
2025-11-19 11:45:09,439 - Knowledge - INFO - process ingested knowledge for /app/data/T0015/271517/b4715fp/spacetelescope/jwql/database/monitor_table_definitions/niriss/niriss_readnoise_stats.txt
2025-11-19 11:45:09,590 - Knowledge - INFO - Found code-base-name: https://github.com/DarssiniRamesh/spacetelescope.git:main
2025-11-19 11:45:09,647 - Knowledge - INFO - Found code-base-name: https://github.com/DarssiniRamesh/spacetelescope.git:main
2025-11-19 11:45:09,772 - Knowledge - INFO - Found code_base: <app.utils.kg_build.knowledge.KnowledgeCodeBase object at 0x7f453869a8d0>
2025-11-19 11:45:09,829 - Knowledge - INFO - Found code_base: <app.utils.kg_build.knowledge.KnowledgeCodeBase object at 0x7f30087a7e50>
2025-11-19 11:45:09,981 - Knowledge - INFO - Found code-base-name: https://github.com/DarssiniRamesh/spacetelescope.git:main
2025-11-19 11:45:10,023 - Knowledge - INFO - persist ingested knowledge for /app/data/T0015/271517/b4715fp/spacetelescope/jwql/database/monitor_table_definitions/fgs/fgs_readnoise_stats.txt
2025-11-19 11:45:10,166 - Knowledge - INFO - Found code_base: <app.utils.kg_build.knowledge.KnowledgeCodeBase object at 0x7f453869a8d0>
2025-11-19 11:45:10,274 - Knowledge - INFO - [MONGODB_OP] Completed: persist, Collection: file_info, Duration: 91ms
2025-11-19 11:45:10,371 - Knowledge - INFO - persist ingested knowledge for /app/data/T0015/271517/b4715fp/spacetelescope/jwql/database/monitor_table_definitions/fgs/fgs_readnoise_stats.txt
2025-11-19 11:45:10,646 - Knowledge - INFO - [REDIS_OP] Completed: store_embedding, Key: jwql/database/monitor_table_definitions/fgs/fgs_readnoise_stats.txt, Duration: 181ms
2025-11-19 11:45:10,660 - Knowledge - INFO - [MONGODB_OP] Completed: persist, Collection: file_info, Duration: 108ms
2025-11-19 11:45:10,784 - Knowledge - INFO - persist search terms embedding for jwql/database/monitor_table_definitions/fgs/fgs_readnoise_stats.txt
2025-11-19 11:45:10,950 - Knowledge - INFO - process ingested knowledge for /app/data/T0015/271517/b4715fp/spacetelescope/jwql/database/monitor_table_definitions/fgs/fgs_readnoise_stats.txt
2025-11-19 11:45:11,024 - Knowledge - INFO - [REDIS_OP] Completed: store_embedding, Key: jwql/database/monitor_table_definitions/fgs/fgs_readnoise_stats.txt, Duration: 225ms
2025-11-19 11:45:11,128 - Knowledge - INFO - Found code-base-name: https://github.com/DarssiniRamesh/spacetelescope.git:main
2025-11-19 11:45:11,222 - Knowledge - INFO - persist search terms embedding for jwql/database/monitor_table_definitions/fgs/fgs_readnoise_stats.txt
2025-11-19 11:45:11,315 - Knowledge - INFO - Found code_base: <app.utils.kg_build.knowledge.KnowledgeCodeBase object at 0x7f30087a7e50>
2025-11-19 11:45:11,384 - Knowledge - INFO - process ingested knowledge for /app/data/T0015/271517/b4715fp/spacetelescope/jwql/database/monitor_table_definitions/fgs/fgs_readnoise_stats.txt
2025-11-19 11:45:11,535 - Knowledge - INFO - Found code-base-name: https://github.com/DarssiniRamesh/spacetelescope.git:main
2025-11-19 11:45:11,571 - Knowledge - INFO - Found code-base-name: https://github.com/DarssiniRamesh/spacetelescope.git:main
2025-11-19 11:45:11,684 - Knowledge - INFO - Found code_base: <app.utils.kg_build.knowledge.KnowledgeCodeBase object at 0x7f453869a8d0>
2025-11-19 11:45:11,756 - Knowledge - INFO - Found code_base: <app.utils.kg_build.knowledge.KnowledgeCodeBase object at 0x7f30087a7e50>
2025-11-19 11:45:11,902 - Knowledge - INFO - Found code-base-name: https://github.com/DarssiniRamesh/spacetelescope.git:main
2025-11-19 11:45:11,907 - Knowledge - INFO - persist ingested knowledge for /app/data/T0015/271517/b4715fp/spacetelescope/jwql/tests/test_dark_monitor.py
2025-11-19 11:45:12,089 - Knowledge - INFO - Found code_base: <app.utils.kg_build.knowledge.KnowledgeCodeBase object at 0x7f453869a8d0>
2025-11-19 11:45:12,129 - Knowledge - INFO - [MONGODB_OP] Completed: persist, Collection: file_info, Duration: 94ms
2025-11-19 11:45:12,286 - Knowledge - INFO - persist ingested knowledge for /app/data/T0015/271517/b4715fp/spacetelescope/jwql/tests/test_dark_monitor.py
2025-11-19 11:45:12,533 - Knowledge - INFO - [REDIS_OP] Completed: store_embedding, Key: jwql/tests/test_dark_monitor.py, Duration: 242ms
2025-11-19 11:45:12,557 - Knowledge - INFO - [MONGODB_OP] Completed: persist, Collection: file_info, Duration: 104ms
2025-11-19 11:45:12,716 - Knowledge - INFO - persist search terms embedding for jwql/tests/test_dark_monitor.py
2025-11-19 11:45:12,882 - Knowledge - INFO - process ingested knowledge for /app/data/T0015/271517/b4715fp/spacetelescope/jwql/tests/test_dark_monitor.py
2025-11-19 11:45:13,042 - Knowledge - INFO - [REDIS_OP] Completed: store_embedding, Key: jwql/tests/test_dark_monitor.py, Duration: 281ms
2025-11-19 11:45:13,070 - Knowledge - INFO - Found code-base-name: https://github.com/DarssiniRamesh/spacetelescope.git:main
2025-11-19 11:45:13,241 - Knowledge - INFO - Found code_base: <app.utils.kg_build.knowledge.KnowledgeCodeBase object at 0x7f30087a7e50>
2025-11-19 11:45:13,243 - Knowledge - INFO - persist search terms embedding for jwql/tests/test_dark_monitor.py
2025-11-19 11:45:13,439 - Knowledge - INFO - process ingested knowledge for /app/data/T0015/271517/b4715fp/spacetelescope/jwql/tests/test_dark_monitor.py
2025-11-19 11:45:13,511 - Knowledge - INFO - Found code-base-name: https://github.com/DarssiniRamesh/spacetelescope.git:main
2025-11-19 11:45:13,638 - Knowledge - INFO - Found code-base-name: https://github.com/DarssiniRamesh/spacetelescope.git:main
2025-11-19 11:45:13,709 - Knowledge - INFO - Found code_base: <app.utils.kg_build.knowledge.KnowledgeCodeBase object at 0x7f30087a7e50>
2025-11-19 11:45:13,850 - Knowledge - INFO - Found code_base: <app.utils.kg_build.knowledge.KnowledgeCodeBase object at 0x7f453869a8d0>
2025-11-19 11:45:13,866 - Knowledge - INFO - persist ingested knowledge for /app/data/T0015/271517/b4715fp/spacetelescope/jwql/database/monitor_table_definitions/miri/miri_bad_pixel_stats.txt
2025-11-19 11:45:14,093 - Knowledge - INFO - Found code-base-name: https://github.com/DarssiniRamesh/spacetelescope.git:main
2025-11-19 11:45:14,109 - Knowledge - INFO - [MONGODB_OP] Completed: persist, Collection: file_info, Duration: 88ms
2025-11-19 11:45:14,296 - Knowledge - INFO - Found code_base: <app.utils.kg_build.knowledge.KnowledgeCodeBase object at 0x7f453869a8d0>
2025-11-19 11:45:14,487 - Knowledge - INFO - persist ingested knowledge for /app/data/T0015/271517/b4715fp/spacetelescope/jwql/database/monitor_table_definitions/miri/miri_bad_pixel_stats.txt
2025-11-19 11:45:14,521 - Knowledge - INFO - [REDIS_OP] Completed: store_embedding, Key: jwql/database/monitor_table_definitions/miri/miri_bad_pixel_stats.txt, Duration: 227ms
2025-11-19 11:45:14,686 - Knowledge - INFO - persist search terms embedding for jwql/database/monitor_table_definitions/miri/miri_bad_pixel_stats.txt
2025-11-19 11:45:14,747 - Knowledge - INFO - [MONGODB_OP] Completed: persist, Collection: file_info, Duration: 111ms
2025-11-19 11:45:14,862 - Knowledge - INFO - process ingested knowledge for /app/data/T0015/271517/b4715fp/spacetelescope/jwql/database/monitor_table_definitions/miri/miri_bad_pixel_stats.txt
2025-11-19 11:45:15,069 - Knowledge - INFO - Found code-base-name: https://github.com/DarssiniRamesh/spacetelescope.git:main
2025-11-19 11:45:15,219 - Knowledge - INFO - [REDIS_OP] Completed: store_embedding, Key: jwql/database/monitor_table_definitions/miri/miri_bad_pixel_stats.txt, Duration: 250ms
2025-11-19 11:45:15,232 - Knowledge - INFO - Found code_base: <app.utils.kg_build.knowledge.KnowledgeCodeBase object at 0x7f30087a7e50>
2025-11-19 11:45:15,385 - Knowledge - INFO - persist search terms embedding for jwql/database/monitor_table_definitions/miri/miri_bad_pixel_stats.txt
2025-11-19 11:45:15,506 - Knowledge - INFO - Found code-base-name: https://github.com/DarssiniRamesh/spacetelescope.git:main
2025-11-19 11:45:15,571 - Knowledge - INFO - process ingested knowledge for /app/data/T0015/271517/b4715fp/spacetelescope/jwql/database/monitor_table_definitions/miri/miri_bad_pixel_stats.txt
2025-11-19 11:45:15,686 - Knowledge - INFO - Found code_base: <app.utils.kg_build.knowledge.KnowledgeCodeBase object at 0x7f30087a7e50>
2025-11-19 11:45:15,766 - Knowledge - INFO - Found code-base-name: https://github.com/DarssiniRamesh/spacetelescope.git:main
2025-11-19 11:45:15,836 - Knowledge - INFO - persist ingested knowledge for /app/data/T0015/271517/b4715fp/spacetelescope/style_guide/typing_demo/typing_demo_1.py
2025-11-19 11:45:15,926 - Knowledge - INFO - Found code_base: <app.utils.kg_build.knowledge.KnowledgeCodeBase object at 0x7f453869a8d0>
2025-11-19 11:45:16,109 - Knowledge - INFO - [MONGODB_OP] Completed: persist, Collection: file_info, Duration: 92ms
2025-11-19 11:45:16,187 - Knowledge - INFO - Found code-base-name: https://github.com/DarssiniRamesh/spacetelescope.git:main
2025-11-19 11:45:16,347 - Knowledge - INFO - Found code_base: <app.utils.kg_build.knowledge.KnowledgeCodeBase object at 0x7f453869a8d0>
2025-11-19 11:45:16,529 - Knowledge - INFO - persist ingested knowledge for /app/data/T0015/271517/b4715fp/spacetelescope/style_guide/typing_demo/typing_demo_1.py
2025-11-19 11:45:16,622 - Knowledge - INFO - [REDIS_OP] Completed: store_embedding, Key: style_guide/typing_demo/typing_demo_1.py, Duration: 347ms
2025-11-19 11:45:16,797 - Knowledge - INFO - [MONGODB_OP] Completed: persist, Collection: file_info, Duration: 115ms
2025-11-19 11:45:16,811 - Knowledge - INFO - persist search terms embedding for style_guide/typing_demo/typing_demo_1.py
2025-11-19 11:45:16,975 - Knowledge - INFO - process ingested knowledge for /app/data/T0015/271517/b4715fp/spacetelescope/style_guide/typing_demo/typing_demo_1.py
2025-11-19 11:45:17,147 - Knowledge - INFO - Found code-base-name: https://github.com/DarssiniRamesh/spacetelescope.git:main
2025-11-19 11:45:17,190 - Knowledge - INFO - [REDIS_OP] Completed: store_embedding, Key: style_guide/typing_demo/typing_demo_1.py, Duration: 224ms
2025-11-19 11:45:17,316 - Knowledge - INFO - Found code_base: <app.utils.kg_build.knowledge.KnowledgeCodeBase object at 0x7f30087a7e50>
2025-11-19 11:45:17,366 - Knowledge - INFO - persist search terms embedding for style_guide/typing_demo/typing_demo_1.py
2025-11-19 11:45:17,563 - Knowledge - INFO - process ingested knowledge for /app/data/T0015/271517/b4715fp/spacetelescope/style_guide/typing_demo/typing_demo_1.py
2025-11-19 11:45:17,571 - Knowledge - INFO - Found code-base-name: https://github.com/DarssiniRamesh/spacetelescope.git:main
2025-11-19 11:45:17,723 - Knowledge - INFO - Found code_base: <app.utils.kg_build.knowledge.KnowledgeCodeBase object at 0x7f30087a7e50>
2025-11-19 11:45:17,749 - Knowledge - INFO - Found code-base-name: https://github.com/DarssiniRamesh/spacetelescope.git:main
2025-11-19 11:45:17,895 - Knowledge - INFO - Found code_base: <app.utils.kg_build.knowledge.KnowledgeCodeBase object at 0x7f453869a8d0>
2025-11-19 11:45:17,903 - Knowledge - INFO - persist ingested knowledge for /app/data/T0015/271517/b4715fp/spacetelescope/jwql/tests/test_permissions.py
2025-11-19 11:45:18,128 - Knowledge - INFO - Found code-base-name: https://github.com/DarssiniRamesh/spacetelescope.git:main
2025-11-19 11:45:18,206 - Knowledge - INFO - [MONGODB_OP] Completed: persist, Collection: file_info, Duration: 88ms
2025-11-19 11:45:18,304 - Knowledge - INFO - Found code_base: <app.utils.kg_build.knowledge.KnowledgeCodeBase object at 0x7f453869a8d0>
2025-11-19 11:45:18,502 - Knowledge - INFO - persist ingested knowledge for /app/data/T0015/271517/b4715fp/spacetelescope/jwql/tests/test_permissions.py
2025-11-19 11:45:18,623 - Knowledge - INFO - [REDIS_OP] Completed: store_embedding, Key: jwql/tests/test_permissions.py, Duration: 216ms
2025-11-19 11:45:18,735 - Knowledge - INFO - [MONGODB_OP] Completed: persist, Collection: file_info, Duration: 90ms
2025-11-19 11:45:18,785 - Knowledge - INFO - persist search terms embedding for jwql/tests/test_permissions.py
2025-11-19 11:45:18,976 - Knowledge - INFO - process ingested knowledge for /app/data/T0015/271517/b4715fp/spacetelescope/jwql/tests/test_permissions.py
2025-11-19 11:45:19,152 - Knowledge - INFO - Found code-base-name: https://github.com/DarssiniRamesh/spacetelescope.git:main
2025-11-19 11:45:19,209 - Knowledge - INFO - [REDIS_OP] Completed: store_embedding, Key: jwql/tests/test_permissions.py, Duration: 301ms
2025-11-19 11:45:19,338 - Knowledge - INFO - Found code_base: <app.utils.kg_build.knowledge.KnowledgeCodeBase object at 0x7f30087a7e50>
2025-11-19 11:45:19,379 - Knowledge - INFO - persist search terms embedding for jwql/tests/test_permissions.py
2025-11-19 11:45:19,578 - Knowledge - INFO - Found code-base-name: https://github.com/DarssiniRamesh/spacetelescope.git:main
2025-11-19 11:45:19,588 - Knowledge - INFO - process ingested knowledge for /app/data/T0015/271517/b4715fp/spacetelescope/jwql/tests/test_permissions.py
2025-11-19 11:45:19,727 - Knowledge - INFO - Found code-base-name: https://github.com/DarssiniRamesh/spacetelescope.git:main
2025-11-19 11:45:19,768 - Knowledge - INFO - Found code_base: <app.utils.kg_build.knowledge.KnowledgeCodeBase object at 0x7f30087a7e50>
2025-11-19 11:45:19,905 - Knowledge - INFO - Found code_base: <app.utils.kg_build.knowledge.KnowledgeCodeBase object at 0x7f453869a8d0>
2025-11-19 11:45:19,931 - Knowledge - INFO - persist ingested knowledge for /app/data/T0015/271517/b4715fp/spacetelescope/jwql/website/apps/jwql/templates/readnoise_monitor.html
2025-11-19 11:45:20,178 - Knowledge - INFO - [MONGODB_OP] Completed: persist, Collection: file_info, Duration: 97ms
2025-11-19 11:45:20,187 - Knowledge - INFO - Found code-base-name: https://github.com/DarssiniRamesh/spacetelescope.git:main
2025-11-19 11:45:20,390 - Knowledge - INFO - Found code_base: <app.utils.kg_build.knowledge.KnowledgeCodeBase object at 0x7f453869a8d0>
2025-11-19 11:45:20,562 - Knowledge - INFO - [REDIS_OP] Completed: store_embedding, Key: jwql/website/apps/jwql/templates/readnoise_monitor.html, Duration: 231ms
2025-11-19 11:45:20,570 - Knowledge - INFO - persist ingested knowledge for /app/data/T0015/271517/b4715fp/spacetelescope/jwql/website/apps/jwql/templates/readnoise_monitor.html
2025-11-19 11:45:20,722 - Knowledge - INFO - persist search terms embedding for jwql/website/apps/jwql/templates/readnoise_monitor.html
2025-11-19 11:45:20,876 - Knowledge - INFO - [MONGODB_OP] Completed: persist, Collection: file_info, Duration: 102ms
2025-11-19 11:45:20,887 - Knowledge - INFO - process ingested knowledge for /app/data/T0015/271517/b4715fp/spacetelescope/jwql/website/apps/jwql/templates/readnoise_monitor.html
2025-11-19 11:45:21,098 - Knowledge - INFO - Found code-base-name: https://github.com/DarssiniRamesh/spacetelescope.git:main
2025-11-19 11:45:21,252 - Knowledge - INFO - Found code_base: <app.utils.kg_build.knowledge.KnowledgeCodeBase object at 0x7f30087a7e50>
2025-11-19 11:45:21,401 - Knowledge - INFO - [REDIS_OP] Completed: store_embedding, Key: jwql/website/apps/jwql/templates/readnoise_monitor.html, Duration: 343ms
2025-11-19 11:45:21,520 - Knowledge - INFO - Found code-base-name: https://github.com/DarssiniRamesh/spacetelescope.git:main
2025-11-19 11:45:21,581 - Knowledge - INFO - persist search terms embedding for jwql/website/apps/jwql/templates/readnoise_monitor.html
2025-11-19 11:45:21,708 - Knowledge - INFO - Found code_base: <app.utils.kg_build.knowledge.KnowledgeCodeBase object at 0x7f30087a7e50>
2025-11-19 11:45:21,735 - Knowledge - INFO - process ingested knowledge for /app/data/T0015/271517/b4715fp/spacetelescope/jwql/website/apps/jwql/templates/readnoise_monitor.html
2025-11-19 11:45:21,885 - Knowledge - INFO - persist ingested knowledge for /app/data/T0015/271517/b4715fp/spacetelescope/jwql/website/apps/jwql/monitor_pages/yaml/dark_monitor_interface.yaml
2025-11-19 11:45:21,898 - Knowledge - INFO - Found code-base-name: https://github.com/DarssiniRamesh/spacetelescope.git:main
2025-11-19 11:45:22,083 - Knowledge - INFO - Found code_base: <app.utils.kg_build.knowledge.KnowledgeCodeBase object at 0x7f453869a8d0>
2025-11-19 11:45:22,183 - Knowledge - INFO - [MONGODB_OP] Completed: persist, Collection: file_info, Duration: 122ms
2025-11-19 11:45:22,332 - Knowledge - INFO - Found code-base-name: https://github.com/DarssiniRamesh/spacetelescope.git:main
2025-11-19 11:45:22,519 - Knowledge - INFO - Found code_base: <app.utils.kg_build.knowledge.KnowledgeCodeBase object at 0x7f453869a8d0>
2025-11-19 11:45:22,657 - Knowledge - INFO - [REDIS_OP] Completed: store_embedding, Key: jwql/website/apps/jwql/monitor_pages/yaml/dark_monitor_interface.yaml, Duration: 309ms
2025-11-19 11:45:22,700 - Knowledge - INFO - persist ingested knowledge for /app/data/T0015/271517/b4715fp/spacetelescope/jwql/website/apps/jwql/monitor_pages/yaml/dark_monitor_interface.yaml
2025-11-19 11:45:22,836 - Knowledge - INFO - persist search terms embedding for jwql/website/apps/jwql/monitor_pages/yaml/dark_monitor_interface.yaml
2025-11-19 11:45:22,998 - Knowledge - INFO - [MONGODB_OP] Completed: persist, Collection: file_info, Duration: 109ms
2025-11-19 11:45:23,041 - Knowledge - INFO - process ingested knowledge for /app/data/T0015/271517/b4715fp/spacetelescope/jwql/website/apps/jwql/monitor_pages/yaml/dark_monitor_interface.yaml
2025-11-19 11:45:23,228 - Knowledge - INFO - Found code-base-name: https://github.com/DarssiniRamesh/spacetelescope.git:main
2025-11-19 11:45:23,410 - Knowledge - INFO - Found code_base: <app.utils.kg_build.knowledge.KnowledgeCodeBase object at 0x7f30087a7e50>
2025-11-19 11:45:23,575 - Knowledge - INFO - [REDIS_OP] Completed: store_embedding, Key: jwql/website/apps/jwql/monitor_pages/yaml/dark_monitor_interface.yaml, Duration: 369ms
2025-11-19 11:45:23,644 - Knowledge - INFO - Found code-base-name: https://github.com/DarssiniRamesh/spacetelescope.git:main
2025-11-19 11:45:23,741 - Knowledge - INFO - persist search terms embedding for jwql/website/apps/jwql/monitor_pages/yaml/dark_monitor_interface.yaml
2025-11-19 11:45:23,820 - Knowledge - INFO - Found code_base: <app.utils.kg_build.knowledge.KnowledgeCodeBase object at 0x7f30087a7e50>
2025-11-19 11:45:23,890 - Knowledge - INFO - process ingested knowledge for /app/data/T0015/271517/b4715fp/spacetelescope/jwql/website/apps/jwql/monitor_pages/yaml/dark_monitor_interface.yaml
2025-11-19 11:45:23,967 - Knowledge - INFO - persist ingested knowledge for /app/data/T0015/271517/b4715fp/spacetelescope/jwql/tests/test_monitor_mast.py
2025-11-19 11:45:24,078 - Knowledge - INFO - Found code-base-name: https://github.com/DarssiniRamesh/spacetelescope.git:main
2025-11-19 11:45:24,227 - Knowledge - INFO - Found code_base: <app.utils.kg_build.knowledge.KnowledgeCodeBase object at 0x7f453869a8d0>
2025-11-19 11:45:24,273 - Knowledge - INFO - [MONGODB_OP] Completed: persist, Collection: file_info, Duration: 103ms
2025-11-19 11:45:24,503 - Knowledge - INFO - Found code-base-name: https://github.com/DarssiniRamesh/spacetelescope.git:main
2025-11-19 11:45:24,649 - Knowledge - INFO - [REDIS_OP] Completed: store_embedding, Key: jwql/tests/test_monitor_mast.py, Duration: 217ms
2025-11-19 11:45:24,699 - Knowledge - INFO - Found code_base: <app.utils.kg_build.knowledge.KnowledgeCodeBase object at 0x7f453869a8d0>
2025-11-19 11:45:24,830 - Knowledge - INFO - persist search terms embedding for jwql/tests/test_monitor_mast.py
2025-11-19 11:45:24,856 - Knowledge - INFO - persist ingested knowledge for /app/data/T0015/271517/b4715fp/spacetelescope/jwql/tests/test_monitor_mast.py
2025-11-19 11:45:25,031 - Knowledge - INFO - process ingested knowledge for /app/data/T0015/271517/b4715fp/spacetelescope/jwql/tests/test_monitor_mast.py
2025-11-19 11:45:25,132 - Knowledge - INFO - [MONGODB_OP] Completed: persist, Collection: file_info, Duration: 88ms
2025-11-19 11:45:25,225 - Knowledge - INFO - Found code-base-name: https://github.com/DarssiniRamesh/spacetelescope.git:main
2025-11-19 11:45:25,395 - Knowledge - INFO - Found code_base: <app.utils.kg_build.knowledge.KnowledgeCodeBase object at 0x7f30087a7e50>
2025-11-19 11:45:25,539 - Knowledge - INFO - [REDIS_OP] Completed: store_embedding, Key: jwql/tests/test_monitor_mast.py, Duration: 207ms
2025-11-19 11:45:25,703 - Knowledge - INFO - Found code-base-name: https://github.com/DarssiniRamesh/spacetelescope.git:main
2025-11-19 11:45:25,711 - Knowledge - INFO - persist search terms embedding for jwql/tests/test_monitor_mast.py
2025-11-19 11:45:25,881 - Knowledge - INFO - Found code_base: <app.utils.kg_build.knowledge.KnowledgeCodeBase object at 0x7f30087a7e50>
2025-11-19 11:45:25,883 - Knowledge - INFO - process ingested knowledge for /app/data/T0015/271517/b4715fp/spacetelescope/jwql/tests/test_monitor_mast.py
2025-11-19 11:45:26,058 - Knowledge - INFO - persist ingested knowledge for /app/data/T0015/271517/b4715fp/spacetelescope/jwql/bokeh_templating/example/example_interface.yaml
2025-11-19 11:45:26,087 - Knowledge - INFO - Found code-base-name: https://github.com/DarssiniRamesh/spacetelescope.git:main
2025-11-19 11:45:26,281 - Knowledge - INFO - Found code_base: <app.utils.kg_build.knowledge.KnowledgeCodeBase object at 0x7f453869a8d0>
2025-11-19 11:45:26,357 - Knowledge - INFO - [MONGODB_OP] Completed: persist, Collection: file_info, Duration: 92ms
2025-11-19 11:45:26,521 - Knowledge - INFO - Found code-base-name: https://github.com/DarssiniRamesh/spacetelescope.git:main
2025-11-19 11:45:26,668 - Knowledge - INFO - Found code_base: <app.utils.kg_build.knowledge.KnowledgeCodeBase object at 0x7f453869a8d0>
2025-11-19 11:45:26,803 - Knowledge - INFO - [REDIS_OP] Completed: store_embedding, Key: jwql/bokeh_templating/example/example_interface.yaml, Duration: 262ms
2025-11-19 11:45:26,815 - Knowledge - INFO - persist ingested knowledge for /app/data/T0015/271517/b4715fp/spacetelescope/jwql/bokeh_templating/example/example_interface.yaml
2025-11-19 11:45:26,983 - Knowledge - INFO - persist search terms embedding for jwql/bokeh_templating/example/example_interface.yaml
2025-11-19 11:45:27,091 - Knowledge - INFO - [MONGODB_OP] Completed: persist, Collection: file_info, Duration: 119ms
2025-11-19 11:45:27,167 - Knowledge - INFO - process ingested knowledge for /app/data/T0015/271517/b4715fp/spacetelescope/jwql/bokeh_templating/example/example_interface.yaml
2025-11-19 11:45:27,332 - Knowledge - INFO - Found code-base-name: https://github.com/DarssiniRamesh/spacetelescope.git:main
2025-11-19 11:45:27,478 - Knowledge - INFO - Found code_base: <app.utils.kg_build.knowledge.KnowledgeCodeBase object at 0x7f30087a7e50>
2025-11-19 11:45:27,659 - Knowledge - INFO - [REDIS_OP] Completed: store_embedding, Key: jwql/bokeh_templating/example/example_interface.yaml, Duration: 411ms
2025-11-19 11:45:27,724 - Knowledge - INFO - Found code-base-name: https://github.com/DarssiniRamesh/spacetelescope.git:main
2025-11-19 11:45:27,860 - Knowledge - INFO - persist search terms embedding for jwql/bokeh_templating/example/example_interface.yaml
2025-11-19 11:45:27,890 - Knowledge - INFO - Found code_base: <app.utils.kg_build.knowledge.KnowledgeCodeBase object at 0x7f30087a7e50>
2025-11-19 11:45:28,053 - Knowledge - INFO - process ingested knowledge for /app/data/T0015/271517/b4715fp/spacetelescope/jwql/bokeh_templating/example/example_interface.yaml
2025-11-19 11:45:28,087 - Knowledge - INFO - persist ingested knowledge for /app/data/T0015/271517/b4715fp/spacetelescope/jwql/website/apps/jwql/templates/dark_monitor.html
2025-11-19 11:45:28,279 - Knowledge - INFO - Found code-base-name: https://github.com/DarssiniRamesh/spacetelescope.git:main
2025-11-19 11:45:28,380 - Knowledge - INFO - [MONGODB_OP] Completed: persist, Collection: file_info, Duration: 102ms
2025-11-19 11:45:28,476 - Knowledge - INFO - Found code_base: <app.utils.kg_build.knowledge.KnowledgeCodeBase object at 0x7f453869a8d0>
2025-11-19 11:45:28,789 - Knowledge - INFO - [REDIS_OP] Completed: store_embedding, Key: jwql/website/apps/jwql/templates/dark_monitor.html, Duration: 225ms
2025-11-19 11:45:28,813 - Knowledge - INFO - Found code-base-name: https://github.com/DarssiniRamesh/spacetelescope.git:main
2025-11-19 11:45:28,962 - Knowledge - INFO - persist search terms embedding for jwql/website/apps/jwql/templates/dark_monitor.html
2025-11-19 11:45:28,974 - Knowledge - INFO - Found code_base: <app.utils.kg_build.knowledge.KnowledgeCodeBase object at 0x7f453869a8d0>
2025-11-19 11:45:29,117 - Knowledge - INFO - process ingested knowledge for /app/data/T0015/271517/b4715fp/spacetelescope/jwql/website/apps/jwql/templates/dark_monitor.html
2025-11-19 11:45:29,135 - Knowledge - INFO - persist ingested knowledge for /app/data/T0015/271517/b4715fp/spacetelescope/jwql/website/apps/jwql/templates/dark_monitor.html
2025-11-19 11:45:29,292 - Knowledge - INFO - Found code-base-name: https://github.com/DarssiniRamesh/spacetelescope.git:main
2025-11-19 11:45:29,435 - Knowledge - INFO - [MONGODB_OP] Completed: persist, Collection: file_info, Duration: 117ms
2025-11-19 11:45:29,501 - Knowledge - INFO - Found code_base: <app.utils.kg_build.knowledge.KnowledgeCodeBase object at 0x7f30087a7e50>
2025-11-19 11:45:29,775 - Knowledge - INFO - Found code-base-name: https://github.com/DarssiniRamesh/spacetelescope.git:main
2025-11-19 11:45:29,804 - Knowledge - INFO - [REDIS_OP] Completed: store_embedding, Key: jwql/website/apps/jwql/templates/dark_monitor.html, Duration: 204ms
2025-11-19 11:45:29,977 - Knowledge - INFO - Found code_base: <app.utils.kg_build.knowledge.KnowledgeCodeBase object at 0x7f30087a7e50>
2025-11-19 11:45:30,005 - Knowledge - INFO - persist search terms embedding for jwql/website/apps/jwql/templates/dark_monitor.html
2025-11-19 11:45:30,158 - Knowledge - INFO - persist ingested knowledge for /app/data/T0015/271517/b4715fp/spacetelescope/jwql/tests/test_preview_image.py
2025-11-19 11:45:30,177 - Knowledge - INFO - process ingested knowledge for /app/data/T0015/271517/b4715fp/spacetelescope/jwql/website/apps/jwql/templates/dark_monitor.html
2025-11-19 11:45:30,361 - Knowledge - INFO - Found code-base-name: https://github.com/DarssiniRamesh/spacetelescope.git:main
2025-11-19 11:45:30,426 - Knowledge - INFO - [MONGODB_OP] Completed: persist, Collection: file_info, Duration: 95ms
2025-11-19 11:45:30,561 - Knowledge - INFO - Found code_base: <app.utils.kg_build.knowledge.KnowledgeCodeBase object at 0x7f453869a8d0>
2025-11-19 11:45:30,828 - Knowledge - INFO - Found code-base-name: https://github.com/DarssiniRamesh/spacetelescope.git:main
2025-11-19 11:45:31,027 - Knowledge - INFO - Found code_base: <app.utils.kg_build.knowledge.KnowledgeCodeBase object at 0x7f453869a8d0>
2025-11-19 11:45:31,059 - Knowledge - INFO - [REDIS_OP] Completed: store_embedding, Key: jwql/tests/test_preview_image.py, Duration: 424ms
2025-11-19 11:45:31,234 - Knowledge - INFO - persist ingested knowledge for /app/data/T0015/271517/b4715fp/spacetelescope/jwql/tests/test_preview_image.py
2025-11-19 11:45:31,265 - Knowledge - INFO - persist search terms embedding for jwql/tests/test_preview_image.py
2025-11-19 11:45:31,419 - Knowledge - INFO - process ingested knowledge for /app/data/T0015/271517/b4715fp/spacetelescope/jwql/tests/test_preview_image.py
2025-11-19 11:45:31,528 - Knowledge - INFO - [MONGODB_OP] Completed: persist, Collection: file_info, Duration: 98ms
2025-11-19 11:45:31,613 - Knowledge - INFO - Found code-base-name: https://github.com/DarssiniRamesh/spacetelescope.git:main
2025-11-19 11:45:31,758 - Knowledge - INFO - Found code_base: <app.utils.kg_build.knowledge.KnowledgeCodeBase object at 0x7f30087a7e50>
2025-11-19 11:45:32,013 - Knowledge - INFO - Found code-base-name: https://github.com/DarssiniRamesh/spacetelescope.git:main
2025-11-19 11:45:32,029 - Knowledge - INFO - [REDIS_OP] Completed: store_embedding, Key: jwql/tests/test_preview_image.py, Duration: 315ms
2025-11-19 11:45:32,181 - Knowledge - INFO - Found code_base: <app.utils.kg_build.knowledge.KnowledgeCodeBase object at 0x7f30087a7e50>
2025-11-19 11:45:32,232 - Knowledge - INFO - persist search terms embedding for jwql/tests/test_preview_image.py
2025-11-19 11:45:32,310 - Knowledge - INFO - persist ingested knowledge for /app/data/T0015/271517/b4715fp/spacetelescope/jwql/website/apps/jwql/templates/instrument.html
2025-11-19 11:45:32,390 - Knowledge - INFO - process ingested knowledge for /app/data/T0015/271517/b4715fp/spacetelescope/jwql/tests/test_preview_image.py
2025-11-19 11:45:32,561 - Knowledge - INFO - [MONGODB_OP] Completed: persist, Collection: file_info, Duration: 99ms
2025-11-19 11:45:32,594 - Knowledge - INFO - Found code-base-name: https://github.com/DarssiniRamesh/spacetelescope.git:main
2025-11-19 11:45:32,778 - Knowledge - INFO - Found code_base: <app.utils.kg_build.knowledge.KnowledgeCodeBase object at 0x7f453869a8d0>
2025-11-19 11:45:32,962 - Knowledge - INFO - [REDIS_OP] Completed: store_embedding, Key: jwql/website/apps/jwql/templates/instrument.html, Duration: 233ms
2025-11-19 11:45:33,044 - Knowledge - INFO - Found code-base-name: https://github.com/DarssiniRamesh/spacetelescope.git:main
2025-11-19 11:45:33,114 - Knowledge - INFO - persist search terms embedding for jwql/website/apps/jwql/templates/instrument.html
2025-11-19 11:45:33,189 - Knowledge - INFO - Found code_base: <app.utils.kg_build.knowledge.KnowledgeCodeBase object at 0x7f453869a8d0>
2025-11-19 11:45:33,277 - Knowledge - INFO - process ingested knowledge for /app/data/T0015/271517/b4715fp/spacetelescope/jwql/website/apps/jwql/templates/instrument.html
2025-11-19 11:45:33,371 - Knowledge - INFO - persist ingested knowledge for /app/data/T0015/271517/b4715fp/spacetelescope/jwql/website/apps/jwql/templates/instrument.html
2025-11-19 11:45:33,470 - Knowledge - INFO - Found code-base-name: https://github.com/DarssiniRamesh/spacetelescope.git:main
2025-11-19 11:45:33,634 - Knowledge - INFO - Found code_base: <app.utils.kg_build.knowledge.KnowledgeCodeBase object at 0x7f30087a7e50>
2025-11-19 11:45:33,679 - Knowledge - INFO - [MONGODB_OP] Completed: persist, Collection: file_info, Duration: 98ms
2025-11-19 11:45:33,865 - Knowledge - INFO - Found code-base-name: https://github.com/DarssiniRamesh/spacetelescope.git:main
2025-11-19 11:45:34,030 - Knowledge - INFO - Found code_base: <app.utils.kg_build.knowledge.KnowledgeCodeBase object at 0x7f30087a7e50>
2025-11-19 11:45:34,205 - Knowledge - INFO - [REDIS_OP] Completed: store_embedding, Key: jwql/website/apps/jwql/templates/instrument.html, Duration: 382ms
2025-11-19 11:45:34,210 - Knowledge - INFO - persist ingested knowledge for /app/data/T0015/271517/b4715fp/spacetelescope/jwql/database/monitor_table_definitions/miri/miri_dark_pixel_stats.txt
2025-11-19 11:45:34,407 - Knowledge - INFO - persist search terms embedding for jwql/website/apps/jwql/templates/instrument.html
2025-11-19 11:45:34,444 - Knowledge - INFO - [MONGODB_OP] Completed: persist, Collection: file_info, Duration: 99ms
2025-11-19 11:45:34,582 - Knowledge - INFO - process ingested knowledge for /app/data/T0015/271517/b4715fp/spacetelescope/jwql/website/apps/jwql/templates/instrument.html
2025-11-19 11:45:34,785 - Knowledge - INFO - Found code-base-name: https://github.com/DarssiniRamesh/spacetelescope.git:main
2025-11-19 11:45:34,861 - Knowledge - INFO - [REDIS_OP] Completed: store_embedding, Key: jwql/database/monitor_table_definitions/miri/miri_dark_pixel_stats.txt, Duration: 240ms
2025-11-19 11:45:34,952 - Knowledge - INFO - Found code_base: <app.utils.kg_build.knowledge.KnowledgeCodeBase object at 0x7f453869a8d0>
2025-11-19 11:45:35,084 - Knowledge - INFO - persist search terms embedding for jwql/database/monitor_table_definitions/miri/miri_dark_pixel_stats.txt
2025-11-19 11:45:35,182 - Knowledge - INFO - Found code-base-name: https://github.com/DarssiniRamesh/spacetelescope.git:main
2025-11-19 11:45:35,248 - Knowledge - INFO - process ingested knowledge for /app/data/T0015/271517/b4715fp/spacetelescope/jwql/database/monitor_table_definitions/miri/miri_dark_pixel_stats.txt
2025-11-19 11:45:35,392 - Knowledge - INFO - Found code_base: <app.utils.kg_build.knowledge.KnowledgeCodeBase object at 0x7f453869a8d0>
2025-11-19 11:45:35,447 - Knowledge - INFO - Found code-base-name: https://github.com/DarssiniRamesh/spacetelescope.git:main
2025-11-19 11:45:35,592 - Knowledge - INFO - persist ingested knowledge for /app/data/T0015/271517/b4715fp/spacetelescope/jwql/database/monitor_table_definitions/miri/miri_dark_pixel_stats.txt
2025-11-19 11:45:35,660 - Knowledge - INFO - Found code_base: <app.utils.kg_build.knowledge.KnowledgeCodeBase object at 0x7f30087a7e50>
2025-11-19 11:45:35,895 - Knowledge - INFO - Found code-base-name: https://github.com/DarssiniRamesh/spacetelescope.git:main
2025-11-19 11:45:35,909 - Knowledge - INFO - [MONGODB_OP] Completed: persist, Collection: file_info, Duration: 93ms
2025-11-19 11:45:36,065 - Knowledge - INFO - Found code_base: <app.utils.kg_build.knowledge.KnowledgeCodeBase object at 0x7f30087a7e50>
2025-11-19 11:45:36,258 - Knowledge - INFO - persist ingested knowledge for /app/data/T0015/271517/b4715fp/spacetelescope/jwql/website/apps/jwql/templates/home.html
2025-11-19 11:45:36,324 - Knowledge - INFO - [REDIS_OP] Completed: store_embedding, Key: jwql/database/monitor_table_definitions/miri/miri_dark_pixel_stats.txt, Duration: 207ms
2025-11-19 11:45:36,511 - Knowledge - INFO - [MONGODB_OP] Completed: persist, Collection: file_info, Duration: 96ms
2025-11-19 11:45:36,534 - Knowledge - INFO - persist search terms embedding for jwql/database/monitor_table_definitions/miri/miri_dark_pixel_stats.txt
2025-11-19 11:45:36,713 - Knowledge - INFO - process ingested knowledge for /app/data/T0015/271517/b4715fp/spacetelescope/jwql/database/monitor_table_definitions/miri/miri_dark_pixel_stats.txt
2025-11-19 11:45:36,937 - Knowledge - INFO - Found code-base-name: https://github.com/DarssiniRamesh/spacetelescope.git:main
2025-11-19 11:45:36,947 - Knowledge - INFO - [REDIS_OP] Completed: store_embedding, Key: jwql/website/apps/jwql/templates/home.html, Duration: 252ms
2025-11-19 11:45:37,110 - Knowledge - INFO - Found code_base: <app.utils.kg_build.knowledge.KnowledgeCodeBase object at 0x7f453869a8d0>
2025-11-19 11:45:37,114 - Knowledge - INFO - persist search terms embedding for jwql/website/apps/jwql/templates/home.html
2025-11-19 11:45:37,288 - Knowledge - INFO - process ingested knowledge for /app/data/T0015/271517/b4715fp/spacetelescope/jwql/website/apps/jwql/templates/home.html
2025-11-19 11:45:37,389 - Knowledge - INFO - Found code-base-name: https://github.com/DarssiniRamesh/spacetelescope.git:main
2025-11-19 11:45:37,468 - Knowledge - INFO - Found code-base-name: https://github.com/DarssiniRamesh/spacetelescope.git:main
2025-11-19 11:45:37,576 - Knowledge - INFO - Found code_base: <app.utils.kg_build.knowledge.KnowledgeCodeBase object at 0x7f453869a8d0>
2025-11-19 11:45:37,652 - Knowledge - INFO - Found code_base: <app.utils.kg_build.knowledge.KnowledgeCodeBase object at 0x7f30087a7e50>
2025-11-19 11:45:37,749 - Knowledge - INFO - persist ingested knowledge for /app/data/T0015/271517/b4715fp/spacetelescope/jwql/website/apps/jwql/templates/home.html
2025-11-19 11:45:37,895 - Knowledge - INFO - Found code-base-name: https://github.com/DarssiniRamesh/spacetelescope.git:main
2025-11-19 11:45:38,017 - Knowledge - INFO - [MONGODB_OP] Completed: persist, Collection: file_info, Duration: 86ms
2025-11-19 11:45:38,071 - Knowledge - INFO - Found code_base: <app.utils.kg_build.knowledge.KnowledgeCodeBase object at 0x7f30087a7e50>
2025-11-19 11:45:38,223 - Knowledge - INFO - persist ingested knowledge for /app/data/T0015/271517/b4715fp/spacetelescope/jwql/website/apps/jwql/templates/query_submit.html
2025-11-19 11:45:38,494 - Knowledge - INFO - [MONGODB_OP] Completed: persist, Collection: file_info, Duration: 83ms
2025-11-19 11:45:38,691 - Knowledge - INFO - [REDIS_OP] Completed: store_embedding, Key: jwql/website/apps/jwql/templates/home.html, Duration: 490ms
2025-11-19 11:45:38,879 - Knowledge - INFO - persist search terms embedding for jwql/website/apps/jwql/templates/home.html
2025-11-19 11:45:38,954 - Knowledge - INFO - [REDIS_OP] Completed: store_embedding, Key: jwql/website/apps/jwql/templates/query_submit.html, Duration: 265ms
2025-11-19 11:45:39,085 - Knowledge - INFO - process ingested knowledge for /app/data/T0015/271517/b4715fp/spacetelescope/jwql/website/apps/jwql/templates/home.html
2025-11-19 11:45:39,136 - Knowledge - INFO - persist search terms embedding for jwql/website/apps/jwql/templates/query_submit.html
2025-11-19 11:45:39,227 - Knowledge - INFO - Found code-base-name: https://github.com/DarssiniRamesh/spacetelescope.git:main
2025-11-19 11:45:39,290 - Knowledge - INFO - process ingested knowledge for /app/data/T0015/271517/b4715fp/spacetelescope/jwql/website/apps/jwql/templates/query_submit.html
2025-11-19 11:45:39,406 - Knowledge - INFO - Found code_base: <app.utils.kg_build.knowledge.KnowledgeCodeBase object at 0x7f453869a8d0>
2025-11-19 11:45:39,446 - Knowledge - INFO - Found code-base-name: https://github.com/DarssiniRamesh/spacetelescope.git:main
2025-11-19 11:45:39,595 - Knowledge - INFO - Found code_base: <app.utils.kg_build.knowledge.KnowledgeCodeBase object at 0x7f30087a7e50>
2025-11-19 11:45:39,674 - Knowledge - INFO - Found code-base-name: https://github.com/DarssiniRamesh/spacetelescope.git:main
2025-11-19 11:45:39,848 - Knowledge - INFO - Found code_base: <app.utils.kg_build.knowledge.KnowledgeCodeBase object at 0x7f453869a8d0>
2025-11-19 11:45:39,886 - Knowledge - INFO - Found code-base-name: https://github.com/DarssiniRamesh/spacetelescope.git:main
2025-11-19 11:45:40,050 - Knowledge - INFO - Found code_base: <app.utils.kg_build.knowledge.KnowledgeCodeBase object at 0x7f30087a7e50>
2025-11-19 11:45:40,055 - Knowledge - INFO - persist ingested knowledge for /app/data/T0015/271517/b4715fp/spacetelescope/jwql/website/apps/jwql/templates/query_submit.html
2025-11-19 11:45:40,211 - Knowledge - INFO - persist ingested knowledge for /app/data/T0015/271517/b4715fp/spacetelescope/jwql/website/apps/jwql/monitor_pages/yaml/monitor_readnoise_interface.yaml
2025-11-19 11:45:40,335 - Knowledge - INFO - [MONGODB_OP] Completed: persist, Collection: file_info, Duration: 98ms
2025-11-19 11:45:40,471 - Knowledge - INFO - [MONGODB_OP] Completed: persist, Collection: file_info, Duration: 87ms
2025-11-19 11:45:40,784 - Knowledge - INFO - [REDIS_OP] Completed: store_embedding, Key: jwql/website/apps/jwql/templates/query_submit.html, Duration: 280ms
2025-11-19 11:45:40,890 - Knowledge - INFO - [REDIS_OP] Completed: store_embedding, Key: jwql/website/apps/jwql/monitor_pages/yaml/monitor_readnoise_interface.yaml, Duration: 240ms
2025-11-19 11:45:40,961 - Knowledge - INFO - persist search terms embedding for jwql/website/apps/jwql/templates/query_submit.html
2025-11-19 11:45:41,020 - Knowledge - INFO - persist search terms embedding for jwql/website/apps/jwql/monitor_pages/yaml/monitor_readnoise_interface.yaml
2025-11-19 11:45:41,109 - Knowledge - INFO - process ingested knowledge for /app/data/T0015/271517/b4715fp/spacetelescope/jwql/website/apps/jwql/templates/query_submit.html
2025-11-19 11:45:41,176 - Knowledge - INFO - process ingested knowledge for /app/data/T0015/271517/b4715fp/spacetelescope/jwql/website/apps/jwql/monitor_pages/yaml/monitor_readnoise_interface.yaml
2025-11-19 11:45:41,254 - Knowledge - INFO - Found code-base-name: https://github.com/DarssiniRamesh/spacetelescope.git:main
2025-11-19 11:45:41,351 - Knowledge - INFO - Found code-base-name: https://github.com/DarssiniRamesh/spacetelescope.git:main
2025-11-19 11:45:41,442 - Knowledge - INFO - Found code_base: <app.utils.kg_build.knowledge.KnowledgeCodeBase object at 0x7f453869a8d0>
2025-11-19 11:45:41,550 - Knowledge - INFO - Found code_base: <app.utils.kg_build.knowledge.KnowledgeCodeBase object at 0x7f30087a7e50>
2025-11-19 11:45:41,674 - Knowledge - INFO - Found code-base-name: https://github.com/DarssiniRamesh/spacetelescope.git:main
2025-11-19 11:45:41,799 - Knowledge - INFO - Found code-base-name: https://github.com/DarssiniRamesh/spacetelescope.git:main
2025-11-19 11:45:41,876 - Knowledge - INFO - Found code_base: <app.utils.kg_build.knowledge.KnowledgeCodeBase object at 0x7f453869a8d0>
2025-11-19 11:45:41,943 - Knowledge - INFO - Found code_base: <app.utils.kg_build.knowledge.KnowledgeCodeBase object at 0x7f30087a7e50>
2025-11-19 11:45:42,083 - Knowledge - INFO - persist ingested knowledge for /app/data/T0015/271517/b4715fp/spacetelescope/jwql/website/apps/jwql/monitor_pages/yaml/monitor_readnoise_interface.yaml
2025-11-19 11:45:42,111 - Knowledge - INFO - persist ingested knowledge for /app/data/T0015/271517/b4715fp/spacetelescope/jwql/website/apps/jwql/monitor_pages/dark_monitor.py
2025-11-19 11:45:42,343 - Knowledge - INFO - [MONGODB_OP] Completed: persist, Collection: file_info, Duration: 87ms
2025-11-19 11:45:42,374 - Knowledge - INFO - [MONGODB_OP] Completed: persist, Collection: file_info, Duration: 76ms
2025-11-19 11:45:42,758 - Knowledge - INFO - [REDIS_OP] Completed: store_embedding, Key: jwql/website/apps/jwql/monitor_pages/yaml/monitor_readnoise_interface.yaml, Duration: 246ms
2025-11-19 11:45:42,895 - Knowledge - INFO - [REDIS_OP] Completed: store_embedding, Key: jwql/website/apps/jwql/monitor_pages/dark_monitor.py, Duration: 315ms
2025-11-19 11:45:42,993 - Knowledge - INFO - persist search terms embedding for jwql/website/apps/jwql/monitor_pages/yaml/monitor_readnoise_interface.yaml
2025-11-19 11:45:43,108 - Knowledge - INFO - persist search terms embedding for jwql/website/apps/jwql/monitor_pages/dark_monitor.py
2025-11-19 11:45:43,193 - Knowledge - INFO - process ingested knowledge for /app/data/T0015/271517/b4715fp/spacetelescope/jwql/website/apps/jwql/monitor_pages/yaml/monitor_readnoise_interface.yaml
2025-11-19 11:45:43,261 - Knowledge - INFO - process ingested knowledge for /app/data/T0015/271517/b4715fp/spacetelescope/jwql/website/apps/jwql/monitor_pages/dark_monitor.py
2025-11-19 11:45:43,359 - Knowledge - INFO - Found code-base-name: https://github.com/DarssiniRamesh/spacetelescope.git:main
2025-11-19 11:45:43,425 - Knowledge - INFO - Found code-base-name: https://github.com/DarssiniRamesh/spacetelescope.git:main
2025-11-19 11:45:43,548 - Knowledge - INFO - Found code_base: <app.utils.kg_build.knowledge.KnowledgeCodeBase object at 0x7f453869a8d0>
2025-11-19 11:45:43,576 - Knowledge - INFO - Found code_base: <app.utils.kg_build.knowledge.KnowledgeCodeBase object at 0x7f30087a7e50>
2025-11-19 11:45:43,817 - Knowledge - INFO - Found code-base-name: https://github.com/DarssiniRamesh/spacetelescope.git:main
2025-11-19 11:45:43,825 - Knowledge - INFO - Found code-base-name: https://github.com/DarssiniRamesh/spacetelescope.git:main
2025-11-19 11:45:43,978 - Knowledge - INFO - Found code_base: <app.utils.kg_build.knowledge.KnowledgeCodeBase object at 0x7f453869a8d0>
2025-11-19 11:45:43,999 - Knowledge - INFO - Found code_base: <app.utils.kg_build.knowledge.KnowledgeCodeBase object at 0x7f30087a7e50>
2025-11-19 11:45:44,155 - Knowledge - INFO - persist ingested knowledge for /app/data/T0015/271517/b4715fp/spacetelescope/jwql/website/apps/jwql/monitor_pages/dark_monitor.py
2025-11-19 11:45:44,161 - Knowledge - INFO - persist ingested knowledge for /app/data/T0015/271517/b4715fp/spacetelescope/jwql/website/apps/jwql/static/js/bootstrap.bundle.min.js
2025-11-19 11:45:44,407 - Knowledge - INFO - [MONGODB_OP] Completed: persist, Collection: file_info, Duration: 85ms
2025-11-19 11:45:44,419 - Knowledge - INFO - [MONGODB_OP] Completed: persist, Collection: file_info, Duration: 71ms
2025-11-19 11:45:44,886 - Knowledge - INFO - [REDIS_OP] Completed: store_embedding, Key: jwql/website/apps/jwql/static/js/bootstrap.bundle.min.js, Duration: 328ms
2025-11-19 11:45:44,979 - Knowledge - INFO - [REDIS_OP] Completed: store_embedding, Key: jwql/website/apps/jwql/monitor_pages/dark_monitor.py, Duration: 328ms
2025-11-19 11:45:45,032 - Knowledge - INFO - persist search terms embedding for jwql/website/apps/jwql/static/js/bootstrap.bundle.min.js
2025-11-19 11:45:45,136 - Knowledge - INFO - persist search terms embedding for jwql/website/apps/jwql/monitor_pages/dark_monitor.py
2025-11-19 11:45:45,197 - Knowledge - INFO - process ingested knowledge for /app/data/T0015/271517/b4715fp/spacetelescope/jwql/website/apps/jwql/static/js/bootstrap.bundle.min.js
2025-11-19 11:45:45,318 - Knowledge - INFO - process ingested knowledge for /app/data/T0015/271517/b4715fp/spacetelescope/jwql/website/apps/jwql/monitor_pages/dark_monitor.py
2025-11-19 11:45:45,380 - Knowledge - INFO - Found code-base-name: https://github.com/DarssiniRamesh/spacetelescope.git:main
2025-11-19 11:45:45,509 - Knowledge - INFO - Found code-base-name: https://github.com/DarssiniRamesh/spacetelescope.git:main
2025-11-19 11:45:45,585 - Knowledge - INFO - Found code_base: <app.utils.kg_build.knowledge.KnowledgeCodeBase object at 0x7f30087a7e50>
2025-11-19 11:45:45,682 - Knowledge - INFO - Found code_base: <app.utils.kg_build.knowledge.KnowledgeCodeBase object at 0x7f453869a8d0>
2025-11-19 11:45:45,823 - Knowledge - INFO - Found code-base-name: https://github.com/DarssiniRamesh/spacetelescope.git:main
2025-11-19 11:45:45,918 - Knowledge - INFO - Found code-base-name: https://github.com/DarssiniRamesh/spacetelescope.git:main
2025-11-19 11:45:46,014 - Knowledge - INFO - Found code_base: <app.utils.kg_build.knowledge.KnowledgeCodeBase object at 0x7f30087a7e50>
2025-11-19 11:45:46,088 - Knowledge - INFO - Found code_base: <app.utils.kg_build.knowledge.KnowledgeCodeBase object at 0x7f453869a8d0>
2025-11-19 11:45:46,184 - Knowledge - INFO - persist ingested knowledge for /app/data/T0015/271517/b4715fp/spacetelescope/jwql/instrument_monitors/common_monitors/bad_pixel_file_thresholds.txt
2025-11-19 11:45:46,279 - Knowledge - INFO - persist ingested knowledge for /app/data/T0015/271517/b4715fp/spacetelescope/jwql/website/apps/jwql/static/js/bootstrap.bundle.min.js
2025-11-19 11:45:46,501 - Knowledge - INFO - [MONGODB_OP] Completed: persist, Collection: file_info, Duration: 89ms
2025-11-19 11:45:46,517 - Knowledge - INFO - [MONGODB_OP] Completed: persist, Collection: file_info, Duration: 75ms
2025-11-19 11:45:46,912 - Knowledge - INFO - [REDIS_OP] Completed: store_embedding, Key: jwql/instrument_monitors/common_monitors/bad_pixel_file_thresholds.txt, Duration: 212ms
2025-11-19 11:45:47,003 - Knowledge - INFO - [REDIS_OP] Completed: store_embedding, Key: jwql/website/apps/jwql/static/js/bootstrap.bundle.min.js, Duration: 306ms
2025-11-19 11:45:47,102 - Knowledge - INFO - persist search terms embedding for jwql/instrument_monitors/common_monitors/bad_pixel_file_thresholds.txt
2025-11-19 11:45:47,165 - Knowledge - INFO - persist search terms embedding for jwql/website/apps/jwql/static/js/bootstrap.bundle.min.js
2025-11-19 11:45:47,264 - Knowledge - INFO - process ingested knowledge for /app/data/T0015/271517/b4715fp/spacetelescope/jwql/instrument_monitors/common_monitors/bad_pixel_file_thresholds.txt
2025-11-19 11:45:47,325 - Knowledge - INFO - process ingested knowledge for /app/data/T0015/271517/b4715fp/spacetelescope/jwql/website/apps/jwql/static/js/bootstrap.bundle.min.js
2025-11-19 11:45:47,451 - Knowledge - INFO - Found code-base-name: https://github.com/DarssiniRamesh/spacetelescope.git:main
2025-11-19 11:45:47,508 - Knowledge - INFO - Found code-base-name: https://github.com/DarssiniRamesh/spacetelescope.git:main
2025-11-19 11:45:47,618 - Knowledge - INFO - Found code_base: <app.utils.kg_build.knowledge.KnowledgeCodeBase object at 0x7f30087a7e50>
2025-11-19 11:45:47,685 - Knowledge - INFO - Found code_base: <app.utils.kg_build.knowledge.KnowledgeCodeBase object at 0x7f453869a8d0>
2025-11-19 11:45:47,902 - Knowledge - INFO - Found code-base-name: https://github.com/DarssiniRamesh/spacetelescope.git:main
2025-11-19 11:45:47,946 - Knowledge - INFO - Found code-base-name: https://github.com/DarssiniRamesh/spacetelescope.git:main
2025-11-19 11:45:48,085 - Knowledge - INFO - Found code_base: <app.utils.kg_build.knowledge.KnowledgeCodeBase object at 0x7f30087a7e50>
2025-11-19 11:45:48,121 - Knowledge - INFO - Found code_base: <app.utils.kg_build.knowledge.KnowledgeCodeBase object at 0x7f453869a8d0>
2025-11-19 11:45:48,254 - Knowledge - INFO - persist ingested knowledge for /app/data/T0015/271517/b4715fp/spacetelescope/jwql/website/apps/jwql/static/js/popper.min.js
2025-11-19 11:45:48,324 - Knowledge - INFO - persist ingested knowledge for /app/data/T0015/271517/b4715fp/spacetelescope/jwql/instrument_monitors/common_monitors/bad_pixel_file_thresholds.txt
2025-11-19 11:45:48,514 - Knowledge - INFO - [MONGODB_OP] Completed: persist, Collection: file_info, Duration: 85ms
2025-11-19 11:45:48,576 - Knowledge - INFO - [MONGODB_OP] Completed: persist, Collection: file_info, Duration: 80ms
2025-11-19 11:45:48,931 - Knowledge - INFO - [REDIS_OP] Completed: store_embedding, Key: jwql/instrument_monitors/common_monitors/bad_pixel_file_thresholds.txt, Duration: 191ms
2025-11-19 11:45:48,947 - Knowledge - INFO - [REDIS_OP] Completed: store_embedding, Key: jwql/website/apps/jwql/static/js/popper.min.js, Duration: 251ms
2025-11-19 11:45:49,097 - Knowledge - INFO - persist search terms embedding for jwql/website/apps/jwql/static/js/popper.min.js
2025-11-19 11:45:49,151 - Knowledge - INFO - persist search terms embedding for jwql/instrument_monitors/common_monitors/bad_pixel_file_thresholds.txt
2025-11-19 11:45:49,270 - Knowledge - INFO - process ingested knowledge for /app/data/T0015/271517/b4715fp/spacetelescope/jwql/website/apps/jwql/static/js/popper.min.js
2025-11-19 11:45:49,313 - Knowledge - INFO - process ingested knowledge for /app/data/T0015/271517/b4715fp/spacetelescope/jwql/instrument_monitors/common_monitors/bad_pixel_file_thresholds.txt
2025-11-19 11:45:49,466 - Knowledge - INFO - Found code-base-name: https://github.com/DarssiniRamesh/spacetelescope.git:main
2025-11-19 11:45:49,467 - Knowledge - INFO - Found code-base-name: https://github.com/DarssiniRamesh/spacetelescope.git:main
2025-11-19 11:45:49,606 - Knowledge - INFO - Found code_base: <app.utils.kg_build.knowledge.KnowledgeCodeBase object at 0x7f30087a7e50>
2025-11-19 11:45:49,682 - Knowledge - INFO - Found code_base: <app.utils.kg_build.knowledge.KnowledgeCodeBase object at 0x7f453869a8d0>
2025-11-19 11:45:49,862 - Knowledge - INFO - Found code-base-name: https://github.com/DarssiniRamesh/spacetelescope.git:main
2025-11-19 11:45:49,965 - Knowledge - INFO - Found code-base-name: https://github.com/DarssiniRamesh/spacetelescope.git:main
2025-11-19 11:45:50,046 - Knowledge - INFO - Found code_base: <app.utils.kg_build.knowledge.KnowledgeCodeBase object at 0x7f30087a7e50>
2025-11-19 11:45:50,176 - Knowledge - INFO - Found code_base: <app.utils.kg_build.knowledge.KnowledgeCodeBase object at 0x7f453869a8d0>
2025-11-19 11:45:50,207 - Knowledge - INFO - persist ingested knowledge for /app/data/T0015/271517/b4715fp/spacetelescope/jwql/utils/plotting.py
2025-11-19 11:45:50,325 - Knowledge - INFO - persist ingested knowledge for /app/data/T0015/271517/b4715fp/spacetelescope/jwql/website/apps/jwql/static/js/popper.min.js
2025-11-19 11:45:50,441 - Knowledge - INFO - [MONGODB_OP] Completed: persist, Collection: file_info, Duration: 80ms
2025-11-19 11:45:50,596 - Knowledge - INFO - [MONGODB_OP] Completed: persist, Collection: file_info, Duration: 93ms
2025-11-19 11:45:50,870 - Knowledge - INFO - [REDIS_OP] Completed: store_embedding, Key: jwql/utils/plotting.py, Duration: 239ms
2025-11-19 11:45:51,055 - Knowledge - INFO - persist search terms embedding for jwql/utils/plotting.py
2025-11-19 11:45:51,110 - Knowledge - INFO - [REDIS_OP] Completed: store_embedding, Key: jwql/website/apps/jwql/static/js/popper.min.js, Duration: 298ms
2025-11-19 11:45:51,212 - Knowledge - INFO - process ingested knowledge for /app/data/T0015/271517/b4715fp/spacetelescope/jwql/utils/plotting.py
2025-11-19 11:45:51,282 - Knowledge - INFO - persist search terms embedding for jwql/website/apps/jwql/static/js/popper.min.js
2025-11-19 11:45:51,415 - Knowledge - INFO - Found code-base-name: https://github.com/DarssiniRamesh/spacetelescope.git:main
2025-11-19 11:45:51,451 - Knowledge - INFO - process ingested knowledge for /app/data/T0015/271517/b4715fp/spacetelescope/jwql/website/apps/jwql/static/js/popper.min.js
2025-11-19 11:45:51,587 - Knowledge - INFO - Found code_base: <app.utils.kg_build.knowledge.KnowledgeCodeBase object at 0x7f30087a7e50>
2025-11-19 11:45:51,628 - Knowledge - INFO - Found code-base-name: https://github.com/DarssiniRamesh/spacetelescope.git:main
2025-11-19 11:45:51,807 - Knowledge - INFO - Found code-base-name: https://github.com/DarssiniRamesh/spacetelescope.git:main
2025-11-19 11:45:51,811 - Knowledge - INFO - Found code_base: <app.utils.kg_build.knowledge.KnowledgeCodeBase object at 0x7f453869a8d0>
2025-11-19 11:45:51,951 - Knowledge - INFO - Found code_base: <app.utils.kg_build.knowledge.KnowledgeCodeBase object at 0x7f30087a7e50>
2025-11-19 11:45:52,072 - Knowledge - INFO - Found code-base-name: https://github.com/DarssiniRamesh/spacetelescope.git:main
2025-11-19 11:45:52,131 - Knowledge - INFO - persist ingested knowledge for /app/data/T0015/271517/b4715fp/spacetelescope/jwql/website/apps/jwql/monitor_pages/monitor_readnoise_bokeh.py
2025-11-19 11:45:52,233 - Knowledge - INFO - Found code_base: <app.utils.kg_build.knowledge.KnowledgeCodeBase object at 0x7f453869a8d0>
2025-11-19 11:45:52,404 - Knowledge - INFO - [MONGODB_OP] Completed: persist, Collection: file_info, Duration: 87ms
2025-11-19 11:45:52,411 - Knowledge - INFO - persist ingested knowledge for /app/data/T0015/271517/b4715fp/spacetelescope/jwql/utils/plotting.py
2025-11-19 11:45:52,691 - Knowledge - INFO - [MONGODB_OP] Completed: persist, Collection: file_info, Duration: 90ms
2025-11-19 11:45:52,863 - Knowledge - INFO - [REDIS_OP] Completed: store_embedding, Key: jwql/website/apps/jwql/monitor_pages/monitor_readnoise_bokeh.py, Duration: 248ms
2025-11-19 11:45:53,021 - Knowledge - INFO - persist search terms embedding for jwql/website/apps/jwql/monitor_pages/monitor_readnoise_bokeh.py
2025-11-19 11:45:53,212 - Knowledge - INFO - [REDIS_OP] Completed: store_embedding, Key: jwql/utils/plotting.py, Duration: 309ms
2025-11-19 11:45:53,212 - Knowledge - INFO - process ingested knowledge for /app/data/T0015/271517/b4715fp/spacetelescope/jwql/website/apps/jwql/monitor_pages/monitor_readnoise_bokeh.py
2025-11-19 11:45:53,351 - Knowledge - INFO - persist search terms embedding for jwql/utils/plotting.py
2025-11-19 11:45:53,411 - Knowledge - INFO - Found code-base-name: https://github.com/DarssiniRamesh/spacetelescope.git:main
2025-11-19 11:45:53,539 - Knowledge - INFO - process ingested knowledge for /app/data/T0015/271517/b4715fp/spacetelescope/jwql/utils/plotting.py
2025-11-19 11:45:53,555 - Knowledge - INFO - Found code_base: <app.utils.kg_build.knowledge.KnowledgeCodeBase object at 0x7f30087a7e50>
2025-11-19 11:45:53,708 - Knowledge - INFO - Found code-base-name: https://github.com/DarssiniRamesh/spacetelescope.git:main
2025-11-19 11:45:53,778 - Knowledge - INFO - Found code-base-name: https://github.com/DarssiniRamesh/spacetelescope.git:main
2025-11-19 11:45:53,914 - Knowledge - INFO - Found code_base: <app.utils.kg_build.knowledge.KnowledgeCodeBase object at 0x7f453869a8d0>
2025-11-19 11:45:53,942 - Knowledge - INFO - Found code_base: <app.utils.kg_build.knowledge.KnowledgeCodeBase object at 0x7f30087a7e50>
2025-11-19 11:45:54,115 - Knowledge - INFO - persist ingested knowledge for /app/data/T0015/271517/b4715fp/spacetelescope/docs/source/conf.py
2025-11-19 11:45:54,175 - Knowledge - INFO - Found code-base-name: https://github.com/DarssiniRamesh/spacetelescope.git:main
2025-11-19 11:45:54,364 - Knowledge - INFO - Found code_base: <app.utils.kg_build.knowledge.KnowledgeCodeBase object at 0x7f453869a8d0>
2025-11-19 11:45:54,399 - Knowledge - INFO - [MONGODB_OP] Completed: persist, Collection: file_info, Duration: 98ms
2025-11-19 11:45:54,564 - Knowledge - INFO - persist ingested knowledge for /app/data/T0015/271517/b4715fp/spacetelescope/jwql/website/apps/jwql/monitor_pages/monitor_readnoise_bokeh.py
2025-11-19 11:45:54,771 - Knowledge - INFO - [REDIS_OP] Completed: store_embedding, Key: docs/source/conf.py, Duration: 238ms
2025-11-19 11:45:54,846 - Knowledge - INFO - [MONGODB_OP] Completed: persist, Collection: file_info, Duration: 96ms
2025-11-19 11:45:54,945 - Knowledge - INFO - persist search terms embedding for docs/source/conf.py
2025-11-19 11:45:55,109 - Knowledge - INFO - process ingested knowledge for /app/data/T0015/271517/b4715fp/spacetelescope/docs/source/conf.py
2025-11-19 11:45:55,297 - Knowledge - INFO - Found code-base-name: https://github.com/DarssiniRamesh/spacetelescope.git:main
2025-11-19 11:45:55,389 - Knowledge - INFO - [REDIS_OP] Completed: store_embedding, Key: jwql/website/apps/jwql/monitor_pages/monitor_readnoise_bokeh.py, Duration: 358ms
2025-11-19 11:45:55,481 - Knowledge - INFO - Found code_base: <app.utils.kg_build.knowledge.KnowledgeCodeBase object at 0x7f30087a7e50>
2025-11-19 11:45:55,540 - Knowledge - INFO - persist search terms embedding for jwql/website/apps/jwql/monitor_pages/monitor_readnoise_bokeh.py
2025-11-19 11:45:55,690 - Knowledge - INFO - process ingested knowledge for /app/data/T0015/271517/b4715fp/spacetelescope/jwql/website/apps/jwql/monitor_pages/monitor_readnoise_bokeh.py
2025-11-19 11:45:55,764 - Knowledge - INFO - Found code-base-name: https://github.com/DarssiniRamesh/spacetelescope.git:main
2025-11-19 11:45:55,895 - Knowledge - INFO - Found code-base-name: https://github.com/DarssiniRamesh/spacetelescope.git:main
2025-11-19 11:45:55,966 - Knowledge - INFO - Found code_base: <app.utils.kg_build.knowledge.KnowledgeCodeBase object at 0x7f30087a7e50>
2025-11-19 11:45:56,045 - Knowledge - INFO - Found code_base: <app.utils.kg_build.knowledge.KnowledgeCodeBase object at 0x7f453869a8d0>
2025-11-19 11:45:56,127 - Knowledge - INFO - persist ingested knowledge for /app/data/T0015/271517/b4715fp/spacetelescope/jwql/website/apps/jwql/static/css/bootstrap.min.css
2025-11-19 11:45:56,289 - Knowledge - INFO - Found code-base-name: https://github.com/DarssiniRamesh/spacetelescope.git:main
2025-11-19 11:45:56,396 - Knowledge - INFO - [MONGODB_OP] Completed: persist, Collection: file_info, Duration: 79ms
2025-11-19 11:45:56,458 - Knowledge - INFO - Found code_base: <app.utils.kg_build.knowledge.KnowledgeCodeBase object at 0x7f453869a8d0>
2025-11-19 11:45:56,647 - Knowledge - INFO - persist ingested knowledge for /app/data/T0015/271517/b4715fp/spacetelescope/docs/source/conf.py
2025-11-19 11:45:56,866 - Knowledge - INFO - [REDIS_OP] Completed: store_embedding, Key: jwql/website/apps/jwql/static/css/bootstrap.min.css, Duration: 258ms
2025-11-19 11:45:56,939 - Knowledge - INFO - [MONGODB_OP] Completed: persist, Collection: file_info, Duration: 107ms
2025-11-19 11:45:57,080 - Knowledge - INFO - persist search terms embedding for jwql/website/apps/jwql/static/css/bootstrap.min.css
2025-11-19 11:45:57,250 - Knowledge - INFO - process ingested knowledge for /app/data/T0015/271517/b4715fp/spacetelescope/jwql/website/apps/jwql/static/css/bootstrap.min.css
2025-11-19 11:45:57,307 - Knowledge - INFO - [REDIS_OP] Completed: store_embedding, Key: docs/source/conf.py, Duration: 220ms
2025-11-19 11:45:57,407 - Knowledge - INFO - Found code-base-name: https://github.com/DarssiniRamesh/spacetelescope.git:main
2025-11-19 11:45:57,464 - Knowledge - INFO - persist search terms embedding for docs/source/conf.py
2025-11-19 11:45:57,555 - Knowledge - INFO - Found code_base: <app.utils.kg_build.knowledge.KnowledgeCodeBase object at 0x7f30087a7e50>
2025-11-19 11:45:57,623 - Knowledge - INFO - process ingested knowledge for /app/data/T0015/271517/b4715fp/spacetelescope/docs/source/conf.py
2025-11-19 11:45:57,791 - Knowledge - INFO - Found code-base-name: https://github.com/DarssiniRamesh/spacetelescope.git:main
2025-11-19 11:45:57,819 - Knowledge - INFO - Found code-base-name: https://github.com/DarssiniRamesh/spacetelescope.git:main
2025-11-19 11:45:57,965 - Knowledge - INFO - Found code_base: <app.utils.kg_build.knowledge.KnowledgeCodeBase object at 0x7f30087a7e50>
2025-11-19 11:45:57,985 - Knowledge - INFO - Found code_base: <app.utils.kg_build.knowledge.KnowledgeCodeBase object at 0x7f453869a8d0>
2025-11-19 11:45:58,143 - Knowledge - INFO - persist ingested knowledge for /app/data/T0015/271517/b4715fp/spacetelescope/WEBPAGE_TEMPLATE.md
2025-11-19 11:45:58,222 - Knowledge - INFO - Found code-base-name: https://github.com/DarssiniRamesh/spacetelescope.git:main
2025-11-19 11:45:58,415 - Knowledge - INFO - Found code_base: <app.utils.kg_build.knowledge.KnowledgeCodeBase object at 0x7f453869a8d0>
2025-11-19 11:45:58,423 - Knowledge - INFO - [MONGODB_OP] Completed: persist, Collection: file_info, Duration: 82ms
2025-11-19 11:45:58,615 - Knowledge - INFO - persist ingested knowledge for /app/data/T0015/271517/b4715fp/spacetelescope/jwql/website/apps/jwql/static/css/bootstrap.min.css
2025-11-19 11:45:58,786 - Knowledge - INFO - [REDIS_OP] Completed: store_embedding, Key: WEBPAGE_TEMPLATE.md, Duration: 182ms
2025-11-19 11:45:58,886 - Knowledge - INFO - [MONGODB_OP] Completed: persist, Collection: file_info, Duration: 95ms
2025-11-19 11:45:58,925 - Knowledge - INFO - persist search terms embedding for WEBPAGE_TEMPLATE.md
2025-11-19 11:45:59,069 - Knowledge - INFO - process ingested knowledge for /app/data/T0015/271517/b4715fp/spacetelescope/WEBPAGE_TEMPLATE.md
2025-11-19 11:45:59,285 - Knowledge - INFO - Found code-base-name: https://github.com/DarssiniRamesh/spacetelescope.git:main
2025-11-19 11:45:59,295 - Knowledge - INFO - [REDIS_OP] Completed: store_embedding, Key: jwql/website/apps/jwql/static/css/bootstrap.min.css, Duration: 233ms
2025-11-19 11:45:59,443 - Knowledge - INFO - Found code_base: <app.utils.kg_build.knowledge.KnowledgeCodeBase object at 0x7f30087a7e50>
2025-11-19 11:45:59,472 - Knowledge - INFO - persist search terms embedding for jwql/website/apps/jwql/static/css/bootstrap.min.css
2025-11-19 11:45:59,669 - Knowledge - INFO - Found code-base-name: https://github.com/DarssiniRamesh/spacetelescope.git:main
2025-11-19 11:45:59,675 - Knowledge - INFO - process ingested knowledge for /app/data/T0015/271517/b4715fp/spacetelescope/jwql/website/apps/jwql/static/css/bootstrap.min.css
2025-11-19 11:45:59,850 - Knowledge - INFO - Found code-base-name: https://github.com/DarssiniRamesh/spacetelescope.git:main
2025-11-19 11:45:59,854 - Knowledge - INFO - Found code_base: <app.utils.kg_build.knowledge.KnowledgeCodeBase object at 0x7f30087a7e50>
2025-11-19 11:46:00,012 - Knowledge - INFO - Found code_base: <app.utils.kg_build.knowledge.KnowledgeCodeBase object at 0x7f453869a8d0>
2025-11-19 11:46:00,018 - Knowledge - INFO - persist ingested knowledge for /app/data/T0015/271517/b4715fp/spacetelescope/jwql/website/apps/jwql/monitor_pages/monitor_dark_bokeh.py
2025-11-19 11:46:00,241 - Knowledge - INFO - Found code-base-name: https://github.com/DarssiniRamesh/spacetelescope.git:main
2025-11-19 11:46:00,274 - Knowledge - INFO - [MONGODB_OP] Completed: persist, Collection: file_info, Duration: 85ms
2025-11-19 11:46:00,441 - Knowledge - INFO - Found code_base: <app.utils.kg_build.knowledge.KnowledgeCodeBase object at 0x7f453869a8d0>
2025-11-19 11:46:00,619 - Knowledge - INFO - persist ingested knowledge for /app/data/T0015/271517/b4715fp/spacetelescope/WEBPAGE_TEMPLATE.md
2025-11-19 11:46:00,773 - Knowledge - INFO - [REDIS_OP] Completed: store_embedding, Key: jwql/website/apps/jwql/monitor_pages/monitor_dark_bokeh.py, Duration: 276ms
2025-11-19 11:46:00,928 - Knowledge - INFO - [MONGODB_OP] Completed: persist, Collection: file_info, Duration: 116ms
2025-11-19 11:46:00,941 - Knowledge - INFO - persist search terms embedding for jwql/website/apps/jwql/monitor_pages/monitor_dark_bokeh.py
2025-11-19 11:46:01,131 - Knowledge - INFO - process ingested knowledge for /app/data/T0015/271517/b4715fp/spacetelescope/jwql/website/apps/jwql/monitor_pages/monitor_dark_bokeh.py
2025-11-19 11:46:01,271 - Knowledge - INFO - Found code-base-name: https://github.com/DarssiniRamesh/spacetelescope.git:main
2025-11-19 11:46:01,352 - Knowledge - INFO - [REDIS_OP] Completed: store_embedding, Key: WEBPAGE_TEMPLATE.md, Duration: 253ms
2025-11-19 11:46:01,416 - Knowledge - INFO - Found code_base: <app.utils.kg_build.knowledge.KnowledgeCodeBase object at 0x7f30087a7e50>
2025-11-19 11:46:01,537 - Knowledge - INFO - persist search terms embedding for WEBPAGE_TEMPLATE.md
2025-11-19 11:46:01,699 - Knowledge - INFO - Found code-base-name: https://github.com/DarssiniRamesh/spacetelescope.git:main
2025-11-19 11:46:01,719 - Knowledge - INFO - process ingested knowledge for /app/data/T0015/271517/b4715fp/spacetelescope/WEBPAGE_TEMPLATE.md
2025-11-19 11:46:01,898 - Knowledge - INFO - Found code-base-name: https://github.com/DarssiniRamesh/spacetelescope.git:main
2025-11-19 11:46:01,905 - Knowledge - INFO - Found code_base: <app.utils.kg_build.knowledge.KnowledgeCodeBase object at 0x7f30087a7e50>
2025-11-19 11:46:02,043 - Knowledge - INFO - Found code_base: <app.utils.kg_build.knowledge.KnowledgeCodeBase object at 0x7f453869a8d0>
2025-11-19 11:46:02,091 - Knowledge - INFO - persist ingested knowledge for /app/data/T0015/271517/b4715fp/spacetelescope/jwql/website/apps/jwql/forms.py
2025-11-19 11:46:02,265 - Knowledge - INFO - Found code-base-name: https://github.com/DarssiniRamesh/spacetelescope.git:main
2025-11-19 11:46:02,355 - Knowledge - INFO - [MONGODB_OP] Completed: persist, Collection: file_info, Duration: 77ms
2025-11-19 11:46:02,421 - Knowledge - INFO - Found code_base: <app.utils.kg_build.knowledge.KnowledgeCodeBase object at 0x7f453869a8d0>
2025-11-19 11:46:02,605 - Knowledge - INFO - persist ingested knowledge for /app/data/T0015/271517/b4715fp/spacetelescope/jwql/website/apps/jwql/monitor_pages/monitor_dark_bokeh.py
2025-11-19 11:46:02,738 - Knowledge - INFO - [REDIS_OP] Completed: store_embedding, Key: jwql/website/apps/jwql/forms.py, Duration: 213ms
2025-11-19 11:46:02,867 - Knowledge - INFO - [MONGODB_OP] Completed: persist, Collection: file_info, Duration: 131ms
2025-11-19 11:46:02,937 - Knowledge - INFO - persist search terms embedding for jwql/website/apps/jwql/forms.py
2025-11-19 11:46:03,072 - Knowledge - INFO - process ingested knowledge for /app/data/T0015/271517/b4715fp/spacetelescope/jwql/website/apps/jwql/forms.py
2025-11-19 11:46:03,281 - Knowledge - INFO - [REDIS_OP] Completed: store_embedding, Key: jwql/website/apps/jwql/monitor_pages/monitor_dark_bokeh.py, Duration: 251ms
2025-11-19 11:46:03,287 - Knowledge - INFO - Found code-base-name: https://github.com/DarssiniRamesh/spacetelescope.git:main
2025-11-19 11:46:03,439 - Knowledge - INFO - Found code_base: <app.utils.kg_build.knowledge.KnowledgeCodeBase object at 0x7f30087a7e50>
2025-11-19 11:46:03,471 - Knowledge - INFO - persist search terms embedding for jwql/website/apps/jwql/monitor_pages/monitor_dark_bokeh.py
2025-11-19 11:46:03,637 - Knowledge - INFO - process ingested knowledge for /app/data/T0015/271517/b4715fp/spacetelescope/jwql/website/apps/jwql/monitor_pages/monitor_dark_bokeh.py
2025-11-19 11:46:03,730 - Knowledge - INFO - Found code-base-name: https://github.com/DarssiniRamesh/spacetelescope.git:main
2025-11-19 11:46:03,788 - Knowledge - INFO - Found code-base-name: https://github.com/DarssiniRamesh/spacetelescope.git:main
2025-11-19 11:46:03,875 - Knowledge - INFO - Found code_base: <app.utils.kg_build.knowledge.KnowledgeCodeBase object at 0x7f30087a7e50>
2025-11-19 11:46:04,000 - Knowledge - INFO - Found code_base: <app.utils.kg_build.knowledge.KnowledgeCodeBase object at 0x7f453869a8d0>
2025-11-19 11:46:04,022 - Knowledge - INFO - persist ingested knowledge for /app/data/T0015/271517/b4715fp/spacetelescope/README.md
2025-11-19 11:46:04,241 - Knowledge - INFO - Found code-base-name: https://github.com/DarssiniRamesh/spacetelescope.git:main
2025-11-19 11:46:04,256 - Knowledge - INFO - [MONGODB_OP] Completed: persist, Collection: file_info, Duration: 69ms
2025-11-19 11:46:04,410 - Knowledge - INFO - Found code_base: <app.utils.kg_build.knowledge.KnowledgeCodeBase object at 0x7f453869a8d0>
2025-11-19 11:46:04,599 - Knowledge - INFO - [REDIS_OP] Completed: store_embedding, Key: README.md, Duration: 199ms
2025-11-19 11:46:04,632 - Knowledge - INFO - persist ingested knowledge for /app/data/T0015/271517/b4715fp/spacetelescope/jwql/website/apps/jwql/forms.py
2025-11-19 11:46:04,807 - Knowledge - INFO - persist search terms embedding for README.md
2025-11-19 11:46:04,919 - Knowledge - INFO - [MONGODB_OP] Completed: persist, Collection: file_info, Duration: 96ms
2025-11-19 11:46:04,974 - Knowledge - INFO - process ingested knowledge for /app/data/T0015/271517/b4715fp/spacetelescope/README.md
2025-11-19 11:46:05,130 - Knowledge - INFO - Found code-base-name: https://github.com/DarssiniRamesh/spacetelescope.git:main
2025-11-19 11:46:05,296 - Knowledge - INFO - Found code_base: <app.utils.kg_build.knowledge.KnowledgeCodeBase object at 0x7f30087a7e50>
2025-11-19 11:46:05,386 - Knowledge - INFO - [REDIS_OP] Completed: store_embedding, Key: jwql/website/apps/jwql/forms.py, Duration: 244ms
2025-11-19 11:46:05,560 - Knowledge - INFO - Found code-base-name: https://github.com/DarssiniRamesh/spacetelescope.git:main
2025-11-19 11:46:05,598 - Knowledge - INFO - persist search terms embedding for jwql/website/apps/jwql/forms.py
2025-11-19 11:46:05,735 - Knowledge - INFO - Found code_base: <app.utils.kg_build.knowledge.KnowledgeCodeBase object at 0x7f30087a7e50>
2025-11-19 11:46:05,772 - Knowledge - INFO - process ingested knowledge for /app/data/T0015/271517/b4715fp/spacetelescope/jwql/website/apps/jwql/forms.py
2025-11-19 11:46:05,916 - Knowledge - INFO - persist ingested knowledge for /app/data/T0015/271517/b4715fp/spacetelescope/jwql/edb/engineering_database.py
2025-11-19 11:46:05,926 - Knowledge - INFO - Found code-base-name: https://github.com/DarssiniRamesh/spacetelescope.git:main
2025-11-19 11:46:06,104 - Knowledge - INFO - Found code_base: <app.utils.kg_build.knowledge.KnowledgeCodeBase object at 0x7f453869a8d0>
2025-11-19 11:46:06,154 - Knowledge - INFO - [MONGODB_OP] Completed: persist, Collection: file_info, Duration: 91ms
2025-11-19 11:46:06,328 - Knowledge - INFO - Found code-base-name: https://github.com/DarssiniRamesh/spacetelescope.git:main
2025-11-19 11:46:06,502 - Knowledge - INFO - Found code_base: <app.utils.kg_build.knowledge.KnowledgeCodeBase object at 0x7f453869a8d0>
2025-11-19 11:46:06,579 - Knowledge - INFO - [REDIS_OP] Completed: store_embedding, Key: jwql/edb/engineering_database.py, Duration: 230ms
2025-11-19 11:46:06,731 - Knowledge - INFO - persist ingested knowledge for /app/data/T0015/271517/b4715fp/spacetelescope/README.md
2025-11-19 11:46:06,746 - Knowledge - INFO - persist search terms embedding for jwql/edb/engineering_database.py
2025-11-19 11:46:06,940 - Knowledge - INFO - process ingested knowledge for /app/data/T0015/271517/b4715fp/spacetelescope/jwql/edb/engineering_database.py
2025-11-19 11:46:07,008 - Knowledge - INFO - [MONGODB_OP] Completed: persist, Collection: file_info, Duration: 108ms
2025-11-19 11:46:07,091 - Knowledge - INFO - Found code-base-name: https://github.com/DarssiniRamesh/spacetelescope.git:main
2025-11-19 11:46:07,268 - Knowledge - INFO - Found code_base: <app.utils.kg_build.knowledge.KnowledgeCodeBase object at 0x7f30087a7e50>
2025-11-19 11:46:07,462 - Knowledge - INFO - [REDIS_OP] Completed: store_embedding, Key: README.md, Duration: 277ms
2025-11-19 11:46:07,569 - Knowledge - INFO - Found code-base-name: https://github.com/DarssiniRamesh/spacetelescope.git:main
2025-11-19 11:46:07,636 - Knowledge - INFO - persist search terms embedding for README.md
2025-11-19 11:46:07,774 - Knowledge - INFO - Found code_base: <app.utils.kg_build.knowledge.KnowledgeCodeBase object at 0x7f30087a7e50>
2025-11-19 11:46:07,826 - Knowledge - INFO - process ingested knowledge for /app/data/T0015/271517/b4715fp/spacetelescope/README.md
2025-11-19 11:46:07,961 - Knowledge - INFO - persist ingested knowledge for /app/data/T0015/271517/b4715fp/spacetelescope/notebooks/database_anomoly_table.ipynb
2025-11-19 11:46:08,011 - Knowledge - INFO - Found code-base-name: https://github.com/DarssiniRamesh/spacetelescope.git:main
2025-11-19 11:46:08,184 - Knowledge - INFO - Found code_base: <app.utils.kg_build.knowledge.KnowledgeCodeBase object at 0x7f453869a8d0>
2025-11-19 11:46:08,218 - Knowledge - INFO - [MONGODB_OP] Completed: persist, Collection: file_info, Duration: 98ms
2025-11-19 11:46:08,457 - Knowledge - INFO - Found code-base-name: https://github.com/DarssiniRamesh/spacetelescope.git:main
2025-11-19 11:46:08,599 - Knowledge - INFO - Found code_base: <app.utils.kg_build.knowledge.KnowledgeCodeBase object at 0x7f453869a8d0>
2025-11-19 11:46:08,719 - Knowledge - INFO - [REDIS_OP] Completed: store_embedding, Key: notebooks/database_anomoly_table.ipynb, Duration: 293ms
2025-11-19 11:46:08,796 - Knowledge - INFO - persist ingested knowledge for /app/data/T0015/271517/b4715fp/spacetelescope/jwql/edb/engineering_database.py
2025-11-19 11:46:08,872 - Knowledge - INFO - persist search terms embedding for notebooks/database_anomoly_table.ipynb
2025-11-19 11:46:09,072 - Knowledge - INFO - process ingested knowledge for /app/data/T0015/271517/b4715fp/spacetelescope/notebooks/database_anomoly_table.ipynb
2025-11-19 11:46:09,122 - Knowledge - INFO - [MONGODB_OP] Completed: persist, Collection: file_info, Duration: 104ms
2025-11-19 11:46:09,268 - Knowledge - INFO - Found code-base-name: https://github.com/DarssiniRamesh/spacetelescope.git:main
2025-11-19 11:46:09,450 - Knowledge - INFO - Found code_base: <app.utils.kg_build.knowledge.KnowledgeCodeBase object at 0x7f30087a7e50>
2025-11-19 11:46:09,562 - Knowledge - INFO - [REDIS_OP] Completed: store_embedding, Key: jwql/edb/engineering_database.py, Duration: 239ms
2025-11-19 11:46:09,714 - Knowledge - INFO - Found code-base-name: https://github.com/DarssiniRamesh/spacetelescope.git:main
2025-11-19 11:46:09,732 - Knowledge - INFO - persist search terms embedding for jwql/edb/engineering_database.py
2025-11-19 11:46:09,851 - Knowledge - INFO - Found code_base: <app.utils.kg_build.knowledge.KnowledgeCodeBase object at 0x7f30087a7e50>
2025-11-19 11:46:09,903 - Knowledge - INFO - process ingested knowledge for /app/data/T0015/271517/b4715fp/spacetelescope/jwql/edb/engineering_database.py
2025-11-19 11:46:09,998 - Knowledge - INFO - persist ingested knowledge for /app/data/T0015/271517/b4715fp/spacetelescope/jwql/website/apps/jwql/templates/view_image.html
2025-11-19 11:46:10,111 - Knowledge - INFO - Found code-base-name: https://github.com/DarssiniRamesh/spacetelescope.git:main
2025-11-19 11:46:10,282 - Knowledge - INFO - [MONGODB_OP] Completed: persist, Collection: file_info, Duration: 88ms
2025-11-19 11:46:10,323 - Knowledge - INFO - Found code_base: <app.utils.kg_build.knowledge.KnowledgeCodeBase object at 0x7f453869a8d0>
2025-11-19 11:46:10,549 - Knowledge - INFO - Found code-base-name: https://github.com/DarssiniRamesh/spacetelescope.git:main
2025-11-19 11:46:10,735 - Knowledge - INFO - Found code_base: <app.utils.kg_build.knowledge.KnowledgeCodeBase object at 0x7f453869a8d0>
2025-11-19 11:46:10,770 - Knowledge - INFO - [REDIS_OP] Completed: store_embedding, Key: jwql/website/apps/jwql/templates/view_image.html, Duration: 281ms
2025-11-19 11:46:10,960 - Knowledge - INFO - persist search terms embedding for jwql/website/apps/jwql/templates/view_image.html
2025-11-19 11:46:10,967 - Knowledge - INFO - persist ingested knowledge for /app/data/T0015/271517/b4715fp/spacetelescope/notebooks/database_anomoly_table.ipynb
2025-11-19 11:46:11,107 - Knowledge - INFO - process ingested knowledge for /app/data/T0015/271517/b4715fp/spacetelescope/jwql/website/apps/jwql/templates/view_image.html
2025-11-19 11:46:11,253 - Knowledge - INFO - [MONGODB_OP] Completed: persist, Collection: file_info, Duration: 96ms
2025-11-19 11:46:11,273 - Knowledge - INFO - Found code-base-name: https://github.com/DarssiniRamesh/spacetelescope.git:main
2025-11-19 11:46:11,455 - Knowledge - INFO - Found code_base: <app.utils.kg_build.knowledge.KnowledgeCodeBase object at 0x7f30087a7e50>
2025-11-19 11:46:11,797 - Knowledge - INFO - [REDIS_OP] Completed: store_embedding, Key: notebooks/database_anomoly_table.ipynb, Duration: 349ms
2025-11-19 11:46:11,800 - Knowledge - INFO - Found code-base-name: https://github.com/DarssiniRamesh/spacetelescope.git:main
2025-11-19 11:46:11,958 - Knowledge - INFO - persist search terms embedding for notebooks/database_anomoly_table.ipynb
2025-11-19 11:46:11,966 - Knowledge - INFO - Found code_base: <app.utils.kg_build.knowledge.KnowledgeCodeBase object at 0x7f30087a7e50>
2025-11-19 11:46:12,122 - Knowledge - INFO - persist ingested knowledge for /app/data/T0015/271517/b4715fp/spacetelescope/jwql/website/apps/jwql/api_views.py
2025-11-19 11:46:12,158 - Knowledge - INFO - process ingested knowledge for /app/data/T0015/271517/b4715fp/spacetelescope/notebooks/database_anomoly_table.ipynb
2025-11-19 11:46:12,347 - Knowledge - INFO - Found code-base-name: https://github.com/DarssiniRamesh/spacetelescope.git:main
2025-11-19 11:46:12,366 - Knowledge - INFO - [MONGODB_OP] Completed: persist, Collection: file_info, Duration: 86ms
2025-11-19 11:46:12,546 - Knowledge - INFO - Found code_base: <app.utils.kg_build.knowledge.KnowledgeCodeBase object at 0x7f453869a8d0>
2025-11-19 11:46:12,765 - Knowledge - INFO - [REDIS_OP] Completed: store_embedding, Key: jwql/website/apps/jwql/api_views.py, Duration: 237ms
2025-11-19 11:46:12,783 - Knowledge - INFO - Found code-base-name: https://github.com/DarssiniRamesh/spacetelescope.git:main
2025-11-19 11:46:12,950 - Knowledge - INFO - persist search terms embedding for jwql/website/apps/jwql/api_views.py
2025-11-19 11:46:12,967 - Knowledge - INFO - Found code_base: <app.utils.kg_build.knowledge.KnowledgeCodeBase object at 0x7f453869a8d0>
2025-11-19 11:46:13,106 - Knowledge - INFO - process ingested knowledge for /app/data/T0015/271517/b4715fp/spacetelescope/jwql/website/apps/jwql/api_views.py
2025-11-19 11:46:13,129 - Knowledge - INFO - persist ingested knowledge for /app/data/T0015/271517/b4715fp/spacetelescope/jwql/website/apps/jwql/templates/view_image.html
2025-11-19 11:46:13,313 - Knowledge - INFO - Found code-base-name: https://github.com/DarssiniRamesh/spacetelescope.git:main
2025-11-19 11:46:13,378 - Knowledge - INFO - [MONGODB_OP] Completed: persist, Collection: file_info, Duration: 104ms
2025-11-19 11:46:13,521 - Knowledge - INFO - Found code_base: <app.utils.kg_build.knowledge.KnowledgeCodeBase object at 0x7f30087a7e50>
2025-11-19 11:46:13,770 - Knowledge - INFO - [REDIS_OP] Completed: store_embedding, Key: jwql/website/apps/jwql/templates/view_image.html, Duration: 230ms
2025-11-19 11:46:13,779 - Knowledge - INFO - Found code-base-name: https://github.com/DarssiniRamesh/spacetelescope.git:main
2025-11-19 11:46:13,963 - Knowledge - INFO - persist search terms embedding for jwql/website/apps/jwql/templates/view_image.html
2025-11-19 11:46:13,978 - Knowledge - INFO - Found code_base: <app.utils.kg_build.knowledge.KnowledgeCodeBase object at 0x7f30087a7e50>
2025-11-19 11:46:14,167 - Knowledge - INFO - persist ingested knowledge for /app/data/T0015/271517/b4715fp/spacetelescope/jwql/database/monitor_table_definitions/miri/miri_dark_dark_current.txt
2025-11-19 11:46:14,167 - Knowledge - INFO - process ingested knowledge for /app/data/T0015/271517/b4715fp/spacetelescope/jwql/website/apps/jwql/templates/view_image.html
2025-11-19 11:46:14,379 - Knowledge - INFO - Found code-base-name: https://github.com/DarssiniRamesh/spacetelescope.git:main
2025-11-19 11:46:14,434 - Knowledge - INFO - [MONGODB_OP] Completed: persist, Collection: file_info, Duration: 85ms
2025-11-19 11:46:14,555 - Knowledge - INFO - Found code_base: <app.utils.kg_build.knowledge.KnowledgeCodeBase object at 0x7f453869a8d0>
2025-11-19 11:46:14,837 - Knowledge - INFO - [REDIS_OP] Completed: store_embedding, Key: jwql/database/monitor_table_definitions/miri/miri_dark_dark_current.txt, Duration: 212ms
2025-11-19 11:46:14,850 - Knowledge - INFO - Found code-base-name: https://github.com/DarssiniRamesh/spacetelescope.git:main
2025-11-19 11:46:15,014 - Knowledge - INFO - Found code_base: <app.utils.kg_build.knowledge.KnowledgeCodeBase object at 0x7f453869a8d0>
2025-11-19 11:46:15,038 - Knowledge - INFO - persist search terms embedding for jwql/database/monitor_table_definitions/miri/miri_dark_dark_current.txt
2025-11-19 11:46:15,166 - Knowledge - INFO - persist ingested knowledge for /app/data/T0015/271517/b4715fp/spacetelescope/jwql/website/apps/jwql/api_views.py
2025-11-19 11:46:15,228 - Knowledge - INFO - process ingested knowledge for /app/data/T0015/271517/b4715fp/spacetelescope/jwql/database/monitor_table_definitions/miri/miri_dark_dark_current.txt
2025-11-19 11:46:15,436 - Knowledge - INFO - [MONGODB_OP] Completed: persist, Collection: file_info, Duration: 86ms
2025-11-19 11:46:15,456 - Knowledge - INFO - Found code-base-name: https://github.com/DarssiniRamesh/spacetelescope.git:main
2025-11-19 11:46:15,670 - Knowledge - INFO - Found code_base: <app.utils.kg_build.knowledge.KnowledgeCodeBase object at 0x7f30087a7e50>
2025-11-19 11:46:15,865 - Knowledge - INFO - [REDIS_OP] Completed: store_embedding, Key: jwql/website/apps/jwql/api_views.py, Duration: 232ms
2025-11-19 11:46:15,936 - Knowledge - INFO - Found code-base-name: https://github.com/DarssiniRamesh/spacetelescope.git:main
2025-11-19 11:46:16,102 - Knowledge - INFO - persist search terms embedding for jwql/website/apps/jwql/api_views.py
2025-11-19 11:46:16,149 - Knowledge - INFO - Found code_base: <app.utils.kg_build.knowledge.KnowledgeCodeBase object at 0x7f30087a7e50>
2025-11-19 11:46:16,284 - Knowledge - INFO - process ingested knowledge for /app/data/T0015/271517/b4715fp/spacetelescope/jwql/website/apps/jwql/api_views.py
2025-11-19 11:46:16,345 - Knowledge - INFO - persist ingested knowledge for /app/data/T0015/271517/b4715fp/spacetelescope/jwql/website/apps/jwql/context_processors.py
2025-11-19 11:46:16,459 - Knowledge - INFO - Found code-base-name: https://github.com/DarssiniRamesh/spacetelescope.git:main
2025-11-19 11:46:16,630 - Knowledge - INFO - [MONGODB_OP] Completed: persist, Collection: file_info, Duration: 98ms
2025-11-19 11:46:16,666 - Knowledge - INFO - Found code_base: <app.utils.kg_build.knowledge.KnowledgeCodeBase object at 0x7f453869a8d0>
2025-11-19 11:46:16,924 - Knowledge - INFO - Found code-base-name: https://github.com/DarssiniRamesh/spacetelescope.git:main
2025-11-19 11:46:17,043 - Knowledge - INFO - [REDIS_OP] Completed: store_embedding, Key: jwql/website/apps/jwql/context_processors.py, Duration: 202ms
2025-11-19 11:46:17,064 - Knowledge - INFO - Found code_base: <app.utils.kg_build.knowledge.KnowledgeCodeBase object at 0x7f453869a8d0>
2025-11-19 11:46:17,199 - Knowledge - INFO - persist search terms embedding for jwql/website/apps/jwql/context_processors.py
2025-11-19 11:46:17,278 - Knowledge - INFO - persist ingested knowledge for /app/data/T0015/271517/b4715fp/spacetelescope/jwql/database/monitor_table_definitions/miri/miri_dark_dark_current.txt
2025-11-19 11:46:17,397 - Knowledge - INFO - process ingested knowledge for /app/data/T0015/271517/b4715fp/spacetelescope/jwql/website/apps/jwql/context_processors.py
2025-11-19 11:46:17,556 - Knowledge - INFO - Found code-base-name: https://github.com/DarssiniRamesh/spacetelescope.git:main
2025-11-19 11:46:17,558 - Knowledge - INFO - [MONGODB_OP] Completed: persist, Collection: file_info, Duration: 95ms
2025-11-19 11:46:17,767 - Knowledge - INFO - Found code_base: <app.utils.kg_build.knowledge.KnowledgeCodeBase object at 0x7f30087a7e50>
2025-11-19 11:46:17,947 - Knowledge - INFO - [REDIS_OP] Completed: store_embedding, Key: jwql/database/monitor_table_definitions/miri/miri_dark_dark_current.txt, Duration: 213ms
2025-11-19 11:46:18,036 - Knowledge - INFO - Found code-base-name: https://github.com/DarssiniRamesh/spacetelescope.git:main
2025-11-19 11:46:18,132 - Knowledge - INFO - persist search terms embedding for jwql/database/monitor_table_definitions/miri/miri_dark_dark_current.txt
2025-11-19 11:46:18,192 - Knowledge - INFO - Found code_base: <app.utils.kg_build.knowledge.KnowledgeCodeBase object at 0x7f30087a7e50>
2025-11-19 11:46:18,315 - Knowledge - INFO - process ingested knowledge for /app/data/T0015/271517/b4715fp/spacetelescope/jwql/database/monitor_table_definitions/miri/miri_dark_dark_current.txt
2025-11-19 11:46:18,370 - Knowledge - INFO - persist ingested knowledge for /app/data/T0015/271517/b4715fp/spacetelescope/jwql/database/database_interface.py
2025-11-19 11:46:18,497 - Knowledge - INFO - Found code-base-name: https://github.com/DarssiniRamesh/spacetelescope.git:main
2025-11-19 11:46:18,653 - Knowledge - INFO - [MONGODB_OP] Completed: persist, Collection: file_info, Duration: 90ms
2025-11-19 11:46:18,670 - Knowledge - INFO - Found code_base: <app.utils.kg_build.knowledge.KnowledgeCodeBase object at 0x7f453869a8d0>
2025-11-19 11:46:18,906 - Knowledge - INFO - Found code-base-name: https://github.com/DarssiniRamesh/spacetelescope.git:main
2025-11-19 11:46:19,041 - Knowledge - INFO - [REDIS_OP] Completed: store_embedding, Key: jwql/database/database_interface.py, Duration: 230ms
2025-11-19 11:46:19,073 - Knowledge - INFO - Found code_base: <app.utils.kg_build.knowledge.KnowledgeCodeBase object at 0x7f453869a8d0>
2025-11-19 11:46:19,243 - Knowledge - INFO - persist search terms embedding for jwql/database/database_interface.py
2025-11-19 11:46:19,266 - Knowledge - INFO - persist ingested knowledge for /app/data/T0015/271517/b4715fp/spacetelescope/jwql/website/apps/jwql/context_processors.py
2025-11-19 11:46:19,391 - Knowledge - INFO - process ingested knowledge for /app/data/T0015/271517/b4715fp/spacetelescope/jwql/database/database_interface.py
2025-11-19 11:46:19,564 - Knowledge - INFO - [MONGODB_OP] Completed: persist, Collection: file_info, Duration: 96ms
2025-11-19 11:46:19,567 - Knowledge - INFO - Found code-base-name: https://github.com/DarssiniRamesh/spacetelescope.git:main
2025-11-19 11:46:19,734 - Knowledge - INFO - Found code_base: <app.utils.kg_build.knowledge.KnowledgeCodeBase object at 0x7f30087a7e50>
2025-11-19 11:46:19,919 - Knowledge - INFO - [REDIS_OP] Completed: store_embedding, Key: jwql/website/apps/jwql/context_processors.py, Duration: 217ms
2025-11-19 11:46:19,979 - Knowledge - INFO - Found code-base-name: https://github.com/DarssiniRamesh/spacetelescope.git:main
2025-11-19 11:46:20,068 - Knowledge - INFO - persist search terms embedding for jwql/website/apps/jwql/context_processors.py
2025-11-19 11:46:20,150 - Knowledge - INFO - Found code_base: <app.utils.kg_build.knowledge.KnowledgeCodeBase object at 0x7f30087a7e50>
2025-11-19 11:46:20,218 - Knowledge - INFO - process ingested knowledge for /app/data/T0015/271517/b4715fp/spacetelescope/jwql/website/apps/jwql/context_processors.py
2025-11-19 11:46:20,295 - Knowledge - INFO - persist ingested knowledge for /app/data/T0015/271517/b4715fp/spacetelescope/CODE_OF_CONDUCT.md
2025-11-19 11:46:20,389 - Knowledge - INFO - Found code-base-name: https://github.com/DarssiniRamesh/spacetelescope.git:main
2025-11-19 11:46:20,561 - Knowledge - INFO - Found code_base: <app.utils.kg_build.knowledge.KnowledgeCodeBase object at 0x7f453869a8d0>
2025-11-19 11:46:20,567 - Knowledge - INFO - [MONGODB_OP] Completed: persist, Collection: file_info, Duration: 89ms
2025-11-19 11:46:20,816 - Knowledge - INFO - Found code-base-name: https://github.com/DarssiniRamesh/spacetelescope.git:main
2025-11-19 11:46:20,994 - Knowledge - INFO - Found code_base: <app.utils.kg_build.knowledge.KnowledgeCodeBase object at 0x7f453869a8d0>
2025-11-19 11:46:21,202 - Knowledge - INFO - persist ingested knowledge for /app/data/T0015/271517/b4715fp/spacetelescope/jwql/database/database_interface.py
2025-11-19 11:46:21,227 - Knowledge - INFO - [REDIS_OP] Completed: store_embedding, Key: CODE_OF_CONDUCT.md, Duration: 461ms
2025-11-19 11:46:21,407 - Knowledge - INFO - persist search terms embedding for CODE_OF_CONDUCT.md
2025-11-19 11:46:21,487 - Knowledge - INFO - [MONGODB_OP] Completed: persist, Collection: file_info, Duration: 94ms
2025-11-19 11:46:21,592 - Knowledge - INFO - process ingested knowledge for /app/data/T0015/271517/b4715fp/spacetelescope/CODE_OF_CONDUCT.md
2025-11-19 11:46:21,798 - Knowledge - INFO - Found code-base-name: https://github.com/DarssiniRamesh/spacetelescope.git:main
2025-11-19 11:46:21,964 - Knowledge - INFO - Found code_base: <app.utils.kg_build.knowledge.KnowledgeCodeBase object at 0x7f30087a7e50>
2025-11-19 11:46:22,022 - Knowledge - INFO - [REDIS_OP] Completed: store_embedding, Key: jwql/database/database_interface.py, Duration: 352ms
2025-11-19 11:46:22,205 - Knowledge - INFO - Found code-base-name: https://github.com/DarssiniRamesh/spacetelescope.git:main
2025-11-19 11:46:22,249 - Knowledge - INFO - persist search terms embedding for jwql/database/database_interface.py
2025-11-19 11:46:22,367 - Knowledge - INFO - Found code_base: <app.utils.kg_build.knowledge.KnowledgeCodeBase object at 0x7f30087a7e50>
2025-11-19 11:46:22,459 - Knowledge - INFO - process ingested knowledge for /app/data/T0015/271517/b4715fp/spacetelescope/jwql/database/database_interface.py
2025-11-19 11:46:22,573 - Knowledge - INFO - persist ingested knowledge for /app/data/T0015/271517/b4715fp/spacetelescope/jwql/database/monitor_table_definitions/niriss/niriss_bias_stats.txt
2025-11-19 11:46:22,635 - Knowledge - INFO - Found code-base-name: https://github.com/DarssiniRamesh/spacetelescope.git:main
2025-11-19 11:46:22,803 - Knowledge - INFO - Found code_base: <app.utils.kg_build.knowledge.KnowledgeCodeBase object at 0x7f453869a8d0>
2025-11-19 11:46:22,858 - Knowledge - INFO - [MONGODB_OP] Completed: persist, Collection: file_info, Duration: 93ms
2025-11-19 11:46:23,033 - Knowledge - INFO - Found code-base-name: https://github.com/DarssiniRamesh/spacetelescope.git:main
2025-11-19 11:46:23,261 - Knowledge - INFO - Found code_base: <app.utils.kg_build.knowledge.KnowledgeCodeBase object at 0x7f453869a8d0>
2025-11-19 11:46:23,265 - Knowledge - INFO - [REDIS_OP] Completed: store_embedding, Key: jwql/database/monitor_table_definitions/niriss/niriss_bias_stats.txt, Duration: 215ms
2025-11-19 11:46:23,432 - Knowledge - INFO - persist search terms embedding for jwql/database/monitor_table_definitions/niriss/niriss_bias_stats.txt
2025-11-19 11:46:23,434 - Knowledge - INFO - persist ingested knowledge for /app/data/T0015/271517/b4715fp/spacetelescope/CODE_OF_CONDUCT.md
2025-11-19 11:46:23,605 - Knowledge - INFO - process ingested knowledge for /app/data/T0015/271517/b4715fp/spacetelescope/jwql/database/monitor_table_definitions/niriss/niriss_bias_stats.txt
2025-11-19 11:46:23,741 - Knowledge - INFO - [MONGODB_OP] Completed: persist, Collection: file_info, Duration: 95ms
2025-11-19 11:46:23,750 - Knowledge - INFO - Found code-base-name: https://github.com/DarssiniRamesh/spacetelescope.git:main
2025-11-19 11:46:23,937 - Knowledge - INFO - Found code_base: <app.utils.kg_build.knowledge.KnowledgeCodeBase object at 0x7f30087a7e50>
2025-11-19 11:46:24,193 - Knowledge - INFO - Found code-base-name: https://github.com/DarssiniRamesh/spacetelescope.git:main
2025-11-19 11:46:24,228 - Knowledge - INFO - [REDIS_OP] Completed: store_embedding, Key: CODE_OF_CONDUCT.md, Duration: 300ms
2025-11-19 11:46:24,363 - Knowledge - INFO - Found code_base: <app.utils.kg_build.knowledge.KnowledgeCodeBase object at 0x7f30087a7e50>
2025-11-19 11:46:24,393 - Knowledge - INFO - persist search terms embedding for CODE_OF_CONDUCT.md
2025-11-19 11:46:24,544 - Knowledge - INFO - persist ingested knowledge for /app/data/T0015/271517/b4715fp/spacetelescope/jwql/website/jwql_proj/urls.py
2025-11-19 11:46:24,546 - Knowledge - INFO - process ingested knowledge for /app/data/T0015/271517/b4715fp/spacetelescope/CODE_OF_CONDUCT.md
2025-11-19 11:46:24,739 - Knowledge - INFO - Found code-base-name: https://github.com/DarssiniRamesh/spacetelescope.git:main
2025-11-19 11:46:24,798 - Knowledge - INFO - [MONGODB_OP] Completed: persist, Collection: file_info, Duration: 93ms
2025-11-19 11:46:24,939 - Knowledge - INFO - Found code_base: <app.utils.kg_build.knowledge.KnowledgeCodeBase object at 0x7f453869a8d0>
2025-11-19 11:46:25,212 - Knowledge - INFO - [REDIS_OP] Completed: store_embedding, Key: jwql/website/jwql_proj/urls.py, Duration: 223ms
2025-11-19 11:46:25,239 - Knowledge - INFO - Found code-base-name: https://github.com/DarssiniRamesh/spacetelescope.git:main
2025-11-19 11:46:25,375 - Knowledge - INFO - persist search terms embedding for jwql/website/jwql_proj/urls.py
2025-11-19 11:46:25,470 - Knowledge - INFO - Found code_base: <app.utils.kg_build.knowledge.KnowledgeCodeBase object at 0x7f453869a8d0>
2025-11-19 11:46:25,551 - Knowledge - INFO - process ingested knowledge for /app/data/T0015/271517/b4715fp/spacetelescope/jwql/website/jwql_proj/urls.py
2025-11-19 11:46:25,656 - Knowledge - INFO - persist ingested knowledge for /app/data/T0015/271517/b4715fp/spacetelescope/jwql/database/monitor_table_definitions/niriss/niriss_bias_stats.txt
2025-11-19 11:46:25,730 - Knowledge - INFO - Found code-base-name: https://github.com/DarssiniRamesh/spacetelescope.git:main
2025-11-19 11:46:25,925 - Knowledge - INFO - Found code_base: <app.utils.kg_build.knowledge.KnowledgeCodeBase object at 0x7f30087a7e50>
2025-11-19 11:46:25,930 - Knowledge - INFO - [MONGODB_OP] Completed: persist, Collection: file_info, Duration: 89ms
2025-11-19 11:46:26,148 - Knowledge - INFO - Found code-base-name: https://github.com/DarssiniRamesh/spacetelescope.git:main
2025-11-19 11:46:26,337 - Knowledge - INFO - Found code_base: <app.utils.kg_build.knowledge.KnowledgeCodeBase object at 0x7f30087a7e50>
2025-11-19 11:46:26,423 - Knowledge - INFO - [REDIS_OP] Completed: store_embedding, Key: jwql/database/monitor_table_definitions/niriss/niriss_bias_stats.txt, Duration: 281ms
2025-11-19 11:46:26,529 - Knowledge - INFO - persist ingested knowledge for /app/data/T0015/271517/b4715fp/spacetelescope/jwql/database/monitor_table_definitions/nirspec/nirspec_dark_dark_current.txt
2025-11-19 11:46:26,601 - Knowledge - INFO - persist search terms embedding for jwql/database/monitor_table_definitions/niriss/niriss_bias_stats.txt
2025-11-19 11:46:26,811 - Knowledge - INFO - [MONGODB_OP] Completed: persist, Collection: file_info, Duration: 90ms
2025-11-19 11:46:26,821 - Knowledge - INFO - process ingested knowledge for /app/data/T0015/271517/b4715fp/spacetelescope/jwql/database/monitor_table_definitions/niriss/niriss_bias_stats.txt
2025-11-19 11:46:26,996 - Knowledge - INFO - Found code-base-name: https://github.com/DarssiniRamesh/spacetelescope.git:main
2025-11-19 11:46:27,210 - Knowledge - INFO - Found code_base: <app.utils.kg_build.knowledge.KnowledgeCodeBase object at 0x7f453869a8d0>
2025-11-19 11:46:27,246 - Knowledge - INFO - [REDIS_OP] Completed: store_embedding, Key: jwql/database/monitor_table_definitions/nirspec/nirspec_dark_dark_current.txt, Duration: 249ms
2025-11-19 11:46:27,437 - Knowledge - INFO - persist search terms embedding for jwql/database/monitor_table_definitions/nirspec/nirspec_dark_dark_current.txt
2025-11-19 11:46:27,463 - Knowledge - INFO - Found code-base-name: https://github.com/DarssiniRamesh/spacetelescope.git:main
2025-11-19 11:46:27,652 - Knowledge - INFO - process ingested knowledge for /app/data/T0015/271517/b4715fp/spacetelescope/jwql/database/monitor_table_definitions/nirspec/nirspec_dark_dark_current.txt
2025-11-19 11:46:27,687 - Knowledge - INFO - Found code_base: <app.utils.kg_build.knowledge.KnowledgeCodeBase object at 0x7f453869a8d0>
2025-11-19 11:46:27,862 - Knowledge - INFO - persist ingested knowledge for /app/data/T0015/271517/b4715fp/spacetelescope/jwql/website/jwql_proj/urls.py
2025-11-19 11:46:27,909 - Knowledge - INFO - Found code-base-name: https://github.com/DarssiniRamesh/spacetelescope.git:main
2025-11-19 11:46:28,060 - Knowledge - INFO - Found code_base: <app.utils.kg_build.knowledge.KnowledgeCodeBase object at 0x7f30087a7e50>
2025-11-19 11:46:28,140 - Knowledge - INFO - [MONGODB_OP] Completed: persist, Collection: file_info, Duration: 120ms
2025-11-19 11:46:28,301 - Knowledge - INFO - Found code-base-name: https://github.com/DarssiniRamesh/spacetelescope.git:main
2025-11-19 11:46:28,523 - Knowledge - INFO - Found code_base: <app.utils.kg_build.knowledge.KnowledgeCodeBase object at 0x7f30087a7e50>
2025-11-19 11:46:28,575 - Knowledge - INFO - [REDIS_OP] Completed: store_embedding, Key: jwql/website/jwql_proj/urls.py, Duration: 295ms
2025-11-19 11:46:28,703 - Knowledge - INFO - persist ingested knowledge for /app/data/T0015/271517/b4715fp/spacetelescope/jwql/website/apps/jwql/static/css/jwql.css
2025-11-19 11:46:28,738 - Knowledge - INFO - persist search terms embedding for jwql/website/jwql_proj/urls.py
2025-11-19 11:46:28,897 - Knowledge - INFO - process ingested knowledge for /app/data/T0015/271517/b4715fp/spacetelescope/jwql/website/jwql_proj/urls.py
2025-11-19 11:46:28,997 - Knowledge - INFO - [MONGODB_OP] Completed: persist, Collection: file_info, Duration: 99ms
2025-11-19 11:46:29,098 - Knowledge - INFO - Found code-base-name: https://github.com/DarssiniRamesh/spacetelescope.git:main
2025-11-19 11:46:29,242 - Knowledge - INFO - Found code_base: <app.utils.kg_build.knowledge.KnowledgeCodeBase object at 0x7f453869a8d0>
2025-11-19 11:46:29,447 - Knowledge - INFO - [REDIS_OP] Completed: store_embedding, Key: jwql/website/apps/jwql/static/css/jwql.css, Duration: 233ms
2025-11-19 11:46:29,517 - Knowledge - INFO - Found code-base-name: https://github.com/DarssiniRamesh/spacetelescope.git:main
2025-11-19 11:46:29,613 - Knowledge - INFO - persist search terms embedding for jwql/website/apps/jwql/static/css/jwql.css
2025-11-19 11:46:29,697 - Knowledge - INFO - Found code_base: <app.utils.kg_build.knowledge.KnowledgeCodeBase object at 0x7f453869a8d0>
2025-11-19 11:46:29,818 - Knowledge - INFO - process ingested knowledge for /app/data/T0015/271517/b4715fp/spacetelescope/jwql/website/apps/jwql/static/css/jwql.css
2025-11-19 11:46:29,848 - Knowledge - INFO - persist ingested knowledge for /app/data/T0015/271517/b4715fp/spacetelescope/jwql/database/monitor_table_definitions/nirspec/nirspec_dark_dark_current.txt
2025-11-19 11:46:29,993 - Knowledge - INFO - Found code-base-name: https://github.com/DarssiniRamesh/spacetelescope.git:main
2025-11-19 11:46:30,137 - Knowledge - INFO - [MONGODB_OP] Completed: persist, Collection: file_info, Duration: 93ms
2025-11-19 11:46:30,164 - Knowledge - INFO - Found code_base: <app.utils.kg_build.knowledge.KnowledgeCodeBase object at 0x7f30087a7e50>
2025-11-19 11:46:30,435 - Knowledge - INFO - Found code-base-name: https://github.com/DarssiniRamesh/spacetelescope.git:main
2025-11-19 11:46:30,616 - Knowledge - INFO - Found code_base: <app.utils.kg_build.knowledge.KnowledgeCodeBase object at 0x7f30087a7e50>
2025-11-19 11:46:30,802 - Knowledge - INFO - persist ingested knowledge for /app/data/T0015/271517/b4715fp/spacetelescope/style_guide/typing_demo/typing_demo_3.py
2025-11-19 11:46:30,870 - Knowledge - INFO - [REDIS_OP] Completed: store_embedding, Key: jwql/database/monitor_table_definitions/nirspec/nirspec_dark_dark_current.txt, Duration: 515ms
2025-11-19 11:46:31,025 - Knowledge - INFO - persist search terms embedding for jwql/database/monitor_table_definitions/nirspec/nirspec_dark_dark_current.txt
2025-11-19 11:46:31,111 - Knowledge - INFO - [MONGODB_OP] Completed: persist, Collection: file_info, Duration: 105ms
2025-11-19 11:46:31,183 - Knowledge - INFO - process ingested knowledge for /app/data/T0015/271517/b4715fp/spacetelescope/jwql/database/monitor_table_definitions/nirspec/nirspec_dark_dark_current.txt
2025-11-19 11:46:31,404 - Knowledge - INFO - Found code-base-name: https://github.com/DarssiniRamesh/spacetelescope.git:main
2025-11-19 11:46:31,564 - Knowledge - INFO - [REDIS_OP] Completed: store_embedding, Key: style_guide/typing_demo/typing_demo_3.py, Duration: 264ms
2025-11-19 11:46:31,603 - Knowledge - INFO - Found code_base: <app.utils.kg_build.knowledge.KnowledgeCodeBase object at 0x7f453869a8d0>
2025-11-19 11:46:31,741 - Knowledge - INFO - persist search terms embedding for style_guide/typing_demo/typing_demo_3.py
2025-11-19 11:46:31,844 - Knowledge - INFO - Found code-base-name: https://github.com/DarssiniRamesh/spacetelescope.git:main
2025-11-19 11:46:31,919 - Knowledge - INFO - process ingested knowledge for /app/data/T0015/271517/b4715fp/spacetelescope/style_guide/typing_demo/typing_demo_3.py
2025-11-19 11:46:32,029 - Knowledge - INFO - Found code_base: <app.utils.kg_build.knowledge.KnowledgeCodeBase object at 0x7f453869a8d0>
2025-11-19 11:46:32,117 - Knowledge - INFO - Found code-base-name: https://github.com/DarssiniRamesh/spacetelescope.git:main
2025-11-19 11:46:32,212 - Knowledge - INFO - persist ingested knowledge for /app/data/T0015/271517/b4715fp/spacetelescope/jwql/website/apps/jwql/static/css/jwql.css
2025-11-19 11:46:32,282 - Knowledge - INFO - Found code_base: <app.utils.kg_build.knowledge.KnowledgeCodeBase object at 0x7f30087a7e50>
2025-11-19 11:46:32,496 - Knowledge - INFO - Found code-base-name: https://github.com/DarssiniRamesh/spacetelescope.git:main
2025-11-19 11:46:32,511 - Knowledge - INFO - [MONGODB_OP] Completed: persist, Collection: file_info, Duration: 96ms
2025-11-19 11:46:32,685 - Knowledge - INFO - Found code_base: <app.utils.kg_build.knowledge.KnowledgeCodeBase object at 0x7f30087a7e50>
2025-11-19 11:46:32,875 - Knowledge - INFO - persist ingested knowledge for /app/data/T0015/271517/b4715fp/spacetelescope/jwql/website/apps/jwql/templates/not_authenticated.html
2025-11-19 11:46:32,922 - Knowledge - INFO - [REDIS_OP] Completed: store_embedding, Key: jwql/website/apps/jwql/static/css/jwql.css, Duration: 260ms
2025-11-19 11:46:33,090 - Knowledge - INFO - persist search terms embedding for jwql/website/apps/jwql/static/css/jwql.css
2025-11-19 11:46:33,136 - Knowledge - INFO - [MONGODB_OP] Completed: persist, Collection: file_info, Duration: 100ms
2025-11-19 11:46:33,255 - Knowledge - INFO - process ingested knowledge for /app/data/T0015/271517/b4715fp/spacetelescope/jwql/website/apps/jwql/static/css/jwql.css
2025-11-19 11:46:33,419 - Knowledge - INFO - Found code-base-name: https://github.com/DarssiniRamesh/spacetelescope.git:main
2025-11-19 11:46:33,534 - Knowledge - INFO - [REDIS_OP] Completed: store_embedding, Key: jwql/website/apps/jwql/templates/not_authenticated.html, Duration: 216ms
2025-11-19 11:46:33,596 - Knowledge - INFO - Found code_base: <app.utils.kg_build.knowledge.KnowledgeCodeBase object at 0x7f453869a8d0>
2025-11-19 11:46:33,676 - Knowledge - INFO - persist search terms embedding for jwql/website/apps/jwql/templates/not_authenticated.html
2025-11-19 11:46:33,842 - Knowledge - INFO - process ingested knowledge for /app/data/T0015/271517/b4715fp/spacetelescope/jwql/website/apps/jwql/templates/not_authenticated.html
2025-11-19 11:46:33,879 - Knowledge - INFO - Found code-base-name: https://github.com/DarssiniRamesh/spacetelescope.git:main
2025-11-19 11:46:33,997 - Knowledge - INFO - Found code-base-name: https://github.com/DarssiniRamesh/spacetelescope.git:main
2025-11-19 11:46:34,071 - Knowledge - INFO - Found code_base: <app.utils.kg_build.knowledge.KnowledgeCodeBase object at 0x7f453869a8d0>
2025-11-19 11:46:34,186 - Knowledge - INFO - Found code_base: <app.utils.kg_build.knowledge.KnowledgeCodeBase object at 0x7f30087a7e50>
2025-11-19 11:46:34,274 - Knowledge - INFO - persist ingested knowledge for /app/data/T0015/271517/b4715fp/spacetelescope/style_guide/typing_demo/typing_demo_3.py
2025-11-19 11:46:34,417 - Knowledge - INFO - Found code-base-name: https://github.com/DarssiniRamesh/spacetelescope.git:main
2025-11-19 11:46:34,515 - Knowledge - INFO - [MONGODB_OP] Completed: persist, Collection: file_info, Duration: 89ms
2025-11-19 11:46:34,606 - Knowledge - INFO - Found code_base: <app.utils.kg_build.knowledge.KnowledgeCodeBase object at 0x7f30087a7e50>
2025-11-19 11:46:34,760 - Knowledge - INFO - persist ingested knowledge for /app/data/T0015/271517/b4715fp/spacetelescope/jwql/website/apps/jwql/templates/view_header.html
2025-11-19 11:46:34,960 - Knowledge - INFO - [REDIS_OP] Completed: store_embedding, Key: style_guide/typing_demo/typing_demo_3.py, Duration: 248ms
2025-11-19 11:46:35,054 - Knowledge - INFO - [MONGODB_OP] Completed: persist, Collection: file_info, Duration: 113ms
2025-11-19 11:46:35,123 - Knowledge - INFO - persist search terms embedding for style_guide/typing_demo/typing_demo_3.py
2025-11-19 11:46:35,306 - Knowledge - INFO - process ingested knowledge for /app/data/T0015/271517/b4715fp/spacetelescope/style_guide/typing_demo/typing_demo_3.py
2025-11-19 11:46:35,428 - Knowledge - INFO - [REDIS_OP] Completed: store_embedding, Key: jwql/website/apps/jwql/templates/view_header.html, Duration: 222ms
2025-11-19 11:46:35,489 - Knowledge - INFO - Found code-base-name: https://github.com/DarssiniRamesh/spacetelescope.git:main
2025-11-19 11:46:35,643 - Knowledge - INFO - persist search terms embedding for jwql/website/apps/jwql/templates/view_header.html
2025-11-19 11:46:35,733 - Knowledge - INFO - Found code_base: <app.utils.kg_build.knowledge.KnowledgeCodeBase object at 0x7f453869a8d0>
2025-11-19 11:46:35,812 - Knowledge - INFO - process ingested knowledge for /app/data/T0015/271517/b4715fp/spacetelescope/jwql/website/apps/jwql/templates/view_header.html
2025-11-19 11:46:36,000 - Knowledge - INFO - Found code-base-name: https://github.com/DarssiniRamesh/spacetelescope.git:main
2025-11-19 11:46:36,036 - Knowledge - INFO - Found code-base-name: https://github.com/DarssiniRamesh/spacetelescope.git:main
2025-11-19 11:46:36,209 - Knowledge - INFO - Found code_base: <app.utils.kg_build.knowledge.KnowledgeCodeBase object at 0x7f30087a7e50>
2025-11-19 11:46:36,227 - Knowledge - INFO - Found code_base: <app.utils.kg_build.knowledge.KnowledgeCodeBase object at 0x7f453869a8d0>
2025-11-19 11:46:36,399 - Knowledge - INFO - persist ingested knowledge for /app/data/T0015/271517/b4715fp/spacetelescope/jwql/website/apps/jwql/templates/not_authenticated.html
2025-11-19 11:46:36,469 - Knowledge - INFO - Found code-base-name: https://github.com/DarssiniRamesh/spacetelescope.git:main
2025-11-19 11:46:36,628 - Knowledge - INFO - Found code_base: <app.utils.kg_build.knowledge.KnowledgeCodeBase object at 0x7f30087a7e50>
2025-11-19 11:46:36,688 - Knowledge - INFO - [MONGODB_OP] Completed: persist, Collection: file_info, Duration: 98ms
2025-11-19 11:46:36,772 - Knowledge - INFO - persist ingested knowledge for /app/data/T0015/271517/b4715fp/spacetelescope/jwql/database/monitor_table_definitions/nirspec/nirspec_bias_query_history.txt
2025-11-19 11:46:37,001 - Knowledge - INFO - [MONGODB_OP] Completed: persist, Collection: file_info, Duration: 92ms
2025-11-19 11:46:37,073 - Knowledge - INFO - [REDIS_OP] Completed: store_embedding, Key: jwql/website/apps/jwql/templates/not_authenticated.html, Duration: 189ms
2025-11-19 11:46:37,260 - Knowledge - INFO - persist search terms embedding for jwql/website/apps/jwql/templates/not_authenticated.html
2025-11-19 11:46:37,453 - Knowledge - INFO - [REDIS_OP] Completed: store_embedding, Key: jwql/database/monitor_table_definitions/nirspec/nirspec_bias_query_history.txt, Duration: 280ms
2025-11-19 11:46:37,454 - Knowledge - INFO - process ingested knowledge for /app/data/T0015/271517/b4715fp/spacetelescope/jwql/website/apps/jwql/templates/not_authenticated.html
2025-11-19 11:46:37,647 - Knowledge - INFO - Found code-base-name: https://github.com/DarssiniRamesh/spacetelescope.git:main
2025-11-19 11:46:37,652 - Knowledge - INFO - persist search terms embedding for jwql/database/monitor_table_definitions/nirspec/nirspec_bias_query_history.txt
2025-11-19 11:46:37,814 - Knowledge - INFO - Found code_base: <app.utils.kg_build.knowledge.KnowledgeCodeBase object at 0x7f453869a8d0>
2025-11-19 11:46:37,818 - Knowledge - INFO - process ingested knowledge for /app/data/T0015/271517/b4715fp/spacetelescope/jwql/database/monitor_table_definitions/nirspec/nirspec_bias_query_history.txt
2025-11-19 11:46:38,054 - Knowledge - INFO - Found code-base-name: https://github.com/DarssiniRamesh/spacetelescope.git:main
2025-11-19 11:46:38,058 - Knowledge - INFO - Found code-base-name: https://github.com/DarssiniRamesh/spacetelescope.git:main
2025-11-19 11:46:38,249 - Knowledge - INFO - Found code_base: <app.utils.kg_build.knowledge.KnowledgeCodeBase object at 0x7f453869a8d0>
2025-11-19 11:46:38,282 - Knowledge - INFO - Found code_base: <app.utils.kg_build.knowledge.KnowledgeCodeBase object at 0x7f30087a7e50>
2025-11-19 11:46:38,394 - Knowledge - INFO - persist ingested knowledge for /app/data/T0015/271517/b4715fp/spacetelescope/jwql/website/apps/jwql/templates/view_header.html
2025-11-19 11:46:38,534 - Knowledge - INFO - Found code-base-name: https://github.com/DarssiniRamesh/spacetelescope.git:main
2025-11-19 11:46:38,656 - Knowledge - INFO - [MONGODB_OP] Completed: persist, Collection: file_info, Duration: 102ms
2025-11-19 11:46:38,691 - Knowledge - INFO - Found code_base: <app.utils.kg_build.knowledge.KnowledgeCodeBase object at 0x7f30087a7e50>
2025-11-19 11:46:38,841 - Knowledge - INFO - persist ingested knowledge for /app/data/T0015/271517/b4715fp/spacetelescope/jwql/website/apps/jwql/monitor_pages/monitor_bad_pixel_bokeh.py
2025-11-19 11:46:39,055 - Knowledge - INFO - [REDIS_OP] Completed: store_embedding, Key: jwql/website/apps/jwql/templates/view_header.html, Duration: 216ms
2025-11-19 11:46:39,134 - Knowledge - INFO - [MONGODB_OP] Completed: persist, Collection: file_info, Duration: 90ms
2025-11-19 11:46:39,222 - Knowledge - INFO - persist search terms embedding for jwql/website/apps/jwql/templates/view_header.html
2025-11-19 11:46:39,373 - Knowledge - INFO - process ingested knowledge for /app/data/T0015/271517/b4715fp/spacetelescope/jwql/website/apps/jwql/templates/view_header.html
2025-11-19 11:46:39,547 - Knowledge - INFO - [REDIS_OP] Completed: store_embedding, Key: jwql/website/apps/jwql/monitor_pages/monitor_bad_pixel_bokeh.py, Duration: 254ms
2025-11-19 11:46:39,562 - Knowledge - INFO - Found code-base-name: https://github.com/DarssiniRamesh/spacetelescope.git:main
2025-11-19 11:46:39,736 - Knowledge - INFO - persist search terms embedding for jwql/website/apps/jwql/monitor_pages/monitor_bad_pixel_bokeh.py
2025-11-19 11:46:39,746 - Knowledge - INFO - Found code_base: <app.utils.kg_build.knowledge.KnowledgeCodeBase object at 0x7f453869a8d0>
2025-11-19 11:46:39,940 - Knowledge - INFO - process ingested knowledge for /app/data/T0015/271517/b4715fp/spacetelescope/jwql/website/apps/jwql/monitor_pages/monitor_bad_pixel_bokeh.py
2025-11-19 11:46:39,996 - Knowledge - INFO - Found code-base-name: https://github.com/DarssiniRamesh/spacetelescope.git:main
2025-11-19 11:46:40,140 - Knowledge - INFO - Found code-base-name: https://github.com/DarssiniRamesh/spacetelescope.git:main
2025-11-19 11:46:40,199 - Knowledge - INFO - Found code_base: <app.utils.kg_build.knowledge.KnowledgeCodeBase object at 0x7f453869a8d0>
2025-11-19 11:46:40,303 - Knowledge - INFO - Found code_base: <app.utils.kg_build.knowledge.KnowledgeCodeBase object at 0x7f30087a7e50>
2025-11-19 11:46:40,365 - Knowledge - INFO - persist ingested knowledge for /app/data/T0015/271517/b4715fp/spacetelescope/jwql/database/monitor_table_definitions/nirspec/nirspec_bias_query_history.txt
2025-11-19 11:46:40,525 - Knowledge - INFO - Found code-base-name: https://github.com/DarssiniRamesh/spacetelescope.git:main
2025-11-19 11:46:40,624 - Knowledge - INFO - [MONGODB_OP] Completed: persist, Collection: file_info, Duration: 78ms
2025-11-19 11:46:40,732 - Knowledge - INFO - Found code_base: <app.utils.kg_build.knowledge.KnowledgeCodeBase object at 0x7f30087a7e50>
2025-11-19 11:46:40,924 - Knowledge - INFO - persist ingested knowledge for /app/data/T0015/271517/b4715fp/spacetelescope/codecov.yml
2025-11-19 11:46:41,011 - Knowledge - INFO - [REDIS_OP] Completed: store_embedding, Key: jwql/database/monitor_table_definitions/nirspec/nirspec_bias_query_history.txt, Duration: 224ms
2025-11-19 11:46:41,186 - Knowledge - INFO - persist search terms embedding for jwql/database/monitor_table_definitions/nirspec/nirspec_bias_query_history.txt
2025-11-19 11:46:41,190 - Knowledge - INFO - [MONGODB_OP] Completed: persist, Collection: file_info, Duration: 82ms
2025-11-19 11:46:41,392 - Knowledge - INFO - process ingested knowledge for /app/data/T0015/271517/b4715fp/spacetelescope/jwql/database/monitor_table_definitions/nirspec/nirspec_bias_query_history.txt
2025-11-19 11:46:41,571 - Knowledge - INFO - Found code-base-name: https://github.com/DarssiniRamesh/spacetelescope.git:main
2025-11-19 11:46:41,589 - Knowledge - INFO - [REDIS_OP] Completed: store_embedding, Key: codecov.yml, Duration: 220ms
2025-11-19 11:46:41,740 - Knowledge - INFO - persist search terms embedding for codecov.yml
2025-11-19 11:46:41,761 - Knowledge - INFO - Found code_base: <app.utils.kg_build.knowledge.KnowledgeCodeBase object at 0x7f453869a8d0>
2025-11-19 11:46:41,872 - Knowledge - INFO - process ingested knowledge for /app/data/T0015/271517/b4715fp/spacetelescope/codecov.yml
2025-11-19 11:46:42,034 - Knowledge - INFO - Found code-base-name: https://github.com/DarssiniRamesh/spacetelescope.git:main
2025-11-19 11:46:42,038 - Knowledge - INFO - Found code-base-name: https://github.com/DarssiniRamesh/spacetelescope.git:main
2025-11-19 11:46:42,187 - Knowledge - INFO - Found code_base: <app.utils.kg_build.knowledge.KnowledgeCodeBase object at 0x7f30087a7e50>
2025-11-19 11:46:42,226 - Knowledge - INFO - Found code_base: <app.utils.kg_build.knowledge.KnowledgeCodeBase object at 0x7f453869a8d0>
2025-11-19 11:46:42,410 - Knowledge - INFO - persist ingested knowledge for /app/data/T0015/271517/b4715fp/spacetelescope/jwql/website/apps/jwql/monitor_pages/monitor_bad_pixel_bokeh.py
2025-11-19 11:46:42,466 - Knowledge - INFO - Found code-base-name: https://github.com/DarssiniRamesh/spacetelescope.git:main
2025-11-19 11:46:42,613 - Knowledge - INFO - Found code_base: <app.utils.kg_build.knowledge.KnowledgeCodeBase object at 0x7f30087a7e50>
2025-11-19 11:46:42,671 - Knowledge - INFO - [MONGODB_OP] Completed: persist, Collection: file_info, Duration: 111ms
2025-11-19 11:46:42,761 - Knowledge - INFO - persist ingested knowledge for /app/data/T0015/271517/b4715fp/spacetelescope/jwql/website/apps/jwql/templates/404_space.html
2025-11-19 11:46:43,082 - Knowledge - INFO - [MONGODB_OP] Completed: persist, Collection: file_info, Duration: 108ms
2025-11-19 11:46:43,093 - Knowledge - INFO - [REDIS_OP] Completed: store_embedding, Key: jwql/website/apps/jwql/monitor_pages/monitor_bad_pixel_bokeh.py, Duration: 218ms
2025-11-19 11:46:43,318 - Knowledge - INFO - persist search terms embedding for jwql/website/apps/jwql/monitor_pages/monitor_bad_pixel_bokeh.py
2025-11-19 11:46:43,486 - Knowledge - INFO - [REDIS_OP] Completed: store_embedding, Key: jwql/website/apps/jwql/templates/404_space.html, Duration: 231ms
2025-11-19 11:46:43,532 - Knowledge - INFO - process ingested knowledge for /app/data/T0015/271517/b4715fp/spacetelescope/jwql/website/apps/jwql/monitor_pages/monitor_bad_pixel_bokeh.py
2025-11-19 11:46:43,654 - Knowledge - INFO - persist search terms embedding for jwql/website/apps/jwql/templates/404_space.html
2025-11-19 11:46:43,712 - Knowledge - INFO - Found code-base-name: https://github.com/DarssiniRamesh/spacetelescope.git:main
2025-11-19 11:46:43,829 - Knowledge - INFO - process ingested knowledge for /app/data/T0015/271517/b4715fp/spacetelescope/jwql/website/apps/jwql/templates/404_space.html
2025-11-19 11:46:43,852 - Knowledge - INFO - Found code_base: <app.utils.kg_build.knowledge.KnowledgeCodeBase object at 0x7f453869a8d0>
2025-11-19 11:46:44,011 - Knowledge - INFO - Found code-base-name: https://github.com/DarssiniRamesh/spacetelescope.git:main
2025-11-19 11:46:44,086 - Knowledge - INFO - Found code-base-name: https://github.com/DarssiniRamesh/spacetelescope.git:main
2025-11-19 11:46:44,200 - Knowledge - INFO - Found code_base: <app.utils.kg_build.knowledge.KnowledgeCodeBase object at 0x7f30087a7e50>
2025-11-19 11:46:44,274 - Knowledge - INFO - Found code_base: <app.utils.kg_build.knowledge.KnowledgeCodeBase object at 0x7f453869a8d0>
2025-11-19 11:46:44,462 - Knowledge - INFO - persist ingested knowledge for /app/data/T0015/271517/b4715fp/spacetelescope/codecov.yml
2025-11-19 11:46:44,505 - Knowledge - INFO - Found code-base-name: https://github.com/DarssiniRamesh/spacetelescope.git:main
2025-11-19 11:46:44,690 - Knowledge - INFO - Found code_base: <app.utils.kg_build.knowledge.KnowledgeCodeBase object at 0x7f30087a7e50>
2025-11-19 11:46:44,780 - Knowledge - INFO - [MONGODB_OP] Completed: persist, Collection: file_info, Duration: 99ms
2025-11-19 11:46:44,860 - Knowledge - INFO - persist ingested knowledge for /app/data/T0015/271517/b4715fp/spacetelescope/jwql/database/monitor_table_definitions/nircam/nircam_dark_pixel_stats.txt
2025-11-19 11:46:45,098 - Knowledge - INFO - [MONGODB_OP] Completed: persist, Collection: file_info, Duration: 86ms
2025-11-19 11:46:45,233 - Knowledge - INFO - [REDIS_OP] Completed: store_embedding, Key: codecov.yml, Duration: 259ms
2025-11-19 11:46:45,449 - Knowledge - INFO - persist search terms embedding for codecov.yml
2025-11-19 11:46:45,513 - Knowledge - INFO - [REDIS_OP] Completed: store_embedding, Key: jwql/database/monitor_table_definitions/nircam/nircam_dark_pixel_stats.txt, Duration: 235ms
2025-11-19 11:46:45,614 - Knowledge - INFO - process ingested knowledge for /app/data/T0015/271517/b4715fp/spacetelescope/codecov.yml
2025-11-19 11:46:45,697 - Knowledge - INFO - persist search terms embedding for jwql/database/monitor_table_definitions/nircam/nircam_dark_pixel_stats.txt
2025-11-19 11:46:45,844 - Knowledge - INFO - Found code-base-name: https://github.com/DarssiniRamesh/spacetelescope.git:main
2025-11-19 11:46:45,892 - Knowledge - INFO - process ingested knowledge for /app/data/T0015/271517/b4715fp/spacetelescope/jwql/database/monitor_table_definitions/nircam/nircam_dark_pixel_stats.txt
2025-11-19 11:46:46,052 - Knowledge - INFO - Found code_base: <app.utils.kg_build.knowledge.KnowledgeCodeBase object at 0x7f453869a8d0>
2025-11-19 11:46:46,112 - Knowledge - INFO - Found code-base-name: https://github.com/DarssiniRamesh/spacetelescope.git:main
2025-11-19 11:46:46,298 - Knowledge - INFO - Found code_base: <app.utils.kg_build.knowledge.KnowledgeCodeBase object at 0x7f30087a7e50>
2025-11-19 11:46:46,313 - Knowledge - INFO - Found code-base-name: https://github.com/DarssiniRamesh/spacetelescope.git:main
2025-11-19 11:46:46,484 - Knowledge - INFO - Found code_base: <app.utils.kg_build.knowledge.KnowledgeCodeBase object at 0x7f453869a8d0>
2025-11-19 11:46:46,530 - Knowledge - INFO - Found code-base-name: https://github.com/DarssiniRamesh/spacetelescope.git:main
2025-11-19 11:46:46,686 - Knowledge - INFO - persist ingested knowledge for /app/data/T0015/271517/b4715fp/spacetelescope/jwql/website/apps/jwql/templates/404_space.html
2025-11-19 11:46:46,704 - Knowledge - INFO - Found code_base: <app.utils.kg_build.knowledge.KnowledgeCodeBase object at 0x7f30087a7e50>
2025-11-19 11:46:46,886 - Knowledge - INFO - persist ingested knowledge for /app/data/T0015/271517/b4715fp/spacetelescope/jwql/website/apps/jwql/static/js/jwql.js
2025-11-19 11:46:46,944 - Knowledge - INFO - [MONGODB_OP] Completed: persist, Collection: file_info, Duration: 94ms
2025-11-19 11:46:47,130 - Knowledge - INFO - [MONGODB_OP] Completed: persist, Collection: file_info, Duration: 97ms
2025-11-19 11:46:47,359 - Knowledge - INFO - [REDIS_OP] Completed: store_embedding, Key: jwql/website/apps/jwql/templates/404_space.html, Duration: 232ms
2025-11-19 11:46:47,502 - Knowledge - INFO - [REDIS_OP] Completed: store_embedding, Key: jwql/website/apps/jwql/static/js/jwql.js, Duration: 210ms
2025-11-19 11:46:47,558 - Knowledge - INFO - persist search terms embedding for jwql/website/apps/jwql/templates/404_space.html
2025-11-19 11:46:47,679 - Knowledge - INFO - persist search terms embedding for jwql/website/apps/jwql/static/js/jwql.js
2025-11-19 11:46:47,741 - Knowledge - INFO - process ingested knowledge for /app/data/T0015/271517/b4715fp/spacetelescope/jwql/website/apps/jwql/templates/404_space.html
2025-11-19 11:46:47,855 - Knowledge - INFO - process ingested knowledge for /app/data/T0015/271517/b4715fp/spacetelescope/jwql/website/apps/jwql/static/js/jwql.js
2025-11-19 11:46:47,917 - Knowledge - INFO - Found code-base-name: https://github.com/DarssiniRamesh/spacetelescope.git:main
2025-11-19 11:46:48,048 - Knowledge - INFO - Found code-base-name: https://github.com/DarssiniRamesh/spacetelescope.git:main
2025-11-19 11:46:48,093 - Knowledge - INFO - Found code_base: <app.utils.kg_build.knowledge.KnowledgeCodeBase object at 0x7f453869a8d0>
2025-11-19 11:46:48,197 - Knowledge - INFO - Found code_base: <app.utils.kg_build.knowledge.KnowledgeCodeBase object at 0x7f30087a7e50>
2025-11-19 11:46:48,366 - Knowledge - INFO - Found code-base-name: https://github.com/DarssiniRamesh/spacetelescope.git:main
2025-11-19 11:46:48,447 - Knowledge - INFO - Found code-base-name: https://github.com/DarssiniRamesh/spacetelescope.git:main
2025-11-19 11:46:48,510 - Knowledge - INFO - Found code_base: <app.utils.kg_build.knowledge.KnowledgeCodeBase object at 0x7f453869a8d0>
2025-11-19 11:46:48,612 - Knowledge - INFO - Found code_base: <app.utils.kg_build.knowledge.KnowledgeCodeBase object at 0x7f30087a7e50>
2025-11-19 11:46:48,744 - Knowledge - INFO - persist ingested knowledge for /app/data/T0015/271517/b4715fp/spacetelescope/jwql/database/monitor_table_definitions/nircam/nircam_dark_pixel_stats.txt
2025-11-19 11:46:48,751 - Knowledge - INFO - persist ingested knowledge for /app/data/T0015/271517/b4715fp/spacetelescope/jwql/instrument_monitors/nirspec_monitors/data_trending/day_to_db.py
2025-11-19 11:46:48,968 - Knowledge - INFO - [MONGODB_OP] Completed: persist, Collection: file_info, Duration: 85ms
2025-11-19 11:46:48,978 - Knowledge - INFO - [MONGODB_OP] Completed: persist, Collection: file_info, Duration: 84ms
2025-11-19 11:46:49,348 - Knowledge - INFO - [REDIS_OP] Completed: store_embedding, Key: jwql/instrument_monitors/nirspec_monitors/data_trending/day_to_db.py, Duration: 215ms
2025-11-19 11:46:49,401 - Knowledge - INFO - [REDIS_OP] Completed: store_embedding, Key: jwql/database/monitor_table_definitions/nircam/nircam_dark_pixel_stats.txt, Duration: 264ms
2025-11-19 11:46:49,571 - Knowledge - INFO - persist search terms embedding for jwql/database/monitor_table_definitions/nircam/nircam_dark_pixel_stats.txt
2025-11-19 11:46:49,576 - Knowledge - INFO - persist search terms embedding for jwql/instrument_monitors/nirspec_monitors/data_trending/day_to_db.py
2025-11-19 11:46:49,777 - Knowledge - INFO - process ingested knowledge for /app/data/T0015/271517/b4715fp/spacetelescope/jwql/database/monitor_table_definitions/nircam/nircam_dark_pixel_stats.txt
2025-11-19 11:46:49,798 - Knowledge - INFO - process ingested knowledge for /app/data/T0015/271517/b4715fp/spacetelescope/jwql/instrument_monitors/nirspec_monitors/data_trending/day_to_db.py
2025-11-19 11:46:49,923 - Knowledge - INFO - Found code-base-name: https://github.com/DarssiniRamesh/spacetelescope.git:main
2025-11-19 11:46:49,975 - Knowledge - INFO - Found code-base-name: https://github.com/DarssiniRamesh/spacetelescope.git:main
2025-11-19 11:46:50,088 - Knowledge - INFO - Found code_base: <app.utils.kg_build.knowledge.KnowledgeCodeBase object at 0x7f453869a8d0>
2025-11-19 11:46:50,146 - Knowledge - INFO - Found code_base: <app.utils.kg_build.knowledge.KnowledgeCodeBase object at 0x7f30087a7e50>
2025-11-19 11:46:50,322 - Knowledge - INFO - Found code-base-name: https://github.com/DarssiniRamesh/spacetelescope.git:main
2025-11-19 11:46:50,410 - Knowledge - INFO - Found code-base-name: https://github.com/DarssiniRamesh/spacetelescope.git:main
2025-11-19 11:46:50,498 - Knowledge - INFO - Found code_base: <app.utils.kg_build.knowledge.KnowledgeCodeBase object at 0x7f453869a8d0>
2025-11-19 11:46:50,574 - Knowledge - INFO - Found code_base: <app.utils.kg_build.knowledge.KnowledgeCodeBase object at 0x7f30087a7e50>
2025-11-19 11:46:50,663 - Knowledge - INFO - persist ingested knowledge for /app/data/T0015/271517/b4715fp/spacetelescope/jwql/website/apps/jwql/static/js/jwql.js
2025-11-19 11:46:50,775 - Knowledge - INFO - persist ingested knowledge for /app/data/T0015/271517/b4715fp/spacetelescope/jwql/jwql_monitors/generate_proposal_thumbnails.py
2025-11-19 11:46:50,944 - Knowledge - INFO - [MONGODB_OP] Completed: persist, Collection: file_info, Duration: 112ms
2025-11-19 11:46:51,023 - Knowledge - INFO - [MONGODB_OP] Completed: persist, Collection: file_info, Duration: 72ms
2025-11-19 11:46:51,372 - Knowledge - INFO - [REDIS_OP] Completed: store_embedding, Key: jwql/website/apps/jwql/static/js/jwql.js, Duration: 257ms
2025-11-19 11:46:51,415 - Knowledge - INFO - [REDIS_OP] Completed: store_embedding, Key: jwql/jwql_monitors/generate_proposal_thumbnails.py, Duration: 218ms
2025-11-19 11:46:51,554 - Knowledge - INFO - persist search terms embedding for jwql/jwql_monitors/generate_proposal_thumbnails.py
2025-11-19 11:46:51,560 - Knowledge - INFO - persist search terms embedding for jwql/website/apps/jwql/static/js/jwql.js
2025-11-19 11:46:51,710 - Knowledge - INFO - process ingested knowledge for /app/data/T0015/271517/b4715fp/spacetelescope/jwql/website/apps/jwql/static/js/jwql.js
2025-11-19 11:46:51,775 - Knowledge - INFO - process ingested knowledge for /app/data/T0015/271517/b4715fp/spacetelescope/jwql/jwql_monitors/generate_proposal_thumbnails.py
2025-11-19 11:46:51,867 - Knowledge - INFO - Found code-base-name: https://github.com/DarssiniRamesh/spacetelescope.git:main
2025-11-19 11:46:51,949 - Knowledge - INFO - Found code-base-name: https://github.com/DarssiniRamesh/spacetelescope.git:main
2025-11-19 11:46:52,058 - Knowledge - INFO - Found code_base: <app.utils.kg_build.knowledge.KnowledgeCodeBase object at 0x7f453869a8d0>
2025-11-19 11:46:52,085 - Knowledge - INFO - Found code_base: <app.utils.kg_build.knowledge.KnowledgeCodeBase object at 0x7f30087a7e50>
2025-11-19 11:46:52,285 - Knowledge - INFO - Found code-base-name: https://github.com/DarssiniRamesh/spacetelescope.git:main
2025-11-19 11:46:52,309 - Knowledge - INFO - Found code-base-name: https://github.com/DarssiniRamesh/spacetelescope.git:main
2025-11-19 11:46:52,440 - Knowledge - INFO - Found code_base: <app.utils.kg_build.knowledge.KnowledgeCodeBase object at 0x7f453869a8d0>
2025-11-19 11:46:52,491 - Knowledge - INFO - Found code_base: <app.utils.kg_build.knowledge.KnowledgeCodeBase object at 0x7f30087a7e50>
2025-11-19 11:46:52,612 - Knowledge - INFO - persist ingested knowledge for /app/data/T0015/271517/b4715fp/spacetelescope/jwql/instrument_monitors/nirspec_monitors/data_trending/day_to_db.py
2025-11-19 11:46:52,704 - Knowledge - INFO - persist ingested knowledge for /app/data/T0015/271517/b4715fp/spacetelescope/jwql/database/monitor_table_definitions/nirspec/nirspec_bias_stats.txt
2025-11-19 11:46:52,884 - Knowledge - INFO - [MONGODB_OP] Completed: persist, Collection: file_info, Duration: 95ms
2025-11-19 11:46:52,942 - Knowledge - INFO - [MONGODB_OP] Completed: persist, Collection: file_info, Duration: 77ms
2025-11-19 11:46:53,248 - Knowledge - INFO - [REDIS_OP] Completed: store_embedding, Key: jwql/instrument_monitors/nirspec_monitors/data_trending/day_to_db.py, Duration: 209ms
2025-11-19 11:46:53,404 - Knowledge - INFO - persist search terms embedding for jwql/instrument_monitors/nirspec_monitors/data_trending/day_to_db.py
2025-11-19 11:46:53,437 - Knowledge - INFO - [REDIS_OP] Completed: store_embedding, Key: jwql/database/monitor_table_definitions/nirspec/nirspec_bias_stats.txt, Duration: 306ms
2025-11-19 11:46:53,588 - Knowledge - INFO - process ingested knowledge for /app/data/T0015/271517/b4715fp/spacetelescope/jwql/instrument_monitors/nirspec_monitors/data_trending/day_to_db.py
2025-11-19 11:46:53,595 - Knowledge - INFO - persist search terms embedding for jwql/database/monitor_table_definitions/nirspec/nirspec_bias_stats.txt
2025-11-19 11:46:53,799 - Knowledge - INFO - process ingested knowledge for /app/data/T0015/271517/b4715fp/spacetelescope/jwql/database/monitor_table_definitions/nirspec/nirspec_bias_stats.txt
2025-11-19 11:46:53,800 - Knowledge - INFO - Found code-base-name: https://github.com/DarssiniRamesh/spacetelescope.git:main
2025-11-19 11:46:53,974 - Knowledge - INFO - Found code-base-name: https://github.com/DarssiniRamesh/spacetelescope.git:main
2025-11-19 11:46:53,988 - Knowledge - INFO - Found code_base: <app.utils.kg_build.knowledge.KnowledgeCodeBase object at 0x7f453869a8d0>
2025-11-19 11:46:54,152 - Knowledge - INFO - Found code_base: <app.utils.kg_build.knowledge.KnowledgeCodeBase object at 0x7f30087a7e50>
2025-11-19 11:46:54,263 - Knowledge - INFO - Found code-base-name: https://github.com/DarssiniRamesh/spacetelescope.git:main
2025-11-19 11:46:54,419 - Knowledge - INFO - Found code-base-name: https://github.com/DarssiniRamesh/spacetelescope.git:main
2025-11-19 11:46:54,446 - Knowledge - INFO - Found code_base: <app.utils.kg_build.knowledge.KnowledgeCodeBase object at 0x7f453869a8d0>
2025-11-19 11:46:54,558 - Knowledge - INFO - Found code_base: <app.utils.kg_build.knowledge.KnowledgeCodeBase object at 0x7f30087a7e50>
2025-11-19 11:46:54,605 - Knowledge - INFO - persist ingested knowledge for /app/data/T0015/271517/b4715fp/spacetelescope/jwql/jwql_monitors/generate_proposal_thumbnails.py
2025-11-19 11:46:54,728 - Knowledge - INFO - persist ingested knowledge for /app/data/T0015/271517/b4715fp/spacetelescope/rtd_requirements.txt
2025-11-19 11:46:54,866 - Knowledge - INFO - [MONGODB_OP] Completed: persist, Collection: file_info, Duration: 97ms
2025-11-19 11:46:54,966 - Knowledge - INFO - [MONGODB_OP] Completed: persist, Collection: file_info, Duration: 76ms
2025-11-19 11:46:55,283 - Knowledge - INFO - [REDIS_OP] Completed: store_embedding, Key: jwql/jwql_monitors/generate_proposal_thumbnails.py, Duration: 228ms
2025-11-19 11:46:55,401 - Knowledge - INFO - [REDIS_OP] Completed: store_embedding, Key: rtd_requirements.txt, Duration: 255ms
2025-11-19 11:46:55,426 - Knowledge - INFO - persist search terms embedding for jwql/jwql_monitors/generate_proposal_thumbnails.py
2025-11-19 11:46:55,569 - Knowledge - INFO - process ingested knowledge for /app/data/T0015/271517/b4715fp/spacetelescope/jwql/jwql_monitors/generate_proposal_thumbnails.py
2025-11-19 11:46:55,603 - Knowledge - INFO - persist search terms embedding for rtd_requirements.txt
2025-11-19 11:46:55,772 - Knowledge - INFO - Found code-base-name: https://github.com/DarssiniRamesh/spacetelescope.git:main
2025-11-19 11:46:55,784 - Knowledge - INFO - process ingested knowledge for /app/data/T0015/271517/b4715fp/spacetelescope/rtd_requirements.txt
2025-11-19 11:46:55,958 - Knowledge - INFO - Found code-base-name: https://github.com/DarssiniRamesh/spacetelescope.git:main
2025-11-19 11:46:55,960 - Knowledge - INFO - Found code_base: <app.utils.kg_build.knowledge.KnowledgeCodeBase object at 0x7f453869a8d0>
2025-11-19 11:46:56,149 - Knowledge - INFO - Found code_base: <app.utils.kg_build.knowledge.KnowledgeCodeBase object at 0x7f30087a7e50>
2025-11-19 11:46:56,240 - Knowledge - INFO - Found code-base-name: https://github.com/DarssiniRamesh/spacetelescope.git:main
2025-11-19 11:46:56,403 - Knowledge - INFO - Found code-base-name: https://github.com/DarssiniRamesh/spacetelescope.git:main
2025-11-19 11:46:56,407 - Knowledge - INFO - Found code_base: <app.utils.kg_build.knowledge.KnowledgeCodeBase object at 0x7f453869a8d0>
2025-11-19 11:46:56,553 - Knowledge - INFO - Found code_base: <app.utils.kg_build.knowledge.KnowledgeCodeBase object at 0x7f30087a7e50>
2025-11-19 11:46:56,604 - Knowledge - INFO - persist ingested knowledge for /app/data/T0015/271517/b4715fp/spacetelescope/jwql/database/monitor_table_definitions/nirspec/nirspec_bias_stats.txt
2025-11-19 11:46:56,733 - Knowledge - INFO - persist ingested knowledge for /app/data/T0015/271517/b4715fp/spacetelescope/jwql/database/monitor_table_definitions/niriss/niriss_bias_query_history.txt
2025-11-19 11:46:56,911 - Knowledge - INFO - [MONGODB_OP] Completed: persist, Collection: file_info, Duration: 99ms
2025-11-19 11:46:57,005 - Knowledge - INFO - [MONGODB_OP] Completed: persist, Collection: file_info, Duration: 76ms
2025-11-19 11:46:57,301 - Knowledge - INFO - [REDIS_OP] Completed: store_embedding, Key: jwql/database/monitor_table_definitions/niriss/niriss_bias_query_history.txt, Duration: 135ms
2025-11-19 11:46:57,333 - Knowledge - INFO - [REDIS_OP] Completed: store_embedding, Key: jwql/database/monitor_table_definitions/nirspec/nirspec_bias_stats.txt, Duration: 267ms
2025-11-19 11:46:57,467 - Knowledge - INFO - persist search terms embedding for jwql/database/monitor_table_definitions/niriss/niriss_bias_query_history.txt
2025-11-19 11:46:57,518 - Knowledge - INFO - persist search terms embedding for jwql/database/monitor_table_definitions/nirspec/nirspec_bias_stats.txt
2025-11-19 11:46:57,631 - Knowledge - INFO - process ingested knowledge for /app/data/T0015/271517/b4715fp/spacetelescope/jwql/database/monitor_table_definitions/niriss/niriss_bias_query_history.txt
2025-11-19 11:46:57,668 - Knowledge - INFO - process ingested knowledge for /app/data/T0015/271517/b4715fp/spacetelescope/jwql/database/monitor_table_definitions/nirspec/nirspec_bias_stats.txt
2025-11-19 11:46:57,806 - Knowledge - INFO - Found code-base-name: https://github.com/DarssiniRamesh/spacetelescope.git:main
2025-11-19 11:46:57,882 - Knowledge - INFO - Found code-base-name: https://github.com/DarssiniRamesh/spacetelescope.git:main
2025-11-19 11:46:57,990 - Knowledge - INFO - Found code_base: <app.utils.kg_build.knowledge.KnowledgeCodeBase object at 0x7f30087a7e50>
2025-11-19 11:46:58,055 - Knowledge - INFO - Found code_base: <app.utils.kg_build.knowledge.KnowledgeCodeBase object at 0x7f453869a8d0>
2025-11-19 11:46:58,238 - Knowledge - INFO - Found code-base-name: https://github.com/DarssiniRamesh/spacetelescope.git:main
2025-11-19 11:46:58,305 - Knowledge - INFO - Found code-base-name: https://github.com/DarssiniRamesh/spacetelescope.git:main
2025-11-19 11:46:58,453 - Knowledge - INFO - Found code_base: <app.utils.kg_build.knowledge.KnowledgeCodeBase object at 0x7f30087a7e50>
2025-11-19 11:46:58,513 - Knowledge - INFO - Found code_base: <app.utils.kg_build.knowledge.KnowledgeCodeBase object at 0x7f453869a8d0>
2025-11-19 11:46:58,614 - Knowledge - INFO - persist ingested knowledge for /app/data/T0015/271517/b4715fp/spacetelescope/jwql/website/apps/jwql/templates/base.html
2025-11-19 11:46:58,697 - Knowledge - INFO - persist ingested knowledge for /app/data/T0015/271517/b4715fp/spacetelescope/rtd_requirements.txt
2025-11-19 11:46:58,910 - Knowledge - INFO - [MONGODB_OP] Completed: persist, Collection: file_info, Duration: 82ms
2025-11-19 11:46:58,973 - Knowledge - INFO - [MONGODB_OP] Completed: persist, Collection: file_info, Duration: 74ms
2025-11-19 11:46:59,313 - Knowledge - INFO - [REDIS_OP] Completed: store_embedding, Key: jwql/website/apps/jwql/templates/base.html, Duration: 231ms
2025-11-19 11:46:59,425 - Knowledge - INFO - [REDIS_OP] Completed: store_embedding, Key: rtd_requirements.txt, Duration: 249ms
2025-11-19 11:46:59,480 - Knowledge - INFO - persist search terms embedding for jwql/website/apps/jwql/templates/base.html
2025-11-19 11:46:59,632 - Knowledge - INFO - process ingested knowledge for /app/data/T0015/271517/b4715fp/spacetelescope/jwql/website/apps/jwql/templates/base.html
2025-11-19 11:46:59,637 - Knowledge - INFO - persist search terms embedding for rtd_requirements.txt
2025-11-19 11:46:59,802 - Knowledge - INFO - process ingested knowledge for /app/data/T0015/271517/b4715fp/spacetelescope/rtd_requirements.txt
2025-11-19 11:46:59,814 - Knowledge - INFO - Found code-base-name: https://github.com/DarssiniRamesh/spacetelescope.git:main
2025-11-19 11:46:59,997 - Knowledge - INFO - Found code-base-name: https://github.com/DarssiniRamesh/spacetelescope.git:main
2025-11-19 11:47:00,005 - Knowledge - INFO - Found code_base: <app.utils.kg_build.knowledge.KnowledgeCodeBase object at 0x7f30087a7e50>
2025-11-19 11:47:00,158 - Knowledge - INFO - Found code_base: <app.utils.kg_build.knowledge.KnowledgeCodeBase object at 0x7f453869a8d0>
2025-11-19 11:47:00,267 - Knowledge - INFO - Found code-base-name: https://github.com/DarssiniRamesh/spacetelescope.git:main
2025-11-19 11:47:00,449 - Knowledge - INFO - Found code-base-name: https://github.com/DarssiniRamesh/spacetelescope.git:main
2025-11-19 11:47:00,493 - Knowledge - INFO - Found code_base: <app.utils.kg_build.knowledge.KnowledgeCodeBase object at 0x7f30087a7e50>
2025-11-19 11:47:00,666 - Knowledge - INFO - Found code_base: <app.utils.kg_build.knowledge.KnowledgeCodeBase object at 0x7f453869a8d0>
2025-11-19 11:47:00,678 - Knowledge - INFO - persist ingested knowledge for /app/data/T0015/271517/b4715fp/spacetelescope/jwql/tests/test_pipeline_tools.py
2025-11-19 11:47:00,866 - Knowledge - INFO - persist ingested knowledge for /app/data/T0015/271517/b4715fp/spacetelescope/jwql/database/monitor_table_definitions/niriss/niriss_bias_query_history.txt
2025-11-19 11:47:00,924 - Knowledge - INFO - [MONGODB_OP] Completed: persist, Collection: file_info, Duration: 94ms
2025-11-19 11:47:01,117 - Knowledge - INFO - [MONGODB_OP] Completed: persist, Collection: file_info, Duration: 90ms
2025-11-19 11:47:01,320 - Knowledge - INFO - [REDIS_OP] Completed: store_embedding, Key: jwql/tests/test_pipeline_tools.py, Duration: 244ms
2025-11-19 11:47:01,470 - Knowledge - INFO - persist search terms embedding for jwql/tests/test_pipeline_tools.py
2025-11-19 11:47:01,628 - Knowledge - INFO - process ingested knowledge for /app/data/T0015/271517/b4715fp/spacetelescope/jwql/tests/test_pipeline_tools.py
2025-11-19 11:47:01,657 - Knowledge - INFO - [REDIS_OP] Completed: store_embedding, Key: jwql/database/monitor_table_definitions/niriss/niriss_bias_query_history.txt, Duration: 352ms
2025-11-19 11:47:01,818 - Knowledge - INFO - Found code-base-name: https://github.com/DarssiniRamesh/spacetelescope.git:main
2025-11-19 11:47:01,874 - Knowledge - INFO - persist search terms embedding for jwql/database/monitor_table_definitions/niriss/niriss_bias_query_history.txt
2025-11-19 11:47:01,987 - Knowledge - INFO - Found code_base: <app.utils.kg_build.knowledge.KnowledgeCodeBase object at 0x7f30087a7e50>
2025-11-19 11:47:02,070 - Knowledge - INFO - process ingested knowledge for /app/data/T0015/271517/b4715fp/spacetelescope/jwql/database/monitor_table_definitions/niriss/niriss_bias_query_history.txt
2025-11-19 11:47:02,209 - Knowledge - INFO - Found code-base-name: https://github.com/DarssiniRamesh/spacetelescope.git:main
2025-11-19 11:47:02,244 - Knowledge - INFO - Found code-base-name: https://github.com/DarssiniRamesh/spacetelescope.git:main
2025-11-19 11:47:02,360 - Knowledge - INFO - Found code_base: <app.utils.kg_build.knowledge.KnowledgeCodeBase object at 0x7f30087a7e50>
2025-11-19 11:47:02,382 - Knowledge - INFO - Found code_base: <app.utils.kg_build.knowledge.KnowledgeCodeBase object at 0x7f453869a8d0>
2025-11-19 11:47:02,537 - Knowledge - INFO - persist ingested knowledge for /app/data/T0015/271517/b4715fp/spacetelescope/jwql/website/apps/jwql/monitor_views.py
2025-11-19 11:47:02,615 - Knowledge - INFO - Found code-base-name: https://github.com/DarssiniRamesh/spacetelescope.git:main
2025-11-19 11:47:02,802 - Knowledge - INFO - [MONGODB_OP] Completed: persist, Collection: file_info, Duration: 100ms
2025-11-19 11:47:02,833 - Knowledge - INFO - Found code_base: <app.utils.kg_build.knowledge.KnowledgeCodeBase object at 0x7f453869a8d0>
2025-11-19 11:47:03,068 - Knowledge - INFO - persist ingested knowledge for /app/data/T0015/271517/b4715fp/spacetelescope/jwql/website/apps/jwql/templates/base.html
2025-11-19 11:47:03,242 - Knowledge - INFO - [REDIS_OP] Completed: store_embedding, Key: jwql/website/apps/jwql/monitor_views.py, Duration: 258ms
2025-11-19 11:47:03,382 - Knowledge - INFO - [MONGODB_OP] Completed: persist, Collection: file_info, Duration: 129ms
2025-11-19 11:47:03,400 - Knowledge - INFO - persist search terms embedding for jwql/website/apps/jwql/monitor_views.py
2025-11-19 11:47:03,547 - Knowledge - INFO - process ingested knowledge for /app/data/T0015/271517/b4715fp/spacetelescope/jwql/website/apps/jwql/monitor_views.py
2025-11-19 11:47:03,702 - Knowledge - INFO - Found code-base-name: https://github.com/DarssiniRamesh/spacetelescope.git:main
2025-11-19 11:47:03,776 - Knowledge - INFO - [REDIS_OP] Completed: store_embedding, Key: jwql/website/apps/jwql/templates/base.html, Duration: 246ms
2025-11-19 11:47:03,885 - Knowledge - INFO - Found code_base: <app.utils.kg_build.knowledge.KnowledgeCodeBase object at 0x7f30087a7e50>
2025-11-19 11:47:03,989 - Knowledge - INFO - persist search terms embedding for jwql/website/apps/jwql/templates/base.html
2025-11-19 11:47:04,122 - Knowledge - INFO - Found code-base-name: https://github.com/DarssiniRamesh/spacetelescope.git:main
2025-11-19 11:47:04,207 - Knowledge - INFO - process ingested knowledge for /app/data/T0015/271517/b4715fp/spacetelescope/jwql/website/apps/jwql/templates/base.html
2025-11-19 11:47:04,317 - Knowledge - INFO - Found code_base: <app.utils.kg_build.knowledge.KnowledgeCodeBase object at 0x7f30087a7e50>
2025-11-19 11:47:04,382 - Knowledge - INFO - Found code-base-name: https://github.com/DarssiniRamesh/spacetelescope.git:main
2025-11-19 11:47:04,492 - Knowledge - INFO - persist ingested knowledge for /app/data/T0015/271517/b4715fp/spacetelescope/jwql/website/apps/jwql/templates/404_spacecat.html
2025-11-19 11:47:04,562 - Knowledge - INFO - Found code_base: <app.utils.kg_build.knowledge.KnowledgeCodeBase object at 0x7f453869a8d0>
2025-11-19 11:47:04,739 - Knowledge - INFO - [MONGODB_OP] Completed: persist, Collection: file_info, Duration: 98ms
2025-11-19 11:47:04,792 - Knowledge - INFO - Found code-base-name: https://github.com/DarssiniRamesh/spacetelescope.git:main
2025-11-19 11:47:04,966 - Knowledge - INFO - Found code_base: <app.utils.kg_build.knowledge.KnowledgeCodeBase object at 0x7f453869a8d0>
2025-11-19 11:47:05,156 - Knowledge - INFO - persist ingested knowledge for /app/data/T0015/271517/b4715fp/spacetelescope/jwql/tests/test_pipeline_tools.py
2025-11-19 11:47:05,184 - Knowledge - INFO - [REDIS_OP] Completed: store_embedding, Key: jwql/website/apps/jwql/templates/404_spacecat.html, Duration: 299ms
2025-11-19 11:47:05,358 - Knowledge - INFO - persist search terms embedding for jwql/website/apps/jwql/templates/404_spacecat.html
2025-11-19 11:47:05,453 - Knowledge - INFO - [MONGODB_OP] Completed: persist, Collection: file_info, Duration: 99ms
2025-11-19 11:47:05,569 - Knowledge - INFO - process ingested knowledge for /app/data/T0015/271517/b4715fp/spacetelescope/jwql/website/apps/jwql/templates/404_spacecat.html
2025-11-19 11:47:05,751 - Knowledge - INFO - Found code-base-name: https://github.com/DarssiniRamesh/spacetelescope.git:main
2025-11-19 11:47:05,923 - Knowledge - INFO - [REDIS_OP] Completed: store_embedding, Key: jwql/tests/test_pipeline_tools.py, Duration: 269ms
2025-11-19 11:47:05,927 - Knowledge - INFO - Found code_base: <app.utils.kg_build.knowledge.KnowledgeCodeBase object at 0x7f30087a7e50>
2025-11-19 11:47:06,064 - Knowledge - INFO - persist search terms embedding for jwql/tests/test_pipeline_tools.py
2025-11-19 11:47:06,149 - Knowledge - INFO - Found code-base-name: https://github.com/DarssiniRamesh/spacetelescope.git:main
2025-11-19 11:47:06,232 - Knowledge - INFO - process ingested knowledge for /app/data/T0015/271517/b4715fp/spacetelescope/jwql/tests/test_pipeline_tools.py
2025-11-19 11:47:06,310 - Knowledge - INFO - Found code_base: <app.utils.kg_build.knowledge.KnowledgeCodeBase object at 0x7f30087a7e50>
2025-11-19 11:47:06,401 - Knowledge - INFO - Found code-base-name: https://github.com/DarssiniRamesh/spacetelescope.git:main
2025-11-19 11:47:06,497 - Knowledge - INFO - persist ingested knowledge for /app/data/T0015/271517/b4715fp/spacetelescope/jwql/database/monitor_table_definitions/niriss/niriss_dark_dark_current.txt
2025-11-19 11:47:06,599 - Knowledge - INFO - Found code_base: <app.utils.kg_build.knowledge.KnowledgeCodeBase object at 0x7f453869a8d0>
2025-11-19 11:47:06,723 - Knowledge - INFO - [MONGODB_OP] Completed: persist, Collection: file_info, Duration: 92ms
2025-11-19 11:47:06,839 - Knowledge - INFO - Found code-base-name: https://github.com/DarssiniRamesh/spacetelescope.git:main
2025-11-19 11:47:06,995 - Knowledge - INFO - Found code_base: <app.utils.kg_build.knowledge.KnowledgeCodeBase object at 0x7f453869a8d0>
2025-11-19 11:47:07,170 - Knowledge - INFO - [REDIS_OP] Completed: store_embedding, Key: jwql/database/monitor_table_definitions/niriss/niriss_dark_dark_current.txt, Duration: 294ms
2025-11-19 11:47:07,178 - Knowledge - INFO - persist ingested knowledge for /app/data/T0015/271517/b4715fp/spacetelescope/jwql/website/apps/jwql/monitor_views.py
2025-11-19 11:47:07,355 - Knowledge - INFO - persist search terms embedding for jwql/database/monitor_table_definitions/niriss/niriss_dark_dark_current.txt
2025-11-19 11:47:07,477 - Knowledge - INFO - [MONGODB_OP] Completed: persist, Collection: file_info, Duration: 97ms
2025-11-19 11:47:07,512 - Knowledge - INFO - process ingested knowledge for /app/data/T0015/271517/b4715fp/spacetelescope/jwql/database/monitor_table_definitions/niriss/niriss_dark_dark_current.txt
2025-11-19 11:47:07,732 - Knowledge - INFO - Found code-base-name: https://github.com/DarssiniRamesh/spacetelescope.git:main
2025-11-19 11:47:07,937 - Knowledge - INFO - Found code_base: <app.utils.kg_build.knowledge.KnowledgeCodeBase object at 0x7f30087a7e50>
2025-11-19 11:47:07,944 - Knowledge - INFO - [REDIS_OP] Completed: store_embedding, Key: jwql/website/apps/jwql/monitor_views.py, Duration: 256ms
2025-11-19 11:47:08,160 - Knowledge - INFO - persist search terms embedding for jwql/website/apps/jwql/monitor_views.py
2025-11-19 11:47:08,181 - Knowledge - INFO - Found code-base-name: https://github.com/DarssiniRamesh/spacetelescope.git:main
2025-11-19 11:47:08,323 - Knowledge - INFO - Found code_base: <app.utils.kg_build.knowledge.KnowledgeCodeBase object at 0x7f30087a7e50>
2025-11-19 11:47:08,377 - Knowledge - INFO - process ingested knowledge for /app/data/T0015/271517/b4715fp/spacetelescope/jwql/website/apps/jwql/monitor_views.py
2025-11-19 11:47:08,475 - Knowledge - INFO - persist ingested knowledge for /app/data/T0015/271517/b4715fp/spacetelescope/jwql/database/monitor_table_definitions/fgs/fgs_dark_dark_current.txt
2025-11-19 11:47:08,549 - Knowledge - INFO - Found code-base-name: https://github.com/DarssiniRamesh/spacetelescope.git:main
2025-11-19 11:47:08,734 - Knowledge - INFO - [MONGODB_OP] Completed: persist, Collection: file_info, Duration: 97ms
2025-11-19 11:47:08,758 - Knowledge - INFO - Found code_base: <app.utils.kg_build.knowledge.KnowledgeCodeBase object at 0x7f453869a8d0>
2025-11-19 11:47:08,987 - Knowledge - INFO - Found code-base-name: https://github.com/DarssiniRamesh/spacetelescope.git:main
2025-11-19 11:47:09,138 - Knowledge - INFO - [REDIS_OP] Completed: store_embedding, Key: jwql/database/monitor_table_definitions/fgs/fgs_dark_dark_current.txt, Duration: 212ms
2025-11-19 11:47:09,173 - Knowledge - INFO - Found code_base: <app.utils.kg_build.knowledge.KnowledgeCodeBase object at 0x7f453869a8d0>
2025-11-19 11:47:09,294 - Knowledge - INFO - persist search terms embedding for jwql/database/monitor_table_definitions/fgs/fgs_dark_dark_current.txt
2025-11-19 11:47:09,355 - Knowledge - INFO - persist ingested knowledge for /app/data/T0015/271517/b4715fp/spacetelescope/jwql/website/apps/jwql/templates/404_spacecat.html
2025-11-19 11:47:09,490 - Knowledge - INFO - process ingested knowledge for /app/data/T0015/271517/b4715fp/spacetelescope/jwql/database/monitor_table_definitions/fgs/fgs_dark_dark_current.txt
2025-11-19 11:47:09,633 - Knowledge - INFO - [MONGODB_OP] Completed: persist, Collection: file_info, Duration: 95ms
2025-11-19 11:47:09,678 - Knowledge - INFO - Found code-base-name: https://github.com/DarssiniRamesh/spacetelescope.git:main
2025-11-19 11:47:09,880 - Knowledge - INFO - Found code_base: <app.utils.kg_build.knowledge.KnowledgeCodeBase object at 0x7f30087a7e50>
2025-11-19 11:47:10,026 - Knowledge - INFO - [REDIS_OP] Completed: store_embedding, Key: jwql/website/apps/jwql/templates/404_spacecat.html, Duration: 236ms
2025-11-19 11:47:10,166 - Knowledge - INFO - Found code-base-name: https://github.com/DarssiniRamesh/spacetelescope.git:main
2025-11-19 11:47:10,231 - Knowledge - INFO - persist search terms embedding for jwql/website/apps/jwql/templates/404_spacecat.html
2025-11-19 11:47:10,358 - Knowledge - INFO - Found code_base: <app.utils.kg_build.knowledge.KnowledgeCodeBase object at 0x7f30087a7e50>
2025-11-19 11:47:10,398 - Knowledge - INFO - process ingested knowledge for /app/data/T0015/271517/b4715fp/spacetelescope/jwql/website/apps/jwql/templates/404_spacecat.html
2025-11-19 11:47:10,565 - Knowledge - INFO - Found code-base-name: https://github.com/DarssiniRamesh/spacetelescope.git:main
2025-11-19 11:47:10,571 - Knowledge - INFO - persist ingested knowledge for /app/data/T0015/271517/b4715fp/spacetelescope/jwql/website/apps/jwql/static/js/tinysort.min.js
2025-11-19 11:47:10,778 - Knowledge - INFO - Found code_base: <app.utils.kg_build.knowledge.KnowledgeCodeBase object at 0x7f453869a8d0>
2025-11-19 11:47:10,858 - Knowledge - INFO - [MONGODB_OP] Completed: persist, Collection: file_info, Duration: 97ms
2025-11-19 11:47:11,050 - Knowledge - INFO - Found code-base-name: https://github.com/DarssiniRamesh/spacetelescope.git:main
2025-11-19 11:47:11,225 - Knowledge - INFO - Found code_base: <app.utils.kg_build.knowledge.KnowledgeCodeBase object at 0x7f453869a8d0>
2025-11-19 11:47:11,273 - Knowledge - INFO - [REDIS_OP] Completed: store_embedding, Key: jwql/website/apps/jwql/static/js/tinysort.min.js, Duration: 224ms
2025-11-19 11:47:11,419 - Knowledge - INFO - persist ingested knowledge for /app/data/T0015/271517/b4715fp/spacetelescope/jwql/database/monitor_table_definitions/niriss/niriss_dark_dark_current.txt
2025-11-19 11:47:11,454 - Knowledge - INFO - persist search terms embedding for jwql/website/apps/jwql/static/js/tinysort.min.js
2025-11-19 11:47:11,694 - Knowledge - INFO - process ingested knowledge for /app/data/T0015/271517/b4715fp/spacetelescope/jwql/website/apps/jwql/static/js/tinysort.min.js
2025-11-19 11:47:11,726 - Knowledge - INFO - [MONGODB_OP] Completed: persist, Collection: file_info, Duration: 84ms
2025-11-19 11:47:11,839 - Knowledge - INFO - Found code-base-name: https://github.com/DarssiniRamesh/spacetelescope.git:main
2025-11-19 11:47:11,981 - Knowledge - INFO - Found code_base: <app.utils.kg_build.knowledge.KnowledgeCodeBase object at 0x7f30087a7e50>
2025-11-19 11:47:12,090 - Knowledge - INFO - [REDIS_OP] Completed: store_embedding, Key: jwql/database/monitor_table_definitions/niriss/niriss_dark_dark_current.txt, Duration: 217ms
2025-11-19 11:47:12,228 - Knowledge - INFO - Found code-base-name: https://github.com/DarssiniRamesh/spacetelescope.git:main
2025-11-19 11:47:12,285 - Knowledge - INFO - persist search terms embedding for jwql/database/monitor_table_definitions/niriss/niriss_dark_dark_current.txt
2025-11-19 11:47:12,371 - Knowledge - INFO - Found code_base: <app.utils.kg_build.knowledge.KnowledgeCodeBase object at 0x7f30087a7e50>
2025-11-19 11:47:12,478 - Knowledge - INFO - process ingested knowledge for /app/data/T0015/271517/b4715fp/spacetelescope/jwql/database/monitor_table_definitions/niriss/niriss_dark_dark_current.txt
2025-11-19 11:47:12,563 - Knowledge - INFO - persist ingested knowledge for /app/data/T0015/271517/b4715fp/spacetelescope/jwql/website/jwql_proj/jinja2.py
2025-11-19 11:47:12,637 - Knowledge - INFO - Found code-base-name: https://github.com/DarssiniRamesh/spacetelescope.git:main
2025-11-19 11:47:12,819 - Knowledge - INFO - Found code_base: <app.utils.kg_build.knowledge.KnowledgeCodeBase object at 0x7f453869a8d0>
2025-11-19 11:47:12,826 - Knowledge - INFO - [MONGODB_OP] Completed: persist, Collection: file_info, Duration: 81ms
2025-11-19 11:47:13,083 - Knowledge - INFO - Found code-base-name: https://github.com/DarssiniRamesh/spacetelescope.git:main
2025-11-19 11:47:13,225 - Knowledge - INFO - Found code_base: <app.utils.kg_build.knowledge.KnowledgeCodeBase object at 0x7f453869a8d0>
2025-11-19 11:47:13,322 - Knowledge - INFO - [REDIS_OP] Completed: store_embedding, Key: jwql/website/jwql_proj/jinja2.py, Duration: 279ms
2025-11-19 11:47:13,415 - Knowledge - INFO - persist ingested knowledge for /app/data/T0015/271517/b4715fp/spacetelescope/jwql/database/monitor_table_definitions/fgs/fgs_dark_dark_current.txt
2025-11-19 11:47:13,486 - Knowledge - INFO - persist search terms embedding for jwql/website/jwql_proj/jinja2.py
2025-11-19 11:47:13,670 - Knowledge - INFO - process ingested knowledge for /app/data/T0015/271517/b4715fp/spacetelescope/jwql/website/jwql_proj/jinja2.py
2025-11-19 11:47:13,704 - Knowledge - INFO - [MONGODB_OP] Completed: persist, Collection: file_info, Duration: 96ms
2025-11-19 11:47:13,871 - Knowledge - INFO - Found code-base-name: https://github.com/DarssiniRamesh/spacetelescope.git:main
2025-11-19 11:47:14,035 - Knowledge - INFO - Found code_base: <app.utils.kg_build.knowledge.KnowledgeCodeBase object at 0x7f30087a7e50>
2025-11-19 11:47:14,150 - Knowledge - INFO - [REDIS_OP] Completed: store_embedding, Key: jwql/database/monitor_table_definitions/fgs/fgs_dark_dark_current.txt, Duration: 246ms
2025-11-19 11:47:14,301 - Knowledge - INFO - persist search terms embedding for jwql/database/monitor_table_definitions/fgs/fgs_dark_dark_current.txt
2025-11-19 11:47:14,320 - Knowledge - INFO - Found code-base-name: https://github.com/DarssiniRamesh/spacetelescope.git:main
2025-11-19 11:47:14,460 - Knowledge - INFO - process ingested knowledge for /app/data/T0015/271517/b4715fp/spacetelescope/jwql/database/monitor_table_definitions/fgs/fgs_dark_dark_current.txt
2025-11-19 11:47:14,487 - Knowledge - INFO - Found code_base: <app.utils.kg_build.knowledge.KnowledgeCodeBase object at 0x7f30087a7e50>
2025-11-19 11:47:14,664 - Knowledge - INFO - persist ingested knowledge for /app/data/T0015/271517/b4715fp/spacetelescope/jwql/tests/test_bias_monitor.py
2025-11-19 11:47:14,664 - Knowledge - INFO - Found code-base-name: https://github.com/DarssiniRamesh/spacetelescope.git:main
2025-11-19 11:47:14,874 - Knowledge - INFO - Found code_base: <app.utils.kg_build.knowledge.KnowledgeCodeBase object at 0x7f453869a8d0>
2025-11-19 11:47:14,930 - Knowledge - INFO - [MONGODB_OP] Completed: persist, Collection: file_info, Duration: 90ms
2025-11-19 11:47:15,166 - Knowledge - INFO - Found code-base-name: https://github.com/DarssiniRamesh/spacetelescope.git:main
2025-11-19 11:47:15,344 - Knowledge - INFO - [REDIS_OP] Completed: store_embedding, Key: jwql/tests/test_bias_monitor.py, Duration: 265ms
2025-11-19 11:47:15,358 - Knowledge - INFO - Found code_base: <app.utils.kg_build.knowledge.KnowledgeCodeBase object at 0x7f453869a8d0>
2025-11-19 11:47:15,473 - Knowledge - INFO - persist search terms embedding for jwql/tests/test_bias_monitor.py
2025-11-19 11:47:15,509 - Knowledge - INFO - persist ingested knowledge for /app/data/T0015/271517/b4715fp/spacetelescope/jwql/website/apps/jwql/static/js/tinysort.min.js
2025-11-19 11:47:15,632 - Knowledge - INFO - process ingested knowledge for /app/data/T0015/271517/b4715fp/spacetelescope/jwql/tests/test_bias_monitor.py
2025-11-19 11:47:15,775 - Knowledge - INFO - [MONGODB_OP] Completed: persist, Collection: file_info, Duration: 101ms
2025-11-19 11:47:15,861 - Knowledge - INFO - Found code-base-name: https://github.com/DarssiniRamesh/spacetelescope.git:main
2025-11-19 11:47:16,034 - Knowledge - INFO - Found code_base: <app.utils.kg_build.knowledge.KnowledgeCodeBase object at 0x7f30087a7e50>
2025-11-19 11:47:16,241 - Knowledge - INFO - [REDIS_OP] Completed: store_embedding, Key: jwql/website/apps/jwql/static/js/tinysort.min.js, Duration: 235ms
2025-11-19 11:47:16,260 - Knowledge - INFO - Found code-base-name: https://github.com/DarssiniRamesh/spacetelescope.git:main
2025-11-19 11:47:16,392 - Knowledge - INFO - persist search terms embedding for jwql/website/apps/jwql/static/js/tinysort.min.js
2025-11-19 11:47:16,435 - Knowledge - INFO - Found code_base: <app.utils.kg_build.knowledge.KnowledgeCodeBase object at 0x7f30087a7e50>
2025-11-19 11:47:16,584 - Knowledge - INFO - persist ingested knowledge for /app/data/T0015/271517/b4715fp/spacetelescope/jwql/website/apps/jwql/templates/about.html
2025-11-19 11:47:16,606 - Knowledge - INFO - process ingested knowledge for /app/data/T0015/271517/b4715fp/spacetelescope/jwql/website/apps/jwql/static/js/tinysort.min.js
2025-11-19 11:47:16,792 - Knowledge - INFO - Found code-base-name: https://github.com/DarssiniRamesh/spacetelescope.git:main
2025-11-19 11:47:16,853 - Knowledge - INFO - [MONGODB_OP] Completed: persist, Collection: file_info, Duration: 94ms
2025-11-19 11:47:16,941 - Knowledge - INFO - Found code_base: <app.utils.kg_build.knowledge.KnowledgeCodeBase object at 0x7f453869a8d0>
2025-11-19 11:47:17,186 - Knowledge - INFO - Found code-base-name: https://github.com/DarssiniRamesh/spacetelescope.git:main
2025-11-19 11:47:17,321 - Knowledge - INFO - [REDIS_OP] Completed: store_embedding, Key: jwql/website/apps/jwql/templates/about.html, Duration: 297ms
2025-11-19 11:47:17,335 - Knowledge - INFO - Found code_base: <app.utils.kg_build.knowledge.KnowledgeCodeBase object at 0x7f453869a8d0>
2025-11-19 11:47:17,494 - Knowledge - INFO - persist search terms embedding for jwql/website/apps/jwql/templates/about.html
2025-11-19 11:47:17,507 - Knowledge - INFO - persist ingested knowledge for /app/data/T0015/271517/b4715fp/spacetelescope/jwql/website/jwql_proj/jinja2.py
2025-11-19 11:47:17,672 - Knowledge - INFO - process ingested knowledge for /app/data/T0015/271517/b4715fp/spacetelescope/jwql/website/apps/jwql/templates/about.html
2025-11-19 11:47:17,815 - Knowledge - INFO - [MONGODB_OP] Completed: persist, Collection: file_info, Duration: 94ms
2025-11-19 11:47:17,868 - Knowledge - INFO - Found code-base-name: https://github.com/DarssiniRamesh/spacetelescope.git:main
2025-11-19 11:47:18,041 - Knowledge - INFO - Found code_base: <app.utils.kg_build.knowledge.KnowledgeCodeBase object at 0x7f30087a7e50>
2025-11-19 11:47:18,238 - Knowledge - INFO - [REDIS_OP] Completed: store_embedding, Key: jwql/website/jwql_proj/jinja2.py, Duration: 222ms
2025-11-19 11:47:18,305 - Knowledge - INFO - Found code-base-name: https://github.com/DarssiniRamesh/spacetelescope.git:main
2025-11-19 11:47:18,427 - Knowledge - INFO - persist search terms embedding for jwql/website/jwql_proj/jinja2.py
2025-11-19 11:47:18,527 - Knowledge - INFO - Found code_base: <app.utils.kg_build.knowledge.KnowledgeCodeBase object at 0x7f30087a7e50>
2025-11-19 11:47:18,636 - Knowledge - INFO - process ingested knowledge for /app/data/T0015/271517/b4715fp/spacetelescope/jwql/website/jwql_proj/jinja2.py
2025-11-19 11:47:18,721 - Knowledge - INFO - persist ingested knowledge for /app/data/T0015/271517/b4715fp/spacetelescope/jwql/instrument_monitors/miri_monitors/data_trending/dashboard.py
2025-11-19 11:47:18,824 - Knowledge - INFO - Found code-base-name: https://github.com/DarssiniRamesh/spacetelescope.git:main
2025-11-19 11:47:18,978 - Knowledge - INFO - [MONGODB_OP] Completed: persist, Collection: file_info, Duration: 93ms
2025-11-19 11:47:18,991 - Knowledge - INFO - Found code_base: <app.utils.kg_build.knowledge.KnowledgeCodeBase object at 0x7f453869a8d0>
2025-11-19 11:47:19,240 - Knowledge - INFO - Found code-base-name: https://github.com/DarssiniRamesh/spacetelescope.git:main
2025-11-19 11:47:19,416 - Knowledge - INFO - [REDIS_OP] Completed: store_embedding, Key: jwql/instrument_monitors/miri_monitors/data_trending/dashboard.py, Duration: 252ms
2025-11-19 11:47:19,425 - Knowledge - INFO - Found code_base: <app.utils.kg_build.knowledge.KnowledgeCodeBase object at 0x7f453869a8d0>
2025-11-19 11:47:19,576 - Knowledge - INFO - persist search terms embedding for jwql/instrument_monitors/miri_monitors/data_trending/dashboard.py
2025-11-19 11:47:19,627 - Knowledge - INFO - persist ingested knowledge for /app/data/T0015/271517/b4715fp/spacetelescope/jwql/tests/test_bias_monitor.py
2025-11-19 11:47:19,793 - Knowledge - INFO - process ingested knowledge for /app/data/T0015/271517/b4715fp/spacetelescope/jwql/instrument_monitors/miri_monitors/data_trending/dashboard.py
2025-11-19 11:47:19,898 - Knowledge - INFO - [MONGODB_OP] Completed: persist, Collection: file_info, Duration: 95ms
2025-11-19 11:47:19,954 - Knowledge - INFO - Found code-base-name: https://github.com/DarssiniRamesh/spacetelescope.git:main
2025-11-19 11:47:20,140 - Knowledge - INFO - Found code_base: <app.utils.kg_build.knowledge.KnowledgeCodeBase object at 0x7f30087a7e50>
2025-11-19 11:47:20,339 - Knowledge - INFO - [REDIS_OP] Completed: store_embedding, Key: jwql/tests/test_bias_monitor.py, Duration: 228ms
2025-11-19 11:47:20,398 - Knowledge - INFO - Found code-base-name: https://github.com/DarssiniRamesh/spacetelescope.git:main
2025-11-19 11:47:20,508 - Knowledge - INFO - persist search terms embedding for jwql/tests/test_bias_monitor.py
2025-11-19 11:47:20,565 - Knowledge - INFO - Found code_base: <app.utils.kg_build.knowledge.KnowledgeCodeBase object at 0x7f30087a7e50>
2025-11-19 11:47:20,726 - Knowledge - INFO - process ingested knowledge for /app/data/T0015/271517/b4715fp/spacetelescope/jwql/tests/test_bias_monitor.py
2025-11-19 11:47:20,736 - Knowledge - INFO - persist ingested knowledge for /app/data/T0015/271517/b4715fp/spacetelescope/notebooks/keywords_in_multiple_headers.ipynb
2025-11-19 11:47:20,935 - Knowledge - INFO - Found code-base-name: https://github.com/DarssiniRamesh/spacetelescope.git:main
2025-11-19 11:47:21,025 - Knowledge - INFO - [MONGODB_OP] Completed: persist, Collection: file_info, Duration: 95ms
2025-11-19 11:47:21,119 - Knowledge - INFO - Found code_base: <app.utils.kg_build.knowledge.KnowledgeCodeBase object at 0x7f453869a8d0>
2025-11-19 11:47:21,388 - Knowledge - INFO - Found code-base-name: https://github.com/DarssiniRamesh/spacetelescope.git:main
2025-11-19 11:47:21,405 - Knowledge - INFO - [REDIS_OP] Completed: store_embedding, Key: notebooks/keywords_in_multiple_headers.ipynb, Duration: 205ms
2025-11-19 11:47:21,565 - Knowledge - INFO - Found code_base: <app.utils.kg_build.knowledge.KnowledgeCodeBase object at 0x7f453869a8d0>
2025-11-19 11:47:21,581 - Knowledge - INFO - persist search terms embedding for notebooks/keywords_in_multiple_headers.ipynb
2025-11-19 11:47:21,711 - Knowledge - INFO - persist ingested knowledge for /app/data/T0015/271517/b4715fp/spacetelescope/jwql/website/apps/jwql/templates/about.html
2025-11-19 11:47:21,741 - Knowledge - INFO - process ingested knowledge for /app/data/T0015/271517/b4715fp/spacetelescope/notebooks/keywords_in_multiple_headers.ipynb
2025-11-19 11:47:21,897 - Knowledge - INFO - Found code-base-name: https://github.com/DarssiniRamesh/spacetelescope.git:main
2025-11-19 11:47:22,022 - Knowledge - INFO - [MONGODB_OP] Completed: persist, Collection: file_info, Duration: 95ms
2025-11-19 11:47:22,060 - Knowledge - INFO - Found code_base: <app.utils.kg_build.knowledge.KnowledgeCodeBase object at 0x7f30087a7e50>
2025-11-19 11:47:22,334 - Knowledge - INFO - Found code-base-name: https://github.com/DarssiniRamesh/spacetelescope.git:main
2025-11-19 11:47:22,394 - Knowledge - INFO - [REDIS_OP] Completed: store_embedding, Key: jwql/website/apps/jwql/templates/about.html, Duration: 177ms
2025-11-19 11:47:22,532 - Knowledge - INFO - Found code_base: <app.utils.kg_build.knowledge.KnowledgeCodeBase object at 0x7f30087a7e50>
2025-11-19 11:47:22,589 - Knowledge - INFO - persist search terms embedding for jwql/website/apps/jwql/templates/about.html
2025-11-19 11:47:22,721 - Knowledge - INFO - persist ingested knowledge for /app/data/T0015/271517/b4715fp/spacetelescope/jwql/website/apps/jwql/templates/nirspec_data_trending.html
2025-11-19 11:47:22,750 - Knowledge - INFO - process ingested knowledge for /app/data/T0015/271517/b4715fp/spacetelescope/jwql/website/apps/jwql/templates/about.html
2025-11-19 11:47:22,941 - Knowledge - INFO - Found code-base-name: https://github.com/DarssiniRamesh/spacetelescope.git:main
2025-11-19 11:47:23,004 - Knowledge - INFO - [MONGODB_OP] Completed: persist, Collection: file_info, Duration: 94ms
2025-11-19 11:47:23,148 - Knowledge - INFO - Found code_base: <app.utils.kg_build.knowledge.KnowledgeCodeBase object at 0x7f453869a8d0>
2025-11-19 11:47:23,397 - Knowledge - INFO - Found code-base-name: https://github.com/DarssiniRamesh/spacetelescope.git:main
2025-11-19 11:47:23,540 - Knowledge - INFO - [REDIS_OP] Completed: store_embedding, Key: jwql/website/apps/jwql/templates/nirspec_data_trending.html, Duration: 338ms
2025-11-19 11:47:23,582 - Knowledge - INFO - Found code_base: <app.utils.kg_build.knowledge.KnowledgeCodeBase object at 0x7f453869a8d0>
2025-11-19 11:47:23,707 - Knowledge - INFO - persist search terms embedding for jwql/website/apps/jwql/templates/nirspec_data_trending.html
2025-11-19 11:47:23,769 - Knowledge - INFO - persist ingested knowledge for /app/data/T0015/271517/b4715fp/spacetelescope/jwql/instrument_monitors/miri_monitors/data_trending/dashboard.py
2025-11-19 11:47:23,864 - Knowledge - INFO - process ingested knowledge for /app/data/T0015/271517/b4715fp/spacetelescope/jwql/website/apps/jwql/templates/nirspec_data_trending.html
2025-11-19 11:47:24,077 - Knowledge - INFO - [MONGODB_OP] Completed: persist, Collection: file_info, Duration: 100ms
2025-11-19 11:47:24,080 - Knowledge - INFO - Found code-base-name: https://github.com/DarssiniRamesh/spacetelescope.git:main
2025-11-19 11:47:24,272 - Knowledge - INFO - Found code_base: <app.utils.kg_build.knowledge.KnowledgeCodeBase object at 0x7f30087a7e50>
2025-11-19 11:47:24,558 - Knowledge - INFO - [REDIS_OP] Completed: store_embedding, Key: jwql/instrument_monitors/miri_monitors/data_trending/dashboard.py, Duration: 249ms
2025-11-19 11:47:24,572 - Knowledge - INFO - Found code-base-name: https://github.com/DarssiniRamesh/spacetelescope.git:main
2025-11-19 11:47:24,746 - Knowledge - INFO - persist search terms embedding for jwql/instrument_monitors/miri_monitors/data_trending/dashboard.py
2025-11-19 11:47:24,748 - Knowledge - INFO - Found code_base: <app.utils.kg_build.knowledge.KnowledgeCodeBase object at 0x7f30087a7e50>
2025-11-19 11:47:24,923 - Knowledge - INFO - process ingested knowledge for /app/data/T0015/271517/b4715fp/spacetelescope/jwql/instrument_monitors/miri_monitors/data_trending/dashboard.py
2025-11-19 11:47:24,948 - Knowledge - INFO - persist ingested knowledge for /app/data/T0015/271517/b4715fp/spacetelescope/jwql/tests/test_calculations.py
2025-11-19 11:47:25,122 - Knowledge - INFO - Found code-base-name: https://github.com/DarssiniRamesh/spacetelescope.git:main
2025-11-19 11:47:25,225 - Knowledge - INFO - [MONGODB_OP] Completed: persist, Collection: file_info, Duration: 85ms
2025-11-19 11:47:25,303 - Knowledge - INFO - Found code_base: <app.utils.kg_build.knowledge.KnowledgeCodeBase object at 0x7f453869a8d0>
2025-11-19 11:47:25,551 - Knowledge - INFO - Found code-base-name: https://github.com/DarssiniRamesh/spacetelescope.git:main
2025-11-19 11:47:25,675 - Knowledge - INFO - [REDIS_OP] Completed: store_embedding, Key: jwql/tests/test_calculations.py, Duration: 240ms
2025-11-19 11:47:25,745 - Knowledge - INFO - Found code_base: <app.utils.kg_build.knowledge.KnowledgeCodeBase object at 0x7f453869a8d0>
2025-11-19 11:47:25,856 - Knowledge - INFO - persist search terms embedding for jwql/tests/test_calculations.py
2025-11-19 11:47:25,923 - Knowledge - INFO - persist ingested knowledge for /app/data/T0015/271517/b4715fp/spacetelescope/notebooks/keywords_in_multiple_headers.ipynb
2025-11-19 11:47:26,057 - Knowledge - INFO - process ingested knowledge for /app/data/T0015/271517/b4715fp/spacetelescope/jwql/tests/test_calculations.py
2025-11-19 11:47:26,178 - Knowledge - INFO - [MONGODB_OP] Completed: persist, Collection: file_info, Duration: 97ms
2025-11-19 11:47:26,222 - Knowledge - INFO - Found code-base-name: https://github.com/DarssiniRamesh/spacetelescope.git:main
2025-11-19 11:47:26,400 - Knowledge - INFO - Found code_base: <app.utils.kg_build.knowledge.KnowledgeCodeBase object at 0x7f30087a7e50>
2025-11-19 11:47:26,556 - Knowledge - INFO - [REDIS_OP] Completed: store_embedding, Key: notebooks/keywords_in_multiple_headers.ipynb, Duration: 221ms
2025-11-19 11:47:26,699 - Knowledge - INFO - Found code-base-name: https://github.com/DarssiniRamesh/spacetelescope.git:main
2025-11-19 11:47:26,734 - Knowledge - INFO - persist search terms embedding for notebooks/keywords_in_multiple_headers.ipynb
2025-11-19 11:47:26,847 - Knowledge - INFO - Found code_base: <app.utils.kg_build.knowledge.KnowledgeCodeBase object at 0x7f30087a7e50>
2025-11-19 11:47:26,908 - Knowledge - INFO - process ingested knowledge for /app/data/T0015/271517/b4715fp/spacetelescope/notebooks/keywords_in_multiple_headers.ipynb
2025-11-19 11:47:27,008 - Knowledge - INFO - persist ingested knowledge for /app/data/T0015/271517/b4715fp/spacetelescope/jwql/database/monitor_table_definitions/nircam/nircam_bias_stats.txt
2025-11-19 11:47:27,077 - Knowledge - INFO - Found code-base-name: https://github.com/DarssiniRamesh/spacetelescope.git:main
2025-11-19 11:47:27,288 - Knowledge - INFO - Found code_base: <app.utils.kg_build.knowledge.KnowledgeCodeBase object at 0x7f453869a8d0>
2025-11-19 11:47:27,331 - Knowledge - INFO - [MONGODB_OP] Completed: persist, Collection: file_info, Duration: 96ms
2025-11-19 11:47:27,554 - Knowledge - INFO - Found code-base-name: https://github.com/DarssiniRamesh/spacetelescope.git:main
2025-11-19 11:47:27,747 - Knowledge - INFO - Found code_base: <app.utils.kg_build.knowledge.KnowledgeCodeBase object at 0x7f453869a8d0>
2025-11-19 11:47:27,827 - Knowledge - INFO - [REDIS_OP] Completed: store_embedding, Key: jwql/database/monitor_table_definitions/nircam/nircam_bias_stats.txt, Duration: 339ms
2025-11-19 11:47:27,948 - Knowledge - INFO - persist ingested knowledge for /app/data/T0015/271517/b4715fp/spacetelescope/jwql/website/apps/jwql/templates/nirspec_data_trending.html
2025-11-19 11:47:28,030 - Knowledge - INFO - persist search terms embedding for jwql/database/monitor_table_definitions/nircam/nircam_bias_stats.txt
2025-11-19 11:47:28,196 - Knowledge - INFO - process ingested knowledge for /app/data/T0015/271517/b4715fp/spacetelescope/jwql/database/monitor_table_definitions/nircam/nircam_bias_stats.txt
2025-11-19 11:47:28,209 - Knowledge - INFO - [MONGODB_OP] Completed: persist, Collection: file_info, Duration: 88ms
2025-11-19 11:47:28,420 - Knowledge - INFO - Found code-base-name: https://github.com/DarssiniRamesh/spacetelescope.git:main
2025-11-19 11:47:28,568 - Knowledge - INFO - Found code_base: <app.utils.kg_build.knowledge.KnowledgeCodeBase object at 0x7f30087a7e50>
2025-11-19 11:47:28,775 - Knowledge - INFO - [REDIS_OP] Completed: store_embedding, Key: jwql/website/apps/jwql/templates/nirspec_data_trending.html, Duration: 383ms
2025-11-19 11:47:28,825 - Knowledge - INFO - Found code-base-name: https://github.com/DarssiniRamesh/spacetelescope.git:main
2025-11-19 11:47:28,971 - Knowledge - INFO - persist search terms embedding for jwql/website/apps/jwql/templates/nirspec_data_trending.html
2025-11-19 11:47:28,974 - Knowledge - INFO - Found code_base: <app.utils.kg_build.knowledge.KnowledgeCodeBase object at 0x7f30087a7e50>
2025-11-19 11:47:29,142 - Knowledge - INFO - process ingested knowledge for /app/data/T0015/271517/b4715fp/spacetelescope/jwql/website/apps/jwql/templates/nirspec_data_trending.html
2025-11-19 11:47:29,183 - Knowledge - INFO - persist ingested knowledge for /app/data/T0015/271517/b4715fp/spacetelescope/jwql/database/monitor_table_definitions/niriss/niriss_dark_pixel_stats.txt
2025-11-19 11:47:29,326 - Knowledge - INFO - Found code-base-name: https://github.com/DarssiniRamesh/spacetelescope.git:main
2025-11-19 11:47:29,466 - Knowledge - INFO - [MONGODB_OP] Completed: persist, Collection: file_info, Duration: 94ms
2025-11-19 11:47:29,539 - Knowledge - INFO - Found code_base: <app.utils.kg_build.knowledge.KnowledgeCodeBase object at 0x7f453869a8d0>
2025-11-19 11:47:29,886 - Knowledge - INFO - [REDIS_OP] Completed: store_embedding, Key: jwql/database/monitor_table_definitions/niriss/niriss_dark_pixel_stats.txt, Duration: 253ms
2025-11-19 11:47:29,891 - Knowledge - INFO - Found code-base-name: https://github.com/DarssiniRamesh/spacetelescope.git:main
2025-11-19 11:47:30,073 - Knowledge - INFO - Found code_base: <app.utils.kg_build.knowledge.KnowledgeCodeBase object at 0x7f453869a8d0>
2025-11-19 11:47:30,080 - Knowledge - INFO - persist search terms embedding for jwql/database/monitor_table_definitions/niriss/niriss_dark_pixel_stats.txt
2025-11-19 11:47:30,228 - Knowledge - INFO - process ingested knowledge for /app/data/T0015/271517/b4715fp/spacetelescope/jwql/database/monitor_table_definitions/niriss/niriss_dark_pixel_stats.txt
2025-11-19 11:47:30,264 - Knowledge - INFO - persist ingested knowledge for /app/data/T0015/271517/b4715fp/spacetelescope/jwql/tests/test_calculations.py
2025-11-19 11:47:30,397 - Knowledge - INFO - Found code-base-name: https://github.com/DarssiniRamesh/spacetelescope.git:main
2025-11-19 11:47:30,510 - Knowledge - INFO - [MONGODB_OP] Completed: persist, Collection: file_info, Duration: 96ms
2025-11-19 11:47:30,608 - Knowledge - INFO - Found code_base: <app.utils.kg_build.knowledge.KnowledgeCodeBase object at 0x7f30087a7e50>
2025-11-19 11:47:30,893 - Knowledge - INFO - Found code-base-name: https://github.com/DarssiniRamesh/spacetelescope.git:main
2025-11-19 11:47:30,959 - Knowledge - INFO - [REDIS_OP] Completed: store_embedding, Key: jwql/tests/test_calculations.py, Duration: 257ms
2025-11-19 11:47:31,059 - Knowledge - INFO - Found code_base: <app.utils.kg_build.knowledge.KnowledgeCodeBase object at 0x7f30087a7e50>
2025-11-19 11:47:31,138 - Knowledge - INFO - persist search terms embedding for jwql/tests/test_calculations.py
2025-11-19 11:47:31,258 - Knowledge - INFO - persist ingested knowledge for /app/data/T0015/271517/b4715fp/spacetelescope/jwql/database/monitor_table_definitions/fgs/fgs_dark_pixel_stats.txt
2025-11-19 11:47:31,278 - Knowledge - INFO - process ingested knowledge for /app/data/T0015/271517/b4715fp/spacetelescope/jwql/tests/test_calculations.py
2025-11-19 11:47:31,431 - Knowledge - INFO - Found code-base-name: https://github.com/DarssiniRamesh/spacetelescope.git:main
2025-11-19 11:47:31,576 - Knowledge - INFO - [MONGODB_OP] Completed: persist, Collection: file_info, Duration: 99ms
2025-11-19 11:47:31,627 - Knowledge - INFO - Found code_base: <app.utils.kg_build.knowledge.KnowledgeCodeBase object at 0x7f453869a8d0>
2025-11-19 11:47:31,914 - Knowledge - INFO - Found code-base-name: https://github.com/DarssiniRamesh/spacetelescope.git:main
2025-11-19 11:47:31,962 - Knowledge - INFO - [REDIS_OP] Completed: store_embedding, Key: jwql/database/monitor_table_definitions/fgs/fgs_dark_pixel_stats.txt, Duration: 241ms
2025-11-19 11:47:32,088 - Knowledge - INFO - Found code_base: <app.utils.kg_build.knowledge.KnowledgeCodeBase object at 0x7f453869a8d0>
2025-11-19 11:47:32,105 - Knowledge - INFO - persist search terms embedding for jwql/database/monitor_table_definitions/fgs/fgs_dark_pixel_stats.txt
2025-11-19 11:47:32,260 - Knowledge - INFO - persist ingested knowledge for /app/data/T0015/271517/b4715fp/spacetelescope/jwql/database/monitor_table_definitions/nircam/nircam_bias_stats.txt
2025-11-19 11:47:32,271 - Knowledge - INFO - process ingested knowledge for /app/data/T0015/271517/b4715fp/spacetelescope/jwql/database/monitor_table_definitions/fgs/fgs_dark_pixel_stats.txt
2025-11-19 11:47:32,462 - Knowledge - INFO - Found code-base-name: https://github.com/DarssiniRamesh/spacetelescope.git:main
2025-11-19 11:47:32,533 - Knowledge - INFO - [MONGODB_OP] Completed: persist, Collection: file_info, Duration: 93ms
2025-11-19 11:47:32,659 - Knowledge - INFO - Found code_base: <app.utils.kg_build.knowledge.KnowledgeCodeBase object at 0x7f30087a7e50>
2025-11-19 11:47:32,940 - Knowledge - INFO - Found code-base-name: https://github.com/DarssiniRamesh/spacetelescope.git:main
2025-11-19 11:47:32,987 - Knowledge - INFO - [REDIS_OP] Completed: store_embedding, Key: jwql/database/monitor_table_definitions/nircam/nircam_bias_stats.txt, Duration: 266ms
2025-11-19 11:47:33,121 - Knowledge - INFO - Found code_base: <app.utils.kg_build.knowledge.KnowledgeCodeBase object at 0x7f30087a7e50>
2025-11-19 11:47:33,152 - Knowledge - INFO - persist search terms embedding for jwql/database/monitor_table_definitions/nircam/nircam_bias_stats.txt
2025-11-19 11:47:33,312 - Knowledge - INFO - process ingested knowledge for /app/data/T0015/271517/b4715fp/spacetelescope/jwql/database/monitor_table_definitions/nircam/nircam_bias_stats.txt
2025-11-19 11:47:33,347 - Knowledge - INFO - persist ingested knowledge for /app/data/T0015/271517/b4715fp/spacetelescope/docs/source/index.rst
2025-11-19 11:47:33,488 - Knowledge - INFO - Found code-base-name: https://github.com/DarssiniRamesh/spacetelescope.git:main
2025-11-19 11:47:33,646 - Knowledge - INFO - [MONGODB_OP] Completed: persist, Collection: file_info, Duration: 91ms
2025-11-19 11:47:33,684 - Knowledge - INFO - Found code_base: <app.utils.kg_build.knowledge.KnowledgeCodeBase object at 0x7f453869a8d0>
2025-11-19 11:47:33,928 - Knowledge - INFO - Found code-base-name: https://github.com/DarssiniRamesh/spacetelescope.git:main
2025-11-19 11:47:34,022 - Knowledge - INFO - [REDIS_OP] Completed: store_embedding, Key: docs/source/index.rst, Duration: 218ms
2025-11-19 11:47:34,115 - Knowledge - INFO - Found code_base: <app.utils.kg_build.knowledge.KnowledgeCodeBase object at 0x7f453869a8d0>
2025-11-19 11:47:34,195 - Knowledge - INFO - persist search terms embedding for docs/source/index.rst
2025-11-19 11:47:34,289 - Knowledge - INFO - persist ingested knowledge for /app/data/T0015/271517/b4715fp/spacetelescope/jwql/database/monitor_table_definitions/niriss/niriss_dark_pixel_stats.txt
2025-11-19 11:47:34,378 - Knowledge - INFO - process ingested knowledge for /app/data/T0015/271517/b4715fp/spacetelescope/docs/source/index.rst
2025-11-19 11:47:34,531 - Knowledge - INFO - Found code-base-name: https://github.com/DarssiniRamesh/spacetelescope.git:main
2025-11-19 11:47:34,589 - Knowledge - INFO - [MONGODB_OP] Completed: persist, Collection: file_info, Duration: 103ms
2025-11-19 11:47:34,744 - Knowledge - INFO - Found code_base: <app.utils.kg_build.knowledge.KnowledgeCodeBase object at 0x7f30087a7e50>
2025-11-19 11:47:34,985 - Knowledge - INFO - Found code-base-name: https://github.com/DarssiniRamesh/spacetelescope.git:main
2025-11-19 11:47:35,081 - Knowledge - INFO - [REDIS_OP] Completed: store_embedding, Key: jwql/database/monitor_table_definitions/niriss/niriss_dark_pixel_stats.txt, Duration: 299ms
2025-11-19 11:47:35,149 - Knowledge - INFO - Found code_base: <app.utils.kg_build.knowledge.KnowledgeCodeBase object at 0x7f30087a7e50>
2025-11-19 11:47:35,255 - Knowledge - INFO - persist search terms embedding for jwql/database/monitor_table_definitions/niriss/niriss_dark_pixel_stats.txt
2025-11-19 11:47:35,306 - Knowledge - INFO - persist ingested knowledge for /app/data/T0015/271517/b4715fp/spacetelescope/jwql/website/jwql_proj/wsgi.py
2025-11-19 11:47:35,451 - Knowledge - INFO - process ingested knowledge for /app/data/T0015/271517/b4715fp/spacetelescope/jwql/database/monitor_table_definitions/niriss/niriss_dark_pixel_stats.txt
2025-11-19 11:47:35,569 - Knowledge - INFO - [MONGODB_OP] Completed: persist, Collection: file_info, Duration: 91ms
2025-11-19 11:47:35,612 - Knowledge - INFO - Found code-base-name: https://github.com/DarssiniRamesh/spacetelescope.git:main
2025-11-19 11:47:35,765 - Knowledge - INFO - Found code_base: <app.utils.kg_build.knowledge.KnowledgeCodeBase object at 0x7f453869a8d0>
2025-11-19 11:47:36,049 - Knowledge - INFO - Found code-base-name: https://github.com/DarssiniRamesh/spacetelescope.git:main
2025-11-19 11:47:36,236 - Knowledge - INFO - Found code_base: <app.utils.kg_build.knowledge.KnowledgeCodeBase object at 0x7f453869a8d0>
2025-11-19 11:47:36,422 - Knowledge - INFO - persist ingested knowledge for /app/data/T0015/271517/b4715fp/spacetelescope/jwql/database/monitor_table_definitions/fgs/fgs_dark_pixel_stats.txt
2025-11-19 11:47:36,591 - Knowledge - INFO - [REDIS_OP] Completed: store_embedding, Key: jwql/website/jwql_proj/wsgi.py, Duration: 805ms
2025-11-19 11:47:36,742 - Knowledge - INFO - [MONGODB_OP] Completed: persist, Collection: file_info, Duration: 93ms
2025-11-19 11:47:36,760 - Knowledge - INFO - persist search terms embedding for jwql/website/jwql_proj/wsgi.py
2025-11-19 11:47:36,981 - Knowledge - INFO - process ingested knowledge for /app/data/T0015/271517/b4715fp/spacetelescope/jwql/website/jwql_proj/wsgi.py
2025-11-19 11:47:37,179 - Knowledge - INFO - Found code-base-name: https://github.com/DarssiniRamesh/spacetelescope.git:main
2025-11-19 11:47:37,226 - Knowledge - INFO - [REDIS_OP] Completed: store_embedding, Key: jwql/database/monitor_table_definitions/fgs/fgs_dark_pixel_stats.txt, Duration: 273ms
2025-11-19 11:47:37,365 - Knowledge - INFO - Found code_base: <app.utils.kg_build.knowledge.KnowledgeCodeBase object at 0x7f30087a7e50>
2025-11-19 11:47:37,376 - Knowledge - INFO - persist search terms embedding for jwql/database/monitor_table_definitions/fgs/fgs_dark_pixel_stats.txt
2025-11-19 11:47:37,573 - Knowledge - INFO - process ingested knowledge for /app/data/T0015/271517/b4715fp/spacetelescope/jwql/database/monitor_table_definitions/fgs/fgs_dark_pixel_stats.txt
2025-11-19 11:47:37,623 - Knowledge - INFO - Found code-base-name: https://github.com/DarssiniRamesh/spacetelescope.git:main
2025-11-19 11:47:37,788 - Knowledge - INFO - Found code-base-name: https://github.com/DarssiniRamesh/spacetelescope.git:main
2025-11-19 11:47:37,808 - Knowledge - INFO - Found code_base: <app.utils.kg_build.knowledge.KnowledgeCodeBase object at 0x7f30087a7e50>
2025-11-19 11:47:37,957 - Knowledge - INFO - persist ingested knowledge for /app/data/T0015/271517/b4715fp/spacetelescope/docs/source/jwql_monitors.rst
2025-11-19 11:47:37,989 - Knowledge - INFO - Found code_base: <app.utils.kg_build.knowledge.KnowledgeCodeBase object at 0x7f453869a8d0>
2025-11-19 11:47:38,243 - Knowledge - INFO - Found code-base-name: https://github.com/DarssiniRamesh/spacetelescope.git:main
2025-11-19 11:47:38,250 - Knowledge - INFO - [MONGODB_OP] Completed: persist, Collection: file_info, Duration: 82ms
2025-11-19 11:47:38,442 - Knowledge - INFO - Found code_base: <app.utils.kg_build.knowledge.KnowledgeCodeBase object at 0x7f453869a8d0>
2025-11-19 11:47:38,625 - Knowledge - INFO - persist ingested knowledge for /app/data/T0015/271517/b4715fp/spacetelescope/docs/source/index.rst
2025-11-19 11:47:38,635 - Knowledge - INFO - [REDIS_OP] Completed: store_embedding, Key: docs/source/jwql_monitors.rst, Duration: 222ms
2025-11-19 11:47:38,785 - Knowledge - INFO - persist search terms embedding for docs/source/jwql_monitors.rst
2025-11-19 11:47:38,880 - Knowledge - INFO - [MONGODB_OP] Completed: persist, Collection: file_info, Duration: 86ms
2025-11-19 11:47:38,996 - Knowledge - INFO - process ingested knowledge for /app/data/T0015/271517/b4715fp/spacetelescope/docs/source/jwql_monitors.rst
2025-11-19 11:47:39,186 - Knowledge - INFO - Found code-base-name: https://github.com/DarssiniRamesh/spacetelescope.git:main
2025-11-19 11:47:39,307 - Knowledge - INFO - [REDIS_OP] Completed: store_embedding, Key: docs/source/index.rst, Duration: 279ms
2025-11-19 11:47:39,316 - Knowledge - INFO - Found code_base: <app.utils.kg_build.knowledge.KnowledgeCodeBase object at 0x7f30087a7e50>
2025-11-19 11:47:39,511 - Knowledge - INFO - persist search terms embedding for docs/source/index.rst
2025-11-19 11:47:39,530 - Knowledge - INFO - Found code-base-name: https://github.com/DarssiniRamesh/spacetelescope.git:main
2025-11-19 11:47:39,684 - Knowledge - INFO - process ingested knowledge for /app/data/T0015/271517/b4715fp/spacetelescope/docs/source/index.rst
2025-11-19 11:47:39,747 - Knowledge - INFO - Found code_base: <app.utils.kg_build.knowledge.KnowledgeCodeBase object at 0x7f30087a7e50>
2025-11-19 11:47:39,882 - Knowledge - INFO - Found code-base-name: https://github.com/DarssiniRamesh/spacetelescope.git:main
2025-11-19 11:47:39,909 - Knowledge - INFO - persist ingested knowledge for /app/data/T0015/271517/b4715fp/spacetelescope/pytest.ini
2025-11-19 11:47:40,048 - Knowledge - INFO - Found code_base: <app.utils.kg_build.knowledge.KnowledgeCodeBase object at 0x7f453869a8d0>
2025-11-19 11:47:40,180 - Knowledge - INFO - [MONGODB_OP] Completed: persist, Collection: file_info, Duration: 92ms
2025-11-19 11:47:40,298 - Knowledge - INFO - Found code-base-name: https://github.com/DarssiniRamesh/spacetelescope.git:main
2025-11-19 11:47:40,524 - Knowledge - INFO - Found code_base: <app.utils.kg_build.knowledge.KnowledgeCodeBase object at 0x7f453869a8d0>
2025-11-19 11:47:40,568 - Knowledge - INFO - [REDIS_OP] Completed: store_embedding, Key: pytest.ini, Duration: 241ms
2025-11-19 11:47:40,706 - Knowledge - INFO - persist ingested knowledge for /app/data/T0015/271517/b4715fp/spacetelescope/jwql/website/jwql_proj/wsgi.py
2025-11-19 11:47:40,712 - Knowledge - INFO - persist search terms embedding for pytest.ini
2025-11-19 11:47:40,873 - Knowledge - INFO - process ingested knowledge for /app/data/T0015/271517/b4715fp/spacetelescope/pytest.ini
2025-11-19 11:47:41,011 - Knowledge - INFO - [MONGODB_OP] Completed: persist, Collection: file_info, Duration: 94ms
2025-11-19 11:47:41,056 - Knowledge - INFO - Found code-base-name: https://github.com/DarssiniRamesh/spacetelescope.git:main
2025-11-19 11:47:41,248 - Knowledge - INFO - Found code_base: <app.utils.kg_build.knowledge.KnowledgeCodeBase object at 0x7f30087a7e50>
2025-11-19 11:47:41,435 - Knowledge - INFO - [REDIS_OP] Completed: store_embedding, Key: jwql/website/jwql_proj/wsgi.py, Duration: 263ms
2025-11-19 11:47:41,505 - Knowledge - INFO - Found code-base-name: https://github.com/DarssiniRamesh/spacetelescope.git:main
2025-11-19 11:47:41,609 - Knowledge - INFO - persist search terms embedding for jwql/website/jwql_proj/wsgi.py
2025-11-19 11:47:41,674 - Knowledge - INFO - Found code_base: <app.utils.kg_build.knowledge.KnowledgeCodeBase object at 0x7f30087a7e50>
2025-11-19 11:47:41,775 - Knowledge - INFO - process ingested knowledge for /app/data/T0015/271517/b4715fp/spacetelescope/jwql/website/jwql_proj/wsgi.py
2025-11-19 11:47:41,846 - Knowledge - INFO - persist ingested knowledge for /app/data/T0015/271517/b4715fp/spacetelescope/jwql/jwql_monitors/monitor_filesystem.py
2025-11-19 11:47:41,932 - Knowledge - INFO - Found code-base-name: https://github.com/DarssiniRamesh/spacetelescope.git:main
2025-11-19 11:47:42,074 - Knowledge - INFO - [MONGODB_OP] Completed: persist, Collection: file_info, Duration: 87ms
2025-11-19 11:47:42,158 - Knowledge - INFO - Found code_base: <app.utils.kg_build.knowledge.KnowledgeCodeBase object at 0x7f453869a8d0>
2025-11-19 11:47:42,412 - Knowledge - INFO - Found code-base-name: https://github.com/DarssiniRamesh/spacetelescope.git:main
2025-11-19 11:47:42,546 - Knowledge - INFO - [REDIS_OP] Completed: store_embedding, Key: jwql/jwql_monitors/monitor_filesystem.py, Duration: 281ms
2025-11-19 11:47:42,573 - Knowledge - INFO - Found code_base: <app.utils.kg_build.knowledge.KnowledgeCodeBase object at 0x7f453869a8d0>
2025-11-19 11:47:42,724 - Knowledge - INFO - persist search terms embedding for jwql/jwql_monitors/monitor_filesystem.py
2025-11-19 11:47:42,736 - Knowledge - INFO - persist ingested knowledge for /app/data/T0015/271517/b4715fp/spacetelescope/docs/source/jwql_monitors.rst
2025-11-19 11:47:42,941 - Knowledge - INFO - process ingested knowledge for /app/data/T0015/271517/b4715fp/spacetelescope/jwql/jwql_monitors/monitor_filesystem.py
2025-11-19 11:47:43,016 - Knowledge - INFO - [MONGODB_OP] Completed: persist, Collection: file_info, Duration: 94ms
2025-11-19 11:47:43,115 - Knowledge - INFO - Found code-base-name: https://github.com/DarssiniRamesh/spacetelescope.git:main
2025-11-19 11:47:43,290 - Knowledge - INFO - Found code_base: <app.utils.kg_build.knowledge.KnowledgeCodeBase object at 0x7f30087a7e50>
2025-11-19 11:47:43,411 - Knowledge - INFO - [REDIS_OP] Completed: store_embedding, Key: docs/source/jwql_monitors.rst, Duration: 234ms
2025-11-19 11:47:43,552 - Knowledge - INFO - Found code-base-name: https://github.com/DarssiniRamesh/spacetelescope.git:main
2025-11-19 11:47:43,585 - Knowledge - INFO - persist search terms embedding for docs/source/jwql_monitors.rst
2025-11-19 11:47:43,743 - Knowledge - INFO - process ingested knowledge for /app/data/T0015/271517/b4715fp/spacetelescope/docs/source/jwql_monitors.rst
2025-11-19 11:47:43,751 - Knowledge - INFO - Found code_base: <app.utils.kg_build.knowledge.KnowledgeCodeBase object at 0x7f30087a7e50>
2025-11-19 11:47:43,937 - Knowledge - INFO - Found code-base-name: https://github.com/DarssiniRamesh/spacetelescope.git:main
2025-11-19 11:47:43,963 - Knowledge - INFO - persist ingested knowledge for /app/data/T0015/271517/b4715fp/spacetelescope/jwql/jwql_monitors/monitor_mast.py
2025-11-19 11:47:44,097 - Knowledge - INFO - Found code_base: <app.utils.kg_build.knowledge.KnowledgeCodeBase object at 0x7f453869a8d0>
2025-11-19 11:47:44,252 - Knowledge - INFO - [MONGODB_OP] Completed: persist, Collection: file_info, Duration: 101ms
2025-11-19 11:47:44,365 - Knowledge - INFO - Found code-base-name: https://github.com/DarssiniRamesh/spacetelescope.git:main
2025-11-19 11:47:44,532 - Knowledge - INFO - Found code_base: <app.utils.kg_build.knowledge.KnowledgeCodeBase object at 0x7f453869a8d0>
2025-11-19 11:47:44,673 - Knowledge - INFO - [REDIS_OP] Completed: store_embedding, Key: jwql/jwql_monitors/monitor_mast.py, Duration: 217ms
2025-11-19 11:47:44,712 - Knowledge - INFO - persist ingested knowledge for /app/data/T0015/271517/b4715fp/spacetelescope/pytest.ini
2025-11-19 11:47:44,844 - Knowledge - INFO - persist search terms embedding for jwql/jwql_monitors/monitor_mast.py
2025-11-19 11:47:44,983 - Knowledge - INFO - [MONGODB_OP] Completed: persist, Collection: file_info, Duration: 94ms
2025-11-19 11:47:45,012 - Knowledge - INFO - process ingested knowledge for /app/data/T0015/271517/b4715fp/spacetelescope/jwql/jwql_monitors/monitor_mast.py
2025-11-19 11:47:45,192 - Knowledge - INFO - Found code-base-name: https://github.com/DarssiniRamesh/spacetelescope.git:main
2025-11-19 11:47:45,349 - Knowledge - INFO - Found code_base: <app.utils.kg_build.knowledge.KnowledgeCodeBase object at 0x7f30087a7e50>
2025-11-19 11:47:45,366 - Knowledge - INFO - [REDIS_OP] Completed: store_embedding, Key: pytest.ini, Duration: 222ms
2025-11-19 11:47:45,568 - Knowledge - INFO - persist search terms embedding for pytest.ini
2025-11-19 11:47:45,615 - Knowledge - INFO - Found code-base-name: https://github.com/DarssiniRamesh/spacetelescope.git:main
2025-11-19 11:47:45,748 - Knowledge - INFO - process ingested knowledge for /app/data/T0015/271517/b4715fp/spacetelescope/pytest.ini
2025-11-19 11:47:45,774 - Knowledge - INFO - Found code_base: <app.utils.kg_build.knowledge.KnowledgeCodeBase object at 0x7f30087a7e50>
2025-11-19 11:47:45,962 - Knowledge - INFO - persist ingested knowledge for /app/data/T0015/271517/b4715fp/spacetelescope/jwql/website/apps/jwql/templates/thumbnails.html
2025-11-19 11:47:45,964 - Knowledge - INFO - Found code-base-name: https://github.com/DarssiniRamesh/spacetelescope.git:main
2025-11-19 11:47:46,112 - Knowledge - INFO - Found code_base: <app.utils.kg_build.knowledge.KnowledgeCodeBase object at 0x7f453869a8d0>
2025-11-19 11:47:46,218 - Knowledge - INFO - [MONGODB_OP] Completed: persist, Collection: file_info, Duration: 85ms
2025-11-19 11:47:46,389 - Knowledge - INFO - Found code-base-name: https://github.com/DarssiniRamesh/spacetelescope.git:main
2025-11-19 11:47:46,557 - Knowledge - INFO - Found code_base: <app.utils.kg_build.knowledge.KnowledgeCodeBase object at 0x7f453869a8d0>
2025-11-19 11:47:46,725 - Knowledge - INFO - persist ingested knowledge for /app/data/T0015/271517/b4715fp/spacetelescope/jwql/jwql_monitors/monitor_filesystem.py
2025-11-19 11:47:46,964 - Knowledge - INFO - [MONGODB_OP] Completed: persist, Collection: file_info, Duration: 86ms
2025-11-19 11:47:47,270 - Knowledge - INFO - [REDIS_OP] Completed: store_embedding, Key: jwql/website/apps/jwql/templates/thumbnails.html, Duration: 857ms
2025-11-19 11:47:47,368 - Knowledge - INFO - [REDIS_OP] Completed: store_embedding, Key: jwql/jwql_monitors/monitor_filesystem.py, Duration: 212ms
2025-11-19 11:47:47,468 - Knowledge - INFO - persist search terms embedding for jwql/website/apps/jwql/templates/thumbnails.html
2025-11-19 11:47:47,585 - Knowledge - INFO - persist search terms embedding for jwql/jwql_monitors/monitor_filesystem.py
2025-11-19 11:47:47,661 - Knowledge - INFO - process ingested knowledge for /app/data/T0015/271517/b4715fp/spacetelescope/jwql/website/apps/jwql/templates/thumbnails.html
2025-11-19 11:47:47,771 - Knowledge - INFO - process ingested knowledge for /app/data/T0015/271517/b4715fp/spacetelescope/jwql/jwql_monitors/monitor_filesystem.py
2025-11-19 11:47:47,825 - Knowledge - INFO - Found code-base-name: https://github.com/DarssiniRamesh/spacetelescope.git:main
2025-11-19 11:47:47,980 - Knowledge - INFO - Found code-base-name: https://github.com/DarssiniRamesh/spacetelescope.git:main
2025-11-19 11:47:47,983 - Knowledge - INFO - Found code_base: <app.utils.kg_build.knowledge.KnowledgeCodeBase object at 0x7f30087a7e50>
2025-11-19 11:47:48,157 - Knowledge - INFO - Found code_base: <app.utils.kg_build.knowledge.KnowledgeCodeBase object at 0x7f453869a8d0>
2025-11-19 11:47:48,237 - Knowledge - INFO - Found code-base-name: https://github.com/DarssiniRamesh/spacetelescope.git:main
2025-11-19 11:47:48,397 - Knowledge - INFO - Found code-base-name: https://github.com/DarssiniRamesh/spacetelescope.git:main
2025-11-19 11:47:48,399 - Knowledge - INFO - Found code_base: <app.utils.kg_build.knowledge.KnowledgeCodeBase object at 0x7f30087a7e50>
2025-11-19 11:47:48,570 - Knowledge - INFO - Found code_base: <app.utils.kg_build.knowledge.KnowledgeCodeBase object at 0x7f453869a8d0>
2025-11-19 11:47:48,577 - Knowledge - INFO - persist ingested knowledge for /app/data/T0015/271517/b4715fp/spacetelescope/jwql/database/monitor_table_definitions/nirspec/nirspec_dark_pixel_stats.txt
2025-11-19 11:47:48,764 - Knowledge - INFO - persist ingested knowledge for /app/data/T0015/271517/b4715fp/spacetelescope/jwql/jwql_monitors/monitor_mast.py
2025-11-19 11:47:48,826 - Knowledge - INFO - [MONGODB_OP] Completed: persist, Collection: file_info, Duration: 94ms
2025-11-19 11:47:49,018 - Knowledge - INFO - [MONGODB_OP] Completed: persist, Collection: file_info, Duration: 95ms
2025-11-19 11:47:49,210 - Knowledge - INFO - [REDIS_OP] Completed: store_embedding, Key: jwql/database/monitor_table_definitions/nirspec/nirspec_dark_pixel_stats.txt, Duration: 209ms
2025-11-19 11:47:49,372 - Knowledge - INFO - persist search terms embedding for jwql/database/monitor_table_definitions/nirspec/nirspec_dark_pixel_stats.txt
2025-11-19 11:47:49,433 - Knowledge - INFO - [REDIS_OP] Completed: store_embedding, Key: jwql/jwql_monitors/monitor_mast.py, Duration: 222ms
2025-11-19 11:47:49,577 - Knowledge - INFO - process ingested knowledge for /app/data/T0015/271517/b4715fp/spacetelescope/jwql/database/monitor_table_definitions/nirspec/nirspec_dark_pixel_stats.txt
2025-11-19 11:47:49,580 - Knowledge - INFO - persist search terms embedding for jwql/jwql_monitors/monitor_mast.py
2025-11-19 11:47:49,754 - Knowledge - INFO - process ingested knowledge for /app/data/T0015/271517/b4715fp/spacetelescope/jwql/jwql_monitors/monitor_mast.py
2025-11-19 11:47:49,765 - Knowledge - INFO - Found code-base-name: https://github.com/DarssiniRamesh/spacetelescope.git:main
2025-11-19 11:47:49,899 - Knowledge - INFO - Found code_base: <app.utils.kg_build.knowledge.KnowledgeCodeBase object at 0x7f30087a7e50>
2025-11-19 11:47:49,937 - Knowledge - INFO - Found code-base-name: https://github.com/DarssiniRamesh/spacetelescope.git:main
2025-11-19 11:47:50,111 - Knowledge - INFO - Found code_base: <app.utils.kg_build.knowledge.KnowledgeCodeBase object at 0x7f453869a8d0>
2025-11-19 11:47:50,125 - Knowledge - INFO - Found code-base-name: https://github.com/DarssiniRamesh/spacetelescope.git:main
2025-11-19 11:47:50,298 - Knowledge - INFO - Found code_base: <app.utils.kg_build.knowledge.KnowledgeCodeBase object at 0x7f30087a7e50>
2025-11-19 11:47:50,382 - Knowledge - INFO - Found code-base-name: https://github.com/DarssiniRamesh/spacetelescope.git:main
2025-11-19 11:47:50,445 - Knowledge - INFO - persist ingested knowledge for /app/data/T0015/271517/b4715fp/spacetelescope/jwql/database/monitor_table_definitions/nircam/nircam_bias_query_history.txt
2025-11-19 11:47:50,605 - Knowledge - INFO - Found code_base: <app.utils.kg_build.knowledge.KnowledgeCodeBase object at 0x7f453869a8d0>
2025-11-19 11:47:50,731 - Knowledge - INFO - [MONGODB_OP] Completed: persist, Collection: file_info, Duration: 86ms
2025-11-19 11:47:50,817 - Knowledge - INFO - persist ingested knowledge for /app/data/T0015/271517/b4715fp/spacetelescope/jwql/website/apps/jwql/templates/thumbnails.html
2025-11-19 11:47:51,113 - Knowledge - INFO - [MONGODB_OP] Completed: persist, Collection: file_info, Duration: 85ms
2025-11-19 11:47:51,451 - Knowledge - INFO - [REDIS_OP] Completed: store_embedding, Key: jwql/website/apps/jwql/templates/thumbnails.html, Duration: 179ms
2025-11-19 11:47:51,603 - Knowledge - INFO - [REDIS_OP] Completed: store_embedding, Key: jwql/database/monitor_table_definitions/nircam/nircam_bias_query_history.txt, Duration: 687ms
2025-11-19 11:47:51,645 - Knowledge - INFO - persist search terms embedding for jwql/website/apps/jwql/templates/thumbnails.html
2025-11-19 11:47:51,793 - Knowledge - INFO - persist search terms embedding for jwql/database/monitor_table_definitions/nircam/nircam_bias_query_history.txt
2025-11-19 11:47:51,819 - Knowledge - INFO - process ingested knowledge for /app/data/T0015/271517/b4715fp/spacetelescope/jwql/website/apps/jwql/templates/thumbnails.html
2025-11-19 11:47:51,980 - Knowledge - INFO - process ingested knowledge for /app/data/T0015/271517/b4715fp/spacetelescope/jwql/database/monitor_table_definitions/nircam/nircam_bias_query_history.txt
2025-11-19 11:47:51,994 - Knowledge - INFO - Found code-base-name: https://github.com/DarssiniRamesh/spacetelescope.git:main
2025-11-19 11:47:52,132 - Knowledge - INFO - Found code-base-name: https://github.com/DarssiniRamesh/spacetelescope.git:main
2025-11-19 11:47:52,178 - Knowledge - INFO - Found code_base: <app.utils.kg_build.knowledge.KnowledgeCodeBase object at 0x7f453869a8d0>
2025-11-19 11:47:52,335 - Knowledge - INFO - Found code_base: <app.utils.kg_build.knowledge.KnowledgeCodeBase object at 0x7f30087a7e50>
2025-11-19 11:47:52,436 - Knowledge - INFO - Found code-base-name: https://github.com/DarssiniRamesh/spacetelescope.git:main
2025-11-19 11:47:52,607 - Knowledge - INFO - Found code_base: <app.utils.kg_build.knowledge.KnowledgeCodeBase object at 0x7f453869a8d0>
2025-11-19 11:47:52,623 - Knowledge - INFO - Found code-base-name: https://github.com/DarssiniRamesh/spacetelescope.git:main
2025-11-19 11:47:52,781 - Knowledge - INFO - persist ingested knowledge for /app/data/T0015/271517/b4715fp/spacetelescope/jwql/database/monitor_table_definitions/nirspec/nirspec_dark_pixel_stats.txt
2025-11-19 11:47:52,785 - Knowledge - INFO - Found code_base: <app.utils.kg_build.knowledge.KnowledgeCodeBase object at 0x7f30087a7e50>
2025-11-19 11:47:52,948 - Knowledge - INFO - persist ingested knowledge for /app/data/T0015/271517/b4715fp/spacetelescope/jwql/database/reset_database.py
2025-11-19 11:47:53,036 - Knowledge - INFO - [MONGODB_OP] Completed: persist, Collection: file_info, Duration: 84ms
2025-11-19 11:47:53,189 - Knowledge - INFO - [MONGODB_OP] Completed: persist, Collection: file_info, Duration: 80ms
2025-11-19 11:47:53,413 - Knowledge - INFO - [REDIS_OP] Completed: store_embedding, Key: jwql/database/monitor_table_definitions/nirspec/nirspec_dark_pixel_stats.txt, Duration: 209ms
2025-11-19 11:47:53,579 - Knowledge - INFO - persist search terms embedding for jwql/database/monitor_table_definitions/nirspec/nirspec_dark_pixel_stats.txt
2025-11-19 11:47:53,614 - Knowledge - INFO - [REDIS_OP] Completed: store_embedding, Key: jwql/database/reset_database.py, Duration: 239ms
2025-11-19 11:47:53,767 - Knowledge - INFO - process ingested knowledge for /app/data/T0015/271517/b4715fp/spacetelescope/jwql/database/monitor_table_definitions/nirspec/nirspec_dark_pixel_stats.txt
2025-11-19 11:47:53,798 - Knowledge - INFO - persist search terms embedding for jwql/database/reset_database.py
2025-11-19 11:47:53,927 - Knowledge - INFO - Found code-base-name: https://github.com/DarssiniRamesh/spacetelescope.git:main
2025-11-19 11:47:54,032 - Knowledge - INFO - process ingested knowledge for /app/data/T0015/271517/b4715fp/spacetelescope/jwql/database/reset_database.py
2025-11-19 11:47:54,153 - Knowledge - INFO - Found code_base: <app.utils.kg_build.knowledge.KnowledgeCodeBase object at 0x7f453869a8d0>
2025-11-19 11:47:54,224 - Knowledge - INFO - Found code-base-name: https://github.com/DarssiniRamesh/spacetelescope.git:main
2025-11-19 11:47:54,397 - Knowledge - INFO - Found code-base-name: https://github.com/DarssiniRamesh/spacetelescope.git:main
2025-11-19 11:47:54,405 - Knowledge - INFO - Found code_base: <app.utils.kg_build.knowledge.KnowledgeCodeBase object at 0x7f30087a7e50>
2025-11-19 11:47:54,580 - Knowledge - INFO - Found code_base: <app.utils.kg_build.knowledge.KnowledgeCodeBase object at 0x7f453869a8d0>
2025-11-19 11:47:54,655 - Knowledge - INFO - Found code-base-name: https://github.com/DarssiniRamesh/spacetelescope.git:main
2025-11-19 11:47:54,749 - Knowledge - INFO - persist ingested knowledge for /app/data/T0015/271517/b4715fp/spacetelescope/jwql/database/monitor_table_definitions/nircam/nircam_bias_query_history.txt
2025-11-19 11:47:54,861 - Knowledge - INFO - Found code_base: <app.utils.kg_build.knowledge.KnowledgeCodeBase object at 0x7f30087a7e50>
2025-11-19 11:47:55,006 - Knowledge - INFO - persist ingested knowledge for /app/data/T0015/271517/b4715fp/spacetelescope/environment_python_3_8.yml
2025-11-19 11:47:55,041 - Knowledge - INFO - [MONGODB_OP] Completed: persist, Collection: file_info, Duration: 94ms
2025-11-19 11:47:55,247 - Knowledge - INFO - [MONGODB_OP] Completed: persist, Collection: file_info, Duration: 84ms
2025-11-19 11:47:55,417 - Knowledge - INFO - [REDIS_OP] Completed: store_embedding, Key: jwql/database/monitor_table_definitions/nircam/nircam_bias_query_history.txt, Duration: 227ms
2025-11-19 11:47:55,582 - Knowledge - INFO - persist search terms embedding for jwql/database/monitor_table_definitions/nircam/nircam_bias_query_history.txt
2025-11-19 11:47:55,776 - Knowledge - INFO - process ingested knowledge for /app/data/T0015/271517/b4715fp/spacetelescope/jwql/database/monitor_table_definitions/nircam/nircam_bias_query_history.txt
2025-11-19 11:47:55,855 - Knowledge - INFO - [REDIS_OP] Completed: store_embedding, Key: environment_python_3_8.yml, Duration: 407ms
2025-11-19 11:47:55,941 - Knowledge - INFO - Found code-base-name: https://github.com/DarssiniRamesh/spacetelescope.git:main
2025-11-19 11:47:56,029 - Knowledge - INFO - persist search terms embedding for environment_python_3_8.yml
2025-11-19 11:47:56,105 - Knowledge - INFO - Found code_base: <app.utils.kg_build.knowledge.KnowledgeCodeBase object at 0x7f453869a8d0>
2025-11-19 11:47:56,176 - Knowledge - INFO - process ingested knowledge for /app/data/T0015/271517/b4715fp/spacetelescope/environment_python_3_8.yml
2025-11-19 11:47:56,364 - Knowledge - INFO - Found code-base-name: https://github.com/DarssiniRamesh/spacetelescope.git:main
2025-11-19 11:47:56,386 - Knowledge - INFO - Found code-base-name: https://github.com/DarssiniRamesh/spacetelescope.git:main
2025-11-19 11:47:56,541 - Knowledge - INFO - Found code_base: <app.utils.kg_build.knowledge.KnowledgeCodeBase object at 0x7f30087a7e50>
2025-11-19 11:47:56,585 - Knowledge - INFO - Found code_base: <app.utils.kg_build.knowledge.KnowledgeCodeBase object at 0x7f453869a8d0>
2025-11-19 11:47:56,753 - Knowledge - INFO - Found code-base-name: https://github.com/DarssiniRamesh/spacetelescope.git:main
2025-11-19 11:47:56,761 - Knowledge - INFO - persist ingested knowledge for /app/data/T0015/271517/b4715fp/spacetelescope/jwql/database/reset_database.py
2025-11-19 11:47:56,925 - Knowledge - INFO - Found code_base: <app.utils.kg_build.knowledge.KnowledgeCodeBase object at 0x7f30087a7e50>
2025-11-19 11:47:57,082 - Knowledge - INFO - [MONGODB_OP] Completed: persist, Collection: file_info, Duration: 95ms
2025-11-19 11:47:57,097 - Knowledge - INFO - persist ingested knowledge for /app/data/T0015/271517/b4715fp/spacetelescope/jwql/website/apps/jwql/admin.py
2025-11-19 11:47:57,396 - Knowledge - INFO - [MONGODB_OP] Completed: persist, Collection: file_info, Duration: 97ms
2025-11-19 11:47:57,417 - Knowledge - INFO - [REDIS_OP] Completed: store_embedding, Key: jwql/database/reset_database.py, Duration: 192ms
2025-11-19 11:47:57,601 - Knowledge - INFO - persist search terms embedding for jwql/database/reset_database.py
2025-11-19 11:47:57,780 - Knowledge - INFO - process ingested knowledge for /app/data/T0015/271517/b4715fp/spacetelescope/jwql/database/reset_database.py
2025-11-19 11:47:57,878 - Knowledge - INFO - [REDIS_OP] Completed: store_embedding, Key: jwql/website/apps/jwql/admin.py, Duration: 283ms
2025-11-19 11:47:57,923 - Knowledge - INFO - Found code-base-name: https://github.com/DarssiniRamesh/spacetelescope.git:main
2025-11-19 11:47:58,074 - Knowledge - INFO - persist search terms embedding for jwql/website/apps/jwql/admin.py
2025-11-19 11:47:58,098 - Knowledge - INFO - Found code_base: <app.utils.kg_build.knowledge.KnowledgeCodeBase object at 0x7f453869a8d0>
2025-11-19 11:47:58,290 - Knowledge - INFO - process ingested knowledge for /app/data/T0015/271517/b4715fp/spacetelescope/jwql/website/apps/jwql/admin.py
2025-11-19 11:47:58,361 - Knowledge - INFO - Found code-base-name: https://github.com/DarssiniRamesh/spacetelescope.git:main
2025-11-19 11:47:58,485 - Knowledge - INFO - Found code-base-name: https://github.com/DarssiniRamesh/spacetelescope.git:main
2025-11-19 11:47:58,511 - Knowledge - INFO - Found code_base: <app.utils.kg_build.knowledge.KnowledgeCodeBase object at 0x7f453869a8d0>
2025-11-19 11:47:58,693 - Knowledge - INFO - Found code_base: <app.utils.kg_build.knowledge.KnowledgeCodeBase object at 0x7f30087a7e50>
2025-11-19 11:47:58,697 - Knowledge - INFO - persist ingested knowledge for /app/data/T0015/271517/b4715fp/spacetelescope/environment_python_3_8.yml
2025-11-19 11:47:58,917 - Knowledge - INFO - Found code-base-name: https://github.com/DarssiniRamesh/spacetelescope.git:main
2025-11-19 11:47:58,931 - Knowledge - INFO - [MONGODB_OP] Completed: persist, Collection: file_info, Duration: 71ms
2025-11-19 11:47:59,076 - Knowledge - INFO - Found code_base: <app.utils.kg_build.knowledge.KnowledgeCodeBase object at 0x7f30087a7e50>
2025-11-19 11:47:59,203 - Knowledge - INFO - persist ingested knowledge for /app/data/T0015/271517/b4715fp/spacetelescope/jwql/website/manage.py
2025-11-19 11:47:59,447 - Knowledge - INFO - [MONGODB_OP] Completed: persist, Collection: file_info, Duration: 87ms
2025-11-19 11:47:59,564 - Knowledge - INFO - [REDIS_OP] Completed: store_embedding, Key: environment_python_3_8.yml, Duration: 454ms
2025-11-19 11:47:59,773 - Knowledge - INFO - persist search terms embedding for environment_python_3_8.yml
2025-11-19 11:47:59,884 - Knowledge - INFO - [REDIS_OP] Completed: store_embedding, Key: jwql/website/manage.py, Duration: 294ms
2025-11-19 11:47:59,922 - Knowledge - INFO - process ingested knowledge for /app/data/T0015/271517/b4715fp/spacetelescope/environment_python_3_8.yml
2025-11-19 11:48:00,047 - Knowledge - INFO - persist search terms embedding for jwql/website/manage.py
2025-11-19 11:48:00,107 - Knowledge - INFO - Found code-base-name: https://github.com/DarssiniRamesh/spacetelescope.git:main
2025-11-19 11:48:00,230 - Knowledge - INFO - process ingested knowledge for /app/data/T0015/271517/b4715fp/spacetelescope/jwql/website/manage.py
2025-11-19 11:48:00,347 - Knowledge - INFO - Found code_base: <app.utils.kg_build.knowledge.KnowledgeCodeBase object at 0x7f453869a8d0>
2025-11-19 11:48:00,407 - Knowledge - INFO - Found code-base-name: https://github.com/DarssiniRamesh/spacetelescope.git:main
2025-11-19 11:48:00,586 - Knowledge - INFO - Found code-base-name: https://github.com/DarssiniRamesh/spacetelescope.git:main
2025-11-19 11:48:00,600 - Knowledge - INFO - Found code_base: <app.utils.kg_build.knowledge.KnowledgeCodeBase object at 0x7f30087a7e50>
2025-11-19 11:48:00,807 - Knowledge - INFO - Found code_base: <app.utils.kg_build.knowledge.KnowledgeCodeBase object at 0x7f453869a8d0>
2025-11-19 11:48:00,824 - Knowledge - INFO - Found code-base-name: https://github.com/DarssiniRamesh/spacetelescope.git:main
2025-11-19 11:48:00,981 - Knowledge - INFO - persist ingested knowledge for /app/data/T0015/271517/b4715fp/spacetelescope/jwql/website/apps/jwql/admin.py
2025-11-19 11:48:00,982 - Knowledge - INFO - Found code_base: <app.utils.kg_build.knowledge.KnowledgeCodeBase object at 0x7f30087a7e50>
2025-11-19 11:48:01,126 - Knowledge - INFO - persist ingested knowledge for /app/data/T0015/271517/b4715fp/spacetelescope/jwql/website/apps/jwql/templates/engineering_database.html
2025-11-19 11:48:01,279 - Knowledge - INFO - [MONGODB_OP] Completed: persist, Collection: file_info, Duration: 96ms
2025-11-19 11:48:01,402 - Knowledge - INFO - [MONGODB_OP] Completed: persist, Collection: file_info, Duration: 84ms
2025-11-19 11:48:01,701 - Knowledge - INFO - [REDIS_OP] Completed: store_embedding, Key: jwql/website/apps/jwql/admin.py, Duration: 240ms
2025-11-19 11:48:01,854 - Knowledge - INFO - [REDIS_OP] Completed: store_embedding, Key: jwql/website/apps/jwql/templates/engineering_database.html, Duration: 289ms
2025-11-19 11:48:01,884 - Knowledge - INFO - persist search terms embedding for jwql/website/apps/jwql/admin.py
2025-11-19 11:48:02,004 - Knowledge - INFO - persist search terms embedding for jwql/website/apps/jwql/templates/engineering_database.html
2025-11-19 11:48:02,044 - Knowledge - INFO - process ingested knowledge for /app/data/T0015/271517/b4715fp/spacetelescope/jwql/website/apps/jwql/admin.py
2025-11-19 11:48:02,177 - Knowledge - INFO - process ingested knowledge for /app/data/T0015/271517/b4715fp/spacetelescope/jwql/website/apps/jwql/templates/engineering_database.html
2025-11-19 11:48:02,217 - Knowledge - INFO - Found code-base-name: https://github.com/DarssiniRamesh/spacetelescope.git:main
2025-11-19 11:48:02,366 - Knowledge - INFO - Found code_base: <app.utils.kg_build.knowledge.KnowledgeCodeBase object at 0x7f453869a8d0>
2025-11-19 11:48:02,379 - Knowledge - INFO - Found code-base-name: https://github.com/DarssiniRamesh/spacetelescope.git:main
2025-11-19 11:48:02,550 - Knowledge - INFO - Found code_base: <app.utils.kg_build.knowledge.KnowledgeCodeBase object at 0x7f30087a7e50>
2025-11-19 11:48:02,657 - Knowledge - INFO - Found code-base-name: https://github.com/DarssiniRamesh/spacetelescope.git:main
2025-11-19 11:48:02,807 - Knowledge - INFO - Found code-base-name: https://github.com/DarssiniRamesh/spacetelescope.git:main
2025-11-19 11:48:02,835 - Knowledge - INFO - Found code_base: <app.utils.kg_build.knowledge.KnowledgeCodeBase object at 0x7f453869a8d0>
2025-11-19 11:48:03,026 - Knowledge - INFO - Found code_base: <app.utils.kg_build.knowledge.KnowledgeCodeBase object at 0x7f30087a7e50>
2025-11-19 11:48:03,042 - Knowledge - INFO - persist ingested knowledge for /app/data/T0015/271517/b4715fp/spacetelescope/jwql/website/manage.py
2025-11-19 11:48:03,169 - Knowledge - INFO - persist ingested knowledge for /app/data/T0015/271517/b4715fp/spacetelescope/jwql/utils/anomaly_query_config.py
2025-11-19 11:48:03,323 - Knowledge - INFO - [MONGODB_OP] Completed: persist, Collection: file_info, Duration: 93ms
2025-11-19 11:48:03,416 - Knowledge - INFO - [MONGODB_OP] Completed: persist, Collection: file_info, Duration: 79ms
2025-11-19 11:48:03,793 - Knowledge - INFO - [REDIS_OP] Completed: store_embedding, Key: jwql/utils/anomaly_query_config.py, Duration: 162ms
2025-11-19 11:48:03,829 - Knowledge - INFO - [REDIS_OP] Completed: store_embedding, Key: jwql/website/manage.py, Duration: 305ms
2025-11-19 11:48:03,980 - Knowledge - INFO - persist search terms embedding for jwql/utils/anomaly_query_config.py
2025-11-19 11:48:04,008 - Knowledge - INFO - persist search terms embedding for jwql/website/manage.py
2025-11-19 11:48:04,124 - Knowledge - INFO - process ingested knowledge for /app/data/T0015/271517/b4715fp/spacetelescope/jwql/utils/anomaly_query_config.py
2025-11-19 11:48:04,157 - Knowledge - INFO - process ingested knowledge for /app/data/T0015/271517/b4715fp/spacetelescope/jwql/website/manage.py
2025-11-19 11:48:04,301 - Knowledge - INFO - Found code-base-name: https://github.com/DarssiniRamesh/spacetelescope.git:main
2025-11-19 11:48:04,318 - Knowledge - INFO - Found code-base-name: https://github.com/DarssiniRamesh/spacetelescope.git:main
2025-11-19 11:48:04,466 - Knowledge - INFO - Found code_base: <app.utils.kg_build.knowledge.KnowledgeCodeBase object at 0x7f453869a8d0>
2025-11-19 11:48:04,541 - Knowledge - INFO - Found code_base: <app.utils.kg_build.knowledge.KnowledgeCodeBase object at 0x7f30087a7e50>
2025-11-19 11:48:04,719 - Knowledge - INFO - Found code-base-name: https://github.com/DarssiniRamesh/spacetelescope.git:main
2025-11-19 11:48:04,785 - Knowledge - INFO - Found code-base-name: https://github.com/DarssiniRamesh/spacetelescope.git:main
2025-11-19 11:48:04,909 - Knowledge - INFO - Found code_base: <app.utils.kg_build.knowledge.KnowledgeCodeBase object at 0x7f453869a8d0>
2025-11-19 11:48:04,940 - Knowledge - INFO - Found code_base: <app.utils.kg_build.knowledge.KnowledgeCodeBase object at 0x7f30087a7e50>
2025-11-19 11:48:05,094 - Knowledge - INFO - persist ingested knowledge for /app/data/T0015/271517/b4715fp/spacetelescope/jwql/website/apps/jwql/templates/engineering_database.html
2025-11-19 11:48:05,142 - Knowledge - INFO - persist ingested knowledge for /app/data/T0015/271517/b4715fp/spacetelescope/jwql/website/apps/jwql/templates/bad_pixel_monitor.html
2025-11-19 11:48:05,348 - Knowledge - INFO - [MONGODB_OP] Completed: persist, Collection: file_info, Duration: 89ms
2025-11-19 11:48:05,443 - Knowledge - INFO - [MONGODB_OP] Completed: persist, Collection: file_info, Duration: 79ms
2025-11-19 11:48:05,802 - Knowledge - INFO - [REDIS_OP] Completed: store_embedding, Key: jwql/website/apps/jwql/templates/engineering_database.html, Duration: 264ms
2025-11-19 11:48:05,924 - Knowledge - INFO - [REDIS_OP] Completed: store_embedding, Key: jwql/website/apps/jwql/templates/bad_pixel_monitor.html, Duration: 279ms
2025-11-19 11:48:05,983 - Knowledge - INFO - persist search terms embedding for jwql/website/apps/jwql/templates/engineering_database.html
2025-11-19 11:48:06,099 - Knowledge - INFO - persist search terms embedding for jwql/website/apps/jwql/templates/bad_pixel_monitor.html
2025-11-19 11:48:06,194 - Knowledge - INFO - process ingested knowledge for /app/data/T0015/271517/b4715fp/spacetelescope/jwql/website/apps/jwql/templates/engineering_database.html
2025-11-19 11:48:06,294 - Knowledge - INFO - process ingested knowledge for /app/data/T0015/271517/b4715fp/spacetelescope/jwql/website/apps/jwql/templates/bad_pixel_monitor.html
2025-11-19 11:48:06,389 - Knowledge - INFO - Found code-base-name: https://github.com/DarssiniRamesh/spacetelescope.git:main
2025-11-19 11:48:06,460 - Knowledge - INFO - Found code-base-name: https://github.com/DarssiniRamesh/spacetelescope.git:main
2025-11-19 11:48:06,568 - Knowledge - INFO - Found code_base: <app.utils.kg_build.knowledge.KnowledgeCodeBase object at 0x7f453869a8d0>
2025-11-19 11:48:06,595 - Knowledge - INFO - Found code_base: <app.utils.kg_build.knowledge.KnowledgeCodeBase object at 0x7f30087a7e50>
2025-11-19 11:48:06,852 - Knowledge - INFO - Found code-base-name: https://github.com/DarssiniRamesh/spacetelescope.git:main
2025-11-19 11:48:06,855 - Knowledge - INFO - Found code-base-name: https://github.com/DarssiniRamesh/spacetelescope.git:main
2025-11-19 11:48:07,061 - Knowledge - INFO - Found code_base: <app.utils.kg_build.knowledge.KnowledgeCodeBase object at 0x7f30087a7e50>
2025-11-19 11:48:07,074 - Knowledge - INFO - Found code_base: <app.utils.kg_build.knowledge.KnowledgeCodeBase object at 0x7f453869a8d0>
2025-11-19 11:48:07,249 - Knowledge - INFO - persist ingested knowledge for /app/data/T0015/271517/b4715fp/spacetelescope/jwql/utils/anomaly_query_config.py
2025-11-19 11:48:07,263 - Knowledge - INFO - persist ingested knowledge for /app/data/T0015/271517/b4715fp/spacetelescope/jwql/database/monitor_table_definitions/nircam/nircam_dark_dark_current.txt
2025-11-19 11:48:07,527 - Knowledge - INFO - [MONGODB_OP] Completed: persist, Collection: file_info, Duration: 108ms
2025-11-19 11:48:07,557 - Knowledge - INFO - [MONGODB_OP] Completed: persist, Collection: file_info, Duration: 97ms
2025-11-19 11:48:07,937 - Knowledge - INFO - [REDIS_OP] Completed: store_embedding, Key: jwql/utils/anomaly_query_config.py, Duration: 265ms
2025-11-19 11:48:08,006 - Knowledge - INFO - [REDIS_OP] Completed: store_embedding, Key: jwql/database/monitor_table_definitions/nircam/nircam_dark_dark_current.txt, Duration: 291ms
2025-11-19 11:48:08,090 - Knowledge - INFO - persist search terms embedding for jwql/utils/anomaly_query_config.py
2025-11-19 11:48:08,152 - Knowledge - INFO - persist search terms embedding for jwql/database/monitor_table_definitions/nircam/nircam_dark_dark_current.txt
2025-11-19 11:48:08,247 - Knowledge - INFO - process ingested knowledge for /app/data/T0015/271517/b4715fp/spacetelescope/jwql/utils/anomaly_query_config.py
2025-11-19 11:48:08,299 - Knowledge - INFO - process ingested knowledge for /app/data/T0015/271517/b4715fp/spacetelescope/jwql/database/monitor_table_definitions/nircam/nircam_dark_dark_current.txt
2025-11-19 11:48:08,428 - Knowledge - INFO - Found code-base-name: https://github.com/DarssiniRamesh/spacetelescope.git:main
2025-11-19 11:48:08,461 - Knowledge - INFO - Found code-base-name: https://github.com/DarssiniRamesh/spacetelescope.git:main
2025-11-19 11:48:08,602 - Knowledge - INFO - Found code_base: <app.utils.kg_build.knowledge.KnowledgeCodeBase object at 0x7f453869a8d0>
2025-11-19 11:48:08,645 - Knowledge - INFO - Found code_base: <app.utils.kg_build.knowledge.KnowledgeCodeBase object at 0x7f30087a7e50>
2025-11-19 11:48:08,839 - Knowledge - INFO - Found code-base-name: https://github.com/DarssiniRamesh/spacetelescope.git:main
2025-11-19 11:48:08,903 - Knowledge - INFO - Found code-base-name: https://github.com/DarssiniRamesh/spacetelescope.git:main
2025-11-19 11:48:08,989 - Knowledge - INFO - Found code_base: <app.utils.kg_build.knowledge.KnowledgeCodeBase object at 0x7f453869a8d0>
2025-11-19 11:48:09,050 - Knowledge - INFO - Found code_base: <app.utils.kg_build.knowledge.KnowledgeCodeBase object at 0x7f30087a7e50>
2025-11-19 11:48:09,189 - Knowledge - INFO - persist ingested knowledge for /app/data/T0015/271517/b4715fp/spacetelescope/jwql/website/apps/jwql/templates/bad_pixel_monitor.html
2025-11-19 11:48:09,213 - Knowledge - INFO - persist ingested knowledge for /app/data/T0015/271517/b4715fp/spacetelescope/jwql/website/apps/jwql/static/js/jquery-3.3.1.min.js
2025-11-19 11:48:09,491 - Knowledge - INFO - [MONGODB_OP] Completed: persist, Collection: file_info, Duration: 86ms
2025-11-19 11:48:09,520 - Knowledge - INFO - [MONGODB_OP] Completed: persist, Collection: file_info, Duration: 80ms
2025-11-19 11:48:09,909 - Knowledge - INFO - [REDIS_OP] Completed: store_embedding, Key: jwql/website/apps/jwql/templates/bad_pixel_monitor.html, Duration: 240ms
2025-11-19 11:48:09,992 - Knowledge - INFO - [REDIS_OP] Completed: store_embedding, Key: jwql/website/apps/jwql/static/js/jquery-3.3.1.min.js, Duration: 284ms
2025-11-19 11:48:10,059 - Knowledge - INFO - persist search terms embedding for jwql/website/apps/jwql/templates/bad_pixel_monitor.html
2025-11-19 11:48:10,175 - Knowledge - INFO - persist search terms embedding for jwql/website/apps/jwql/static/js/jquery-3.3.1.min.js
2025-11-19 11:48:10,255 - Knowledge - INFO - process ingested knowledge for /app/data/T0015/271517/b4715fp/spacetelescope/jwql/website/apps/jwql/templates/bad_pixel_monitor.html
2025-11-19 11:48:10,383 - Knowledge - INFO - process ingested knowledge for /app/data/T0015/271517/b4715fp/spacetelescope/jwql/website/apps/jwql/static/js/jquery-3.3.1.min.js
2025-11-19 11:48:10,428 - Knowledge - INFO - Found code-base-name: https://github.com/DarssiniRamesh/spacetelescope.git:main
2025-11-19 11:48:10,582 - Knowledge - INFO - Loaded 187 files from persisted knowledge
2025-11-19 11:48:10,594 - Knowledge - INFO - Found code_base: <app.utils.kg_build.knowledge.KnowledgeCodeBase object at 0x7f453869a8d0>
2025-11-19 11:48:10,740 - Knowledge - INFO - load persisted knowledge: end
2025-11-19 11:48:10,846 - Knowledge - INFO - Found code-base-name: https://github.com/DarssiniRamesh/spacetelescope.git:main
2025-11-19 11:48:10,947 - Knowledge - INFO - Redis support added with prefix knowledge:b4715fp:
2025-11-19 11:48:11,003 - Knowledge - INFO - Found code_base: <app.utils.kg_build.knowledge.KnowledgeCodeBase object at 0x7f453869a8d0>
2025-11-19 11:48:11,180 - Knowledge - INFO - persist ingested knowledge for /app/data/T0015/271517/b4715fp/spacetelescope/jwql/database/monitor_table_definitions/nircam/nircam_dark_dark_current.txt
2025-11-19 11:48:11,314 - Knowledge - INFO - Starting knowledge initialization for ID: 7ZWUCG-b4715fp
2025-11-19 11:48:11,469 - Knowledge - INFO - [MONGODB_OP] Completed: persist, Collection: file_info, Duration: 93ms
2025-11-19 11:48:11,491 - Knowledge - INFO - 🔍 Checking Redis for build_id: b4715fp
2025-11-19 11:48:11,641 - Knowledge - INFO - 🔍 Full session ID: 7ZWUCG-b4715fp
2025-11-19 11:48:11,815 - Knowledge - INFO - 🔍 Redis prefix will be: knowledge:b4715fp:
2025-11-19 11:48:11,860 - Knowledge - INFO - [REDIS_OP] Completed: store_embedding, Key: jwql/database/monitor_table_definitions/nircam/nircam_dark_dark_current.txt, Duration: 211ms
2025-11-19 11:48:11,952 - Knowledge - INFO - 🔍 Using attached load_from_redis() method
2025-11-19 11:48:12,052 - Knowledge - INFO - persist search terms embedding for jwql/database/monitor_table_definitions/nircam/nircam_dark_dark_current.txt
2025-11-19 11:48:12,127 - Knowledge - INFO - 🔍 Attempting to load knowledge from Redis...
2025-11-19 11:48:12,217 - Knowledge - INFO - process ingested knowledge for /app/data/T0015/271517/b4715fp/spacetelescope/jwql/database/monitor_table_definitions/nircam/nircam_dark_dark_current.txt
2025-11-19 11:48:12,290 - Knowledge - INFO - 🔍 Using derived instance_id for Redis lookup: b4715fp
2025-11-19 11:48:12,390 - Knowledge - INFO - Found code-base-name: https://github.com/DarssiniRamesh/spacetelescope.git:main
2025-11-19 11:48:12,540 - Knowledge - INFO - Found code_base: <app.utils.kg_build.knowledge.KnowledgeCodeBase object at 0x7f453869a8d0>
2025-11-19 11:48:12,803 - Knowledge - INFO - Found code-base-name: https://github.com/DarssiniRamesh/spacetelescope.git:main
2025-11-19 11:48:12,962 - Knowledge - INFO - Found code_base: <app.utils.kg_build.knowledge.KnowledgeCodeBase object at 0x7f453869a8d0>
2025-11-19 11:48:13,103 - Knowledge - INFO - persist ingested knowledge for /app/data/T0015/271517/b4715fp/spacetelescope/jwql/website/apps/jwql/static/js/jquery-3.3.1.min.js
2025-11-19 11:48:13,358 - Knowledge - INFO - [MONGODB_OP] Completed: persist, Collection: file_info, Duration: 104ms
2025-11-19 11:48:13,736 - Knowledge - INFO - [REDIS_OP] Completed: store_embedding, Key: jwql/website/apps/jwql/static/js/jquery-3.3.1.min.js, Duration: 221ms
2025-11-19 11:48:13,929 - Knowledge - INFO - persist search terms embedding for jwql/website/apps/jwql/static/js/jquery-3.3.1.min.js
2025-11-19 11:48:14,106 - Knowledge - INFO - process ingested knowledge for /app/data/T0015/271517/b4715fp/spacetelescope/jwql/website/apps/jwql/static/js/jquery-3.3.1.min.js
2025-11-19 11:48:14,295 - Knowledge - INFO - Loaded 187 files from persisted knowledge
2025-11-19 11:48:14,499 - Knowledge - INFO - load persisted knowledge: end
2025-11-19 11:48:14,614 - Knowledge - INFO - ✅ Redis cache found! Loading knowledge...
2025-11-19 11:48:14,696 - Knowledge - INFO - Redis support added with prefix knowledge:b4715fp:
2025-11-19 11:48:14,826 - Knowledge - INFO - ✅ Successfully loaded from Redis: 237 files
2025-11-19 11:48:14,972 - Knowledge - INFO - ✅ Redis load complete: 187 files in 3.02s
2025-11-19 11:48:15,108 - Knowledge - INFO - Starting knowledge initialization for ID: C6QOPh-b4715fp
2025-11-19 11:48:15,178 - Knowledge - INFO - ⚡ Total Redis path: 3.02s (vs ~300s from disk)
2025-11-19 11:48:15,249 - Knowledge - INFO - 🔍 Checking Redis for build_id: b4715fp
2025-11-19 11:48:15,332 - Knowledge - INFO - Saving knowledge to Redis...
2025-11-19 11:48:15,439 - Knowledge - INFO - 🔍 Full session ID: C6QOPh-b4715fp
2025-11-19 11:48:15,572 - Knowledge - INFO - Knowledge saved to Redis successfully
2025-11-19 11:48:15,653 - Knowledge - INFO - 🔍 Redis prefix will be: knowledge:b4715fp:
2025-11-19 11:48:15,840 - Knowledge - INFO - 🔍 Using attached load_from_redis() method
2025-11-19 11:48:16,026 - Knowledge - INFO - 🔍 Attempting to load knowledge from Redis...
2025-11-19 11:48:16,190 - Knowledge - INFO - 🔍 Using derived instance_id for Redis lookup: b4715fp
2025-11-19 11:48:18,948 - Knowledge - INFO - ✅ Redis cache found! Loading knowledge...
2025-11-19 11:48:19,135 - Knowledge - INFO - ✅ Successfully loaded from Redis: 237 files
2025-11-19 11:48:19,321 - Knowledge - INFO - ✅ Redis load complete: 187 files in 3.48s
2025-11-19 11:48:19,498 - Knowledge - INFO - ⚡ Total Redis path: 3.48s (vs ~300s from disk)
2025-11-19 11:48:19,706 - Knowledge - INFO - Saving knowledge to Redis...
2025-11-19 11:48:19,936 - Knowledge - INFO - Knowledge saved to Redis successfully
