2025-11-19 10:08:45,916 - Knowledge - INFO - Created shared MongoDB connection pool
2025-11-19 10:08:46,242 - Knowledge - INFO - Starting Knowledge Graph processing with 20 threads
2025-11-19 10:08:46,434 - Knowledge - INFO - Initial configuration: chunk_size=65536, max_cache_size=500
2025-11-19 10:08:46,637 - Knowledge - INFO - Knowledge Graph concurrency configuration: workers=20, max_batch_size=25, max_concurrent_llm_calls=50
2025-11-19 10:08:48,257 - Knowledge - INFO - 🔍 _load_persisted_knowledge called - checking for Redis optimization
2025-11-19 10:08:48,401 - Knowledge - WARNING - ❌ load_from_redis method not found - Redis support not attached
2025-11-19 10:08:48,595 - Knowledge - INFO - load persisted knowledge: begin
2025-11-19 10:08:48,773 - Knowledge - INFO - Loaded 0 files from persisted knowledge
2025-11-19 10:08:48,955 - Knowledge - INFO - load persisted knowledge: end
2025-11-19 10:08:49,184 - Knowledge - WARNING - No persisted knowledge found. Files will be queued during start()
2025-11-19 10:08:49,395 - Knowledge - INFO - Redis support added with prefix knowledge:b4715fp:
2025-11-19 10:08:49,772 - Knowledge - INFO - Starting knowledge initialization for ID: BGf6WV-b4715fp
2025-11-19 10:08:49,917 - Knowledge - INFO - 🔍 Checking Redis for build_id: b4715fp
2025-11-19 10:08:50,104 - Knowledge - INFO - 🔍 Full session ID: BGf6WV-b4715fp
2025-11-19 10:08:50,278 - Knowledge - INFO - 🔍 Redis prefix will be: knowledge:b4715fp:
2025-11-19 10:08:50,447 - Knowledge - INFO - 🔍 Using attached load_from_redis() method
2025-11-19 10:08:50,642 - Knowledge - INFO - 🔍 Attempting to load knowledge from Redis...
2025-11-19 10:08:50,826 - Knowledge - INFO - 🔍 Using derived instance_id for Redis lookup: b4715fp
2025-11-19 10:08:53,459 - Knowledge - WARNING - ❌ No Redis cache found
2025-11-19 10:08:55,905 - Knowledge - INFO - 📁 Loading knowledge from disk...
2025-11-19 10:08:56,108 - Knowledge - INFO - load persisted docinfo: begin
2025-11-19 10:08:56,263 - Knowledge - INFO - load persisted docinfo: end
2025-11-19 10:08:56,452 - Knowledge - INFO - 🔍 _load_persisted_knowledge called - checking for Redis optimization
2025-11-19 10:08:56,637 - Knowledge - INFO - ✅ load_from_redis method found - attempting Redis load
2025-11-19 10:08:56,834 - Knowledge - INFO - 🔍 Attempting to load knowledge from Redis...
2025-11-19 10:08:57,009 - Knowledge - INFO - 🔍 Using derived instance_id for Redis lookup: b4715fp
2025-11-19 10:08:59,579 - Knowledge - WARNING - ❌ No Redis cache found
2025-11-19 10:08:59,753 - Knowledge - INFO - ❌ Redis load returned False - falling back to file loading
2025-11-19 10:08:59,955 - Knowledge - INFO - load persisted knowledge: begin
2025-11-19 10:09:00,136 - Knowledge - INFO - Loaded 0 files from persisted knowledge
2025-11-19 10:09:00,291 - Knowledge - INFO - load persisted knowledge: end
2025-11-19 10:09:00,482 - Knowledge - INFO - 📁 Disk load complete in 4.42s
2025-11-19 10:09:00,644 - Knowledge - INFO - Populating ingest queue with source files...
2025-11-19 10:09:01,369 - Knowledge - INFO - Added 237 files from /app/data/T0015/271517/b4715fp/spacetelescope to ingest queue
2025-11-19 10:09:01,550 - Knowledge - INFO - Worker kw1 created using shared MongoDB connection pool
2025-11-19 10:09:01,746 - Knowledge - INFO - knowledge worker kw1 start
2025-11-19 10:09:01,748 - Knowledge - INFO - Worker kw2 created using shared MongoDB connection pool
2025-11-19 10:09:01,925 - Knowledge - INFO - [kw1] Queue=237, InProgress=0, PendingWorkers=0/1, Completed=0/237 (0.0%)
2025-11-19 10:09:02,044 - Knowledge - INFO - knowledge worker kw2 start
2025-11-19 10:09:02,045 - Knowledge - INFO - Worker kw3 created using shared MongoDB connection pool
2025-11-19 10:09:02,139 - Knowledge - INFO - Batch sizing: calculated=15, max_allowed=25, queue=237, active_workers=0/2
2025-11-19 10:09:02,202 - Knowledge - INFO - [kw2] Queue=237, InProgress=0, PendingWorkers=0/2, Completed=0/237 (0.0%)
2025-11-19 10:09:02,299 - Knowledge - INFO - knowledge worker kw3 start
2025-11-19 10:09:02,299 - Knowledge - INFO - Worker kw4 created using shared MongoDB connection pool
2025-11-19 10:09:02,407 - Knowledge - INFO - Worker kw1 processing /app/data/T0015/271517/b4715fp/spacetelescope/CHANGES.rst
2025-11-19 10:09:02,471 - Knowledge - INFO - Batch sizing: calculated=15, max_allowed=25, queue=237, active_workers=1/3
2025-11-19 10:09:02,544 - Knowledge - INFO - [kw3] Queue=222, InProgress=0, PendingWorkers=1/3, Completed=0/237 (0.0%)
2025-11-19 10:09:02,625 - Knowledge - INFO - knowledge worker kw4 start
2025-11-19 10:09:02,625 - Knowledge - INFO - Worker kw5 created using shared MongoDB connection pool
2025-11-19 10:09:02,740 - Knowledge - INFO - Worker kw1 processing /app/data/T0015/271517/b4715fp/spacetelescope/environment_python_3_9.yml
2025-11-19 10:09:02,813 - Knowledge - INFO - Worker kw2 processing /app/data/T0015/271517/b4715fp/spacetelescope/jwql/utils/plotting.py
2025-11-19 10:09:02,885 - Knowledge - INFO - Batch sizing: calculated=15, max_allowed=25, queue=222, active_workers=2/4
2025-11-19 10:09:02,964 - Knowledge - INFO - [kw4] Queue=207, InProgress=0, PendingWorkers=2/4, Completed=0/237 (0.0%)
2025-11-19 10:09:03,073 - Knowledge - INFO - knowledge worker kw5 start
2025-11-19 10:09:03,074 - Knowledge - INFO - Worker kw6 created using shared MongoDB connection pool
2025-11-19 10:09:03,158 - Knowledge - INFO - Fast-tracked /app/data/T0015/271517/b4715fp/spacetelescope/environment_python_3_9.yml (ext=.yml, size=1520)
2025-11-19 10:09:03,284 - Knowledge - INFO - Worker kw2 processing /app/data/T0015/271517/b4715fp/spacetelescope/jwql/utils/utils.py
2025-11-19 10:09:03,403 - Knowledge - INFO - Worker kw3 processing /app/data/T0015/271517/b4715fp/spacetelescope/jwql/example_config.json
2025-11-19 10:09:03,468 - Knowledge - INFO - Batch sizing: calculated=15, max_allowed=25, queue=207, active_workers=3/5
2025-11-19 10:09:03,597 - Knowledge - INFO - [kw5] Queue=192, InProgress=0, PendingWorkers=3/5, Completed=0/237 (0.0%)
2025-11-19 10:09:03,665 - Knowledge - INFO - knowledge worker kw6 start
2025-11-19 10:09:03,666 - Knowledge - INFO - Worker kw7 created using shared MongoDB connection pool
2025-11-19 10:09:03,759 - Knowledge - INFO - Worker kw1 processing /app/data/T0015/271517/b4715fp/spacetelescope/setup.py
2025-11-19 10:09:03,832 - Knowledge - INFO - Worker kw2 processing /app/data/T0015/271517/b4715fp/spacetelescope/jwql/utils/constants.py
2025-11-19 10:09:03,969 - Knowledge - INFO - Fast-tracked /app/data/T0015/271517/b4715fp/spacetelescope/jwql/example_config.json (ext=.json, size=648)
2025-11-19 10:09:04,040 - Knowledge - INFO - Worker kw4 processing /app/data/T0015/271517/b4715fp/spacetelescope/jwql/database/monitor_table_definitions/niriss/niriss_dark_query_history.txt
2025-11-19 10:09:04,129 - Knowledge - INFO - Batch sizing: calculated=12, max_allowed=25, queue=192, active_workers=4/6
2025-11-19 10:09:04,234 - Knowledge - INFO - [kw6] Queue=177, InProgress=0, PendingWorkers=4/6, Completed=0/237 (0.0%)
2025-11-19 10:09:04,325 - Knowledge - INFO - knowledge worker kw7 start
2025-11-19 10:09:04,325 - Knowledge - INFO - Worker kw8 created using shared MongoDB connection pool
2025-11-19 10:09:04,399 - Knowledge - INFO - Fast-tracked /app/data/T0015/271517/b4715fp/spacetelescope/setup.py (ext=.py, size=1457)
2025-11-19 10:09:04,488 - Knowledge - INFO - Worker kw2 processing /app/data/T0015/271517/b4715fp/spacetelescope/jwql/utils/instrument_properties.py
2025-11-19 10:09:04,591 - Knowledge - INFO - Worker kw3 processing /app/data/T0015/271517/b4715fp/spacetelescope/jwql/database/database_interface.py
2025-11-19 10:09:04,677 - Knowledge - INFO - Fast-tracked /app/data/T0015/271517/b4715fp/spacetelescope/jwql/database/monitor_table_definitions/niriss/niriss_dark_query_history.txt (ext=.txt, size=137)
2025-11-19 10:09:04,752 - Knowledge - INFO - Worker kw5 processing /app/data/T0015/271517/b4715fp/spacetelescope/jwql/database/monitor_table_definitions/nircam/nircam_dark_dark_current.txt
2025-11-19 10:09:04,839 - Knowledge - INFO - Batch sizing: calculated=12, max_allowed=25, queue=177, active_workers=5/7
2025-11-19 10:09:04,923 - Knowledge - INFO - [kw7] Queue=165, InProgress=0, PendingWorkers=5/7, Completed=0/237 (0.0%)
2025-11-19 10:09:05,017 - Knowledge - INFO - knowledge worker kw8 start
2025-11-19 10:09:05,017 - Knowledge - INFO - Worker kw9 created using shared MongoDB connection pool
2025-11-19 10:09:05,121 - Knowledge - INFO - Worker kw1 processing /app/data/T0015/271517/b4715fp/spacetelescope/notebooks/keywords_in_multiple_headers.ipynb
2025-11-19 10:09:05,203 - Knowledge - INFO - Worker kw2 processing /app/data/T0015/271517/b4715fp/spacetelescope/jwql/utils/mast_utils.py
2025-11-19 10:09:05,316 - Knowledge - INFO - Worker kw3 processing /app/data/T0015/271517/b4715fp/spacetelescope/jwql/database/monitor_table_definitions/fgs/fgs_dark_dark_current.txt
2025-11-19 10:09:05,436 - Knowledge - INFO - Worker kw4 processing /app/data/T0015/271517/b4715fp/spacetelescope/jwql/database/monitor_table_definitions/niriss/niriss_bad_pixel_query_history.txt
2025-11-19 10:09:05,558 - Knowledge - INFO - Fast-tracked /app/data/T0015/271517/b4715fp/spacetelescope/jwql/database/monitor_table_definitions/nircam/nircam_dark_dark_current.txt (ext=.txt, size=629)
2025-11-19 10:09:05,637 - Knowledge - INFO - Worker kw6 processing /app/data/T0015/271517/b4715fp/spacetelescope/jwql/database/monitor_table_definitions/miri/miri_dark_pixel_stats.txt
2025-11-19 10:09:05,726 - Knowledge - INFO - Batch sizing: calculated=12, max_allowed=25, queue=165, active_workers=6/8
2025-11-19 10:09:05,842 - Knowledge - INFO - [kw8] Queue=153, InProgress=0, PendingWorkers=6/8, Completed=0/237 (0.0%)
2025-11-19 10:09:05,924 - Knowledge - INFO - knowledge worker kw9 start
2025-11-19 10:09:05,924 - Knowledge - INFO - Worker kw10 created using shared MongoDB connection pool
2025-11-19 10:09:06,005 - Knowledge - INFO - Worker kw1 processing /app/data/T0015/271517/b4715fp/spacetelescope/notebooks/database_anomoly_table.ipynb
2025-11-19 10:09:06,099 - Knowledge - INFO - Worker kw2 processing /app/data/T0015/271517/b4715fp/spacetelescope/jwql/utils/anomaly_query_config.py
2025-11-19 10:09:06,204 - Knowledge - INFO - Fast-tracked /app/data/T0015/271517/b4715fp/spacetelescope/jwql/database/monitor_table_definitions/fgs/fgs_dark_dark_current.txt (ext=.txt, size=629)
2025-11-19 10:09:06,273 - Knowledge - INFO - Fast-tracked /app/data/T0015/271517/b4715fp/spacetelescope/jwql/database/monitor_table_definitions/niriss/niriss_bad_pixel_query_history.txt (ext=.txt, size=262)
2025-11-19 10:09:06,390 - Knowledge - INFO - Worker kw5 processing /app/data/T0015/271517/b4715fp/spacetelescope/jwql/database/monitor_table_definitions/nircam/nircam_bad_pixel_query_history.txt
2025-11-19 10:09:06,467 - Knowledge - INFO - Fast-tracked /app/data/T0015/271517/b4715fp/spacetelescope/jwql/database/monitor_table_definitions/miri/miri_dark_pixel_stats.txt (ext=.txt, size=234)
2025-11-19 10:09:06,602 - Knowledge - INFO - Worker kw7 processing /app/data/T0015/271517/b4715fp/spacetelescope/jwql/tests/test_permissions.py
2025-11-19 10:09:06,684 - Knowledge - INFO - Batch sizing: calculated=12, max_allowed=25, queue=153, active_workers=7/9
2025-11-19 10:09:06,776 - Knowledge - INFO - [kw9] Queue=141, InProgress=0, PendingWorkers=7/9, Completed=0/237 (0.0%)
2025-11-19 10:09:06,876 - Knowledge - INFO - knowledge worker kw10 start
2025-11-19 10:09:06,876 - Knowledge - INFO - Worker kw11 created using shared MongoDB connection pool
2025-11-19 10:09:06,944 - Knowledge - INFO - Worker kw1 processing /app/data/T0015/271517/b4715fp/spacetelescope/notebooks/integrating_auth_mast_service.ipynb
2025-11-19 10:09:07,015 - Knowledge - INFO - Fast-tracked /app/data/T0015/271517/b4715fp/spacetelescope/jwql/utils/anomaly_query_config.py (ext=.py, size=1536)
2025-11-19 10:09:07,106 - Knowledge - INFO - Worker kw3 processing /app/data/T0015/271517/b4715fp/spacetelescope/jwql/database/monitor_table_definitions/fgs/fgs_dark_pixel_stats.txt
2025-11-19 10:09:07,189 - Knowledge - INFO - Worker kw4 processing /app/data/T0015/271517/b4715fp/spacetelescope/jwql/database/monitor_table_definitions/niriss/niriss_bad_pixel_stats.txt
2025-11-19 10:09:07,304 - Knowledge - INFO - Fast-tracked /app/data/T0015/271517/b4715fp/spacetelescope/jwql/database/monitor_table_definitions/nircam/nircam_bad_pixel_query_history.txt (ext=.txt, size=262)
2025-11-19 10:09:07,373 - Knowledge - INFO - Worker kw6 processing /app/data/T0015/271517/b4715fp/spacetelescope/jwql/database/reset_database.py
2025-11-19 10:09:07,464 - Knowledge - INFO - Fast-tracked /app/data/T0015/271517/b4715fp/spacetelescope/jwql/tests/test_permissions.py (ext=.py, size=4106)
2025-11-19 10:09:07,557 - Knowledge - INFO - Worker kw8 processing /app/data/T0015/271517/b4715fp/spacetelescope/jwql/tests/test_utils.py
2025-11-19 10:09:07,636 - Knowledge - INFO - Batch sizing: calculated=12, max_allowed=25, queue=141, active_workers=8/10
2025-11-19 10:09:07,745 - Knowledge - INFO - [kw10] Queue=129, InProgress=0, PendingWorkers=8/10, Completed=0/237 (0.0%)
2025-11-19 10:09:07,851 - Knowledge - INFO - knowledge worker kw11 start
2025-11-19 10:09:07,851 - Knowledge - INFO - Worker kw12 created using shared MongoDB connection pool
2025-11-19 10:09:07,969 - Knowledge - INFO - Worker kw1 processing /app/data/T0015/271517/b4715fp/spacetelescope/notebooks/edb_mnemonic_query.ipynb
2025-11-19 10:09:08,039 - Knowledge - INFO - Worker kw2 processing /app/data/T0015/271517/b4715fp/spacetelescope/jwql/utils/organize_filesystem.py
2025-11-19 10:09:08,133 - Knowledge - INFO - Fast-tracked /app/data/T0015/271517/b4715fp/spacetelescope/jwql/database/monitor_table_definitions/fgs/fgs_dark_pixel_stats.txt (ext=.txt, size=234)
2025-11-19 10:09:08,232 - Knowledge - INFO - Fast-tracked /app/data/T0015/271517/b4715fp/spacetelescope/jwql/database/monitor_table_definitions/niriss/niriss_bad_pixel_stats.txt (ext=.txt, size=205)
2025-11-19 10:09:08,304 - Knowledge - INFO - Worker kw5 processing /app/data/T0015/271517/b4715fp/spacetelescope/jwql/database/monitor_table_definitions/nircam/nircam_bad_pixel_stats.txt
2025-11-19 10:09:08,370 - Knowledge - INFO - Fast-tracked /app/data/T0015/271517/b4715fp/spacetelescope/jwql/database/reset_database.py (ext=.py, size=1210)
2025-11-19 10:09:08,462 - Knowledge - INFO - Worker kw7 processing /app/data/T0015/271517/b4715fp/spacetelescope/jwql/tests/test_preview_image.py
2025-11-19 10:09:08,556 - Knowledge - INFO - Fast-tracked /app/data/T0015/271517/b4715fp/spacetelescope/jwql/tests/test_utils.py (ext=.py, size=11679)
2025-11-19 10:09:08,684 - Knowledge - INFO - Worker kw9 processing /app/data/T0015/271517/b4715fp/spacetelescope/jwql/instrument_monitors/nirspec_monitors/data_trending/plots/fpe_fpa_tab.py
2025-11-19 10:09:08,786 - Knowledge - INFO - Batch sizing: calculated=12, max_allowed=25, queue=129, active_workers=9/11
2025-11-19 10:09:08,874 - Knowledge - INFO - [kw11] Queue=117, InProgress=0, PendingWorkers=9/11, Completed=0/237 (0.0%)
2025-11-19 10:09:08,953 - Knowledge - INFO - Worker kw13 created using shared MongoDB connection pool
2025-11-19 10:09:08,953 - Knowledge - INFO - knowledge worker kw12 start
2025-11-19 10:09:09,062 - Knowledge - INFO - Worker kw1 processing /app/data/T0015/271517/b4715fp/spacetelescope/notebooks/test_mast_api.ipynb
2025-11-19 10:09:09,157 - Knowledge - INFO - Worker kw2 processing /app/data/T0015/271517/b4715fp/spacetelescope/jwql/utils/monitor_template.py
2025-11-19 10:09:09,230 - Knowledge - INFO - Worker kw3 processing /app/data/T0015/271517/b4715fp/spacetelescope/jwql/database/monitor_table_definitions/fgs/fgs_dark_query_history.txt
2025-11-19 10:09:09,323 - Knowledge - INFO - Worker kw4 processing /app/data/T0015/271517/b4715fp/spacetelescope/jwql/database/monitor_table_definitions/nirspec/nirspec_dark_pixel_stats.txt
2025-11-19 10:09:09,394 - Knowledge - INFO - Fast-tracked /app/data/T0015/271517/b4715fp/spacetelescope/jwql/database/monitor_table_definitions/nircam/nircam_bad_pixel_stats.txt (ext=.txt, size=205)
2025-11-19 10:09:09,495 - Knowledge - INFO - Worker kw6 processing /app/data/T0015/271517/b4715fp/spacetelescope/jwql/bokeh_templating/example/main.py
2025-11-19 10:09:09,573 - Knowledge - INFO - Fast-tracked /app/data/T0015/271517/b4715fp/spacetelescope/jwql/tests/test_preview_image.py (ext=.py, size=3880)
2025-11-19 10:09:09,655 - Knowledge - INFO - Worker kw8 processing /app/data/T0015/271517/b4715fp/spacetelescope/jwql/tests/test_readnoise_monitor.py
2025-11-19 10:09:09,756 - Knowledge - INFO - Worker kw9 processing /app/data/T0015/271517/b4715fp/spacetelescope/jwql/instrument_monitors/nirspec_monitors/data_trending/plots/temperature_tab.py
2025-11-19 10:09:09,863 - Knowledge - INFO - Worker kw10 processing /app/data/T0015/271517/b4715fp/spacetelescope/jwql/instrument_monitors/common_monitors/dark_monitor.py
2025-11-19 10:09:09,971 - Knowledge - INFO - Batch sizing: calculated=12, max_allowed=25, queue=117, active_workers=10/12
2025-11-19 10:09:10,054 - Knowledge - INFO - knowledge worker kw13 start
2025-11-19 10:09:10,054 - Knowledge - INFO - Worker kw14 created using shared MongoDB connection pool
2025-11-19 10:09:10,129 - Knowledge - INFO - [kw12] Queue=105, InProgress=0, PendingWorkers=10/13, Completed=0/237 (0.0%)
2025-11-19 10:09:10,241 - Knowledge - INFO - Worker kw1 processing /app/data/T0015/271517/b4715fp/spacetelescope/requirements.txt
2025-11-19 10:09:10,336 - Knowledge - INFO - Worker kw2 processing /app/data/T0015/271517/b4715fp/spacetelescope/jwql/utils/logging_functions.py
2025-11-19 10:09:10,425 - Knowledge - INFO - Fast-tracked /app/data/T0015/271517/b4715fp/spacetelescope/jwql/database/monitor_table_definitions/fgs/fgs_dark_query_history.txt (ext=.txt, size=137)
2025-11-19 10:09:10,535 - Knowledge - INFO - Fast-tracked /app/data/T0015/271517/b4715fp/spacetelescope/jwql/database/monitor_table_definitions/nirspec/nirspec_dark_pixel_stats.txt (ext=.txt, size=234)
2025-11-19 10:09:10,642 - Knowledge - INFO - Worker kw5 processing /app/data/T0015/271517/b4715fp/spacetelescope/jwql/database/monitor_table_definitions/nircam/nircam_readnoise_query_history.txt
2025-11-19 10:09:10,720 - Knowledge - INFO - Fast-tracked /app/data/T0015/271517/b4715fp/spacetelescope/jwql/bokeh_templating/example/main.py (ext=.py, size=1737)
2025-11-19 10:09:10,831 - Knowledge - INFO - Worker kw7 processing /app/data/T0015/271517/b4715fp/spacetelescope/jwql/tests/test_edb.py
2025-11-19 10:09:10,897 - Knowledge - INFO - Fast-tracked /app/data/T0015/271517/b4715fp/spacetelescope/jwql/tests/test_readnoise_monitor.py (ext=.py, size=4047)
2025-11-19 10:09:10,963 - Knowledge - INFO - Worker kw9 processing /app/data/T0015/271517/b4715fp/spacetelescope/jwql/instrument_monitors/nirspec_monitors/data_trending/plots/voltage_tab.py
2025-11-19 10:09:11,039 - Knowledge - INFO - Worker kw10 processing /app/data/T0015/271517/b4715fp/spacetelescope/jwql/instrument_monitors/common_monitors/readnoise_monitor.py
2025-11-19 10:09:11,111 - Knowledge - INFO - Worker kw11 processing /app/data/T0015/271517/b4715fp/spacetelescope/jwql/instrument_monitors/miri_monitors/data_trending/plots/fpe_voltage_tab.py
2025-11-19 10:09:11,225 - Knowledge - INFO - [kw13] Queue=93, InProgress=0, PendingWorkers=11/13, Completed=0/237 (0.0%)
2025-11-19 10:09:11,320 - Knowledge - INFO - knowledge worker kw14 start
2025-11-19 10:09:11,321 - Knowledge - INFO - Worker kw15 created using shared MongoDB connection pool
2025-11-19 10:09:11,397 - Knowledge - INFO - Batch sizing: calculated=12, max_allowed=25, queue=105, active_workers=11/14
2025-11-19 10:09:11,510 - Knowledge - INFO - Fast-tracked /app/data/T0015/271517/b4715fp/spacetelescope/requirements.txt (ext=.txt, size=602)
2025-11-19 10:09:11,597 - Knowledge - INFO - Worker kw2 processing /app/data/T0015/271517/b4715fp/spacetelescope/jwql/utils/calculations.py
2025-11-19 10:09:11,678 - Knowledge - INFO - Worker kw3 processing /app/data/T0015/271517/b4715fp/spacetelescope/jwql/database/monitor_table_definitions/fgs/fgs_readnoise_stats.txt
2025-11-19 10:09:11,789 - Knowledge - INFO - Worker kw4 processing /app/data/T0015/271517/b4715fp/spacetelescope/jwql/database/monitor_table_definitions/nirspec/nirspec_bias_query_history.txt
2025-11-19 10:09:11,887 - Knowledge - INFO - Fast-tracked /app/data/T0015/271517/b4715fp/spacetelescope/jwql/database/monitor_table_definitions/nircam/nircam_readnoise_query_history.txt (ext=.txt, size=160)
2025-11-19 10:09:11,951 - Knowledge - INFO - Worker kw6 processing /app/data/T0015/271517/b4715fp/spacetelescope/jwql/bokeh_templating/example/example_interface.yaml
2025-11-19 10:09:12,030 - Knowledge - INFO - Fast-tracked /app/data/T0015/271517/b4715fp/spacetelescope/jwql/tests/test_edb.py (ext=.py, size=1882)
2025-11-19 10:09:12,134 - Knowledge - INFO - Worker kw8 processing /app/data/T0015/271517/b4715fp/spacetelescope/jwql/tests/test_plotting.py
2025-11-19 10:09:12,243 - Knowledge - INFO - Worker kw9 processing /app/data/T0015/271517/b4715fp/spacetelescope/jwql/instrument_monitors/nirspec_monitors/data_trending/dt_cron_job.py
2025-11-19 10:09:12,345 - Knowledge - INFO - Worker kw10 processing /app/data/T0015/271517/b4715fp/spacetelescope/jwql/instrument_monitors/common_monitors/bad_pixel_file_thresholds.txt
2025-11-19 10:09:12,454 - Knowledge - INFO - Worker kw11 processing /app/data/T0015/271517/b4715fp/spacetelescope/jwql/instrument_monitors/miri_monitors/data_trending/plots/temperature_tab.py
2025-11-19 10:09:12,525 - Knowledge - INFO - Batch sizing: calculated=10, max_allowed=25, queue=93, active_workers=11/14
2025-11-19 10:09:12,604 - Knowledge - INFO - [kw14] Queue=93, InProgress=0, PendingWorkers=11/14, Completed=0/237 (0.0%)
2025-11-19 10:09:12,672 - Knowledge - INFO - knowledge worker kw15 start
2025-11-19 10:09:12,673 - Knowledge - INFO - Worker kw16 created using shared MongoDB connection pool
2025-11-19 10:09:12,757 - Knowledge - INFO - Worker kw12 processing /app/data/T0015/271517/b4715fp/spacetelescope/jwql/website/jwql_proj/wsgi.py
2025-11-19 10:09:12,846 - Knowledge - INFO - Worker kw1 processing /app/data/T0015/271517/b4715fp/spacetelescope/jwql/jwql_monitors/generate_preview_images.py
2025-11-19 10:09:12,962 - Knowledge - INFO - Worker kw2 processing /app/data/T0015/271517/b4715fp/spacetelescope/jwql/utils/credentials.py
2025-11-19 10:09:13,033 - Knowledge - INFO - Fast-tracked /app/data/T0015/271517/b4715fp/spacetelescope/jwql/database/monitor_table_definitions/fgs/fgs_readnoise_stats.txt (ext=.txt, size=818)
2025-11-19 10:09:13,102 - Knowledge - INFO - Fast-tracked /app/data/T0015/271517/b4715fp/spacetelescope/jwql/database/monitor_table_definitions/nirspec/nirspec_bias_query_history.txt (ext=.txt, size=160)
2025-11-19 10:09:13,188 - Knowledge - INFO - Worker kw5 processing /app/data/T0015/271517/b4715fp/spacetelescope/jwql/database/monitor_table_definitions/nircam/nircam_readnoise_stats.txt
2025-11-19 10:09:13,268 - Knowledge - INFO - Fast-tracked /app/data/T0015/271517/b4715fp/spacetelescope/jwql/bokeh_templating/example/example_interface.yaml (ext=.yaml, size=972)
2025-11-19 10:09:13,363 - Knowledge - INFO - Worker kw7 processing /app/data/T0015/271517/b4715fp/spacetelescope/jwql/tests/test_bad_pixel_monitor.py
2025-11-19 10:09:13,445 - Knowledge - INFO - Fast-tracked /app/data/T0015/271517/b4715fp/spacetelescope/jwql/tests/test_plotting.py (ext=.py, size=1994)
2025-11-19 10:09:13,524 - Knowledge - INFO - Worker kw9 processing /app/data/T0015/271517/b4715fp/spacetelescope/jwql/instrument_monitors/nirspec_monitors/data_trending/utils/mnemonics.py
2025-11-19 10:09:13,613 - Knowledge - INFO - Fast-tracked /app/data/T0015/271517/b4715fp/spacetelescope/jwql/instrument_monitors/common_monitors/bad_pixel_file_thresholds.txt (ext=.txt, size=9594)
2025-11-19 10:09:13,732 - Knowledge - INFO - Worker kw11 processing /app/data/T0015/271517/b4715fp/spacetelescope/jwql/instrument_monitors/miri_monitors/data_trending/plots/ice_voltage_tab.py
2025-11-19 10:09:13,804 - Knowledge - INFO - Worker kw13 processing /app/data/T0015/271517/b4715fp/spacetelescope/jwql/website/apps/jwql/static/js/jquery-3.3.1.min.js
2025-11-19 10:09:13,915 - Knowledge - INFO - Batch sizing: calculated=10, max_allowed=25, queue=93, active_workers=13/15
2025-11-19 10:09:14,006 - Knowledge - INFO - [kw15] Queue=71, InProgress=0, PendingWorkers=13/15, Completed=0/237 (0.0%)
2025-11-19 10:09:14,104 - Knowledge - INFO - knowledge worker kw16 start
2025-11-19 10:09:14,104 - Knowledge - INFO - Worker kw17 created using shared MongoDB connection pool
2025-11-19 10:09:14,205 - Knowledge - INFO - Fast-tracked /app/data/T0015/271517/b4715fp/spacetelescope/jwql/website/jwql_proj/wsgi.py (ext=.py, size=518)
2025-11-19 10:09:14,307 - Knowledge - INFO - Worker kw1 processing /app/data/T0015/271517/b4715fp/spacetelescope/jwql/jwql_monitors/create_initial_preview_and_thumbnail_listfiles.py
2025-11-19 10:09:14,416 - Knowledge - INFO - Worker kw2 processing /app/data/T0015/271517/b4715fp/spacetelescope/jwql/utils/crds_tools.py
2025-11-19 10:09:14,486 - Knowledge - INFO - Worker kw3 processing /app/data/T0015/271517/b4715fp/spacetelescope/jwql/database/monitor_table_definitions/fgs/fgs_readnoise_query_history.txt
2025-11-19 10:09:14,599 - Knowledge - INFO - Worker kw4 processing /app/data/T0015/271517/b4715fp/spacetelescope/jwql/database/monitor_table_definitions/nirspec/nirspec_dark_dark_current.txt
2025-11-19 10:09:14,706 - Knowledge - INFO - Fast-tracked /app/data/T0015/271517/b4715fp/spacetelescope/jwql/database/monitor_table_definitions/nircam/nircam_readnoise_stats.txt (ext=.txt, size=818)
2025-11-19 10:09:14,773 - Knowledge - INFO - Worker kw6 processing /app/data/T0015/271517/b4715fp/spacetelescope/jwql/bokeh_templating/keyword_map.py
2025-11-19 10:09:14,843 - Knowledge - INFO - Fast-tracked /app/data/T0015/271517/b4715fp/spacetelescope/jwql/tests/test_bad_pixel_monitor.py (ext=.py, size=7578)
2025-11-19 10:09:14,950 - Knowledge - INFO - Worker kw8 processing /app/data/T0015/271517/b4715fp/spacetelescope/jwql/tests/test_setup.py
2025-11-19 10:09:15,064 - Knowledge - INFO - Worker kw9 processing /app/data/T0015/271517/b4715fp/spacetelescope/jwql/instrument_monitors/nirspec_monitors/data_trending/utils/condition.py
2025-11-19 10:09:15,135 - Knowledge - INFO - Worker kw10 processing /app/data/T0015/271517/b4715fp/spacetelescope/jwql/instrument_monitors/common_monitors/bad_pixel_monitor.py
2025-11-19 10:09:15,221 - Knowledge - INFO - Worker kw11 processing /app/data/T0015/271517/b4715fp/spacetelescope/jwql/instrument_monitors/miri_monitors/data_trending/dt_cron_job.py
2025-11-19 10:09:15,299 - Knowledge - INFO - Fast-tracked /app/data/T0015/271517/b4715fp/spacetelescope/jwql/website/apps/jwql/static/js/jquery-3.3.1.min.js (ext=.js, size=86926)
2025-11-19 10:09:15,389 - Knowledge - INFO - Worker kw14 processing /app/data/T0015/271517/b4715fp/spacetelescope/jwql/website/apps/jwql/urls.py
2025-11-19 10:09:15,478 - Knowledge - INFO - Batch sizing: calculated=10, max_allowed=25, queue=71, active_workers=14/16
2025-11-19 10:09:15,548 - Knowledge - INFO - [kw16] Queue=61, InProgress=0, PendingWorkers=14/16, Completed=0/237 (0.0%)
2025-11-19 10:09:15,683 - Knowledge - INFO - knowledge worker kw17 start
2025-11-19 10:09:15,683 - Knowledge - INFO - Worker kw18 created using shared MongoDB connection pool
2025-11-19 10:09:15,804 - Knowledge - INFO - Worker kw12 processing /app/data/T0015/271517/b4715fp/spacetelescope/jwql/website/jwql_proj/jinja2.py
2025-11-19 10:09:15,928 - Knowledge - INFO - Fast-tracked /app/data/T0015/271517/b4715fp/spacetelescope/jwql/jwql_monitors/create_initial_preview_and_thumbnail_listfiles.py (ext=.py, size=1878)
2025-11-19 10:09:16,042 - Knowledge - INFO - Worker kw2 processing /app/data/T0015/271517/b4715fp/spacetelescope/jwql/utils/permissions.py
2025-11-19 10:09:16,171 - Knowledge - INFO - Fast-tracked /app/data/T0015/271517/b4715fp/spacetelescope/jwql/database/monitor_table_definitions/fgs/fgs_readnoise_query_history.txt (ext=.txt, size=160)
2025-11-19 10:09:16,282 - Knowledge - INFO - Fast-tracked /app/data/T0015/271517/b4715fp/spacetelescope/jwql/database/monitor_table_definitions/nirspec/nirspec_dark_dark_current.txt (ext=.txt, size=629)
2025-11-19 10:09:16,396 - Knowledge - INFO - Worker kw5 processing /app/data/T0015/271517/b4715fp/spacetelescope/jwql/database/monitor_table_definitions/nircam/nircam_dark_query_history.txt
2025-11-19 10:09:16,474 - Knowledge - INFO - Fast-tracked /app/data/T0015/271517/b4715fp/spacetelescope/jwql/bokeh_templating/keyword_map.py (ext=.py, size=1874)
2025-11-19 10:09:16,577 - Knowledge - INFO - Worker kw7 processing /app/data/T0015/271517/b4715fp/spacetelescope/jwql/tests/test_data_containers.py
2025-11-19 10:09:16,675 - Knowledge - INFO - Fast-tracked /app/data/T0015/271517/b4715fp/spacetelescope/jwql/tests/test_setup.py (ext=.py, size=528)
2025-11-19 10:09:16,760 - Knowledge - INFO - Worker kw9 processing /app/data/T0015/271517/b4715fp/spacetelescope/jwql/instrument_monitors/nirspec_monitors/data_trending/utils/csv_to_AstropyTable.py
2025-11-19 10:09:16,850 - Knowledge - INFO - Worker kw10 processing /app/data/T0015/271517/b4715fp/spacetelescope/jwql/instrument_monitors/common_monitors/dark_monitor_file_thresholds.txt
2025-11-19 10:09:16,929 - Knowledge - INFO - Worker kw11 processing /app/data/T0015/271517/b4715fp/spacetelescope/jwql/instrument_monitors/miri_monitors/data_trending/utils/mnemonics.py
2025-11-19 10:09:17,038 - Knowledge - INFO - Worker kw13 processing /app/data/T0015/271517/b4715fp/spacetelescope/jwql/website/apps/jwql/static/js/bootstrap.bundle.min.js
2025-11-19 10:09:17,124 - Knowledge - INFO - Worker kw14 processing /app/data/T0015/271517/b4715fp/spacetelescope/jwql/website/apps/jwql/db.py
2025-11-19 10:09:17,220 - Knowledge - INFO - Worker kw15 processing /app/data/T0015/271517/b4715fp/spacetelescope/jwql/website/apps/jwql/monitor_pages/monitor_bias_bokeh.py
2025-11-19 10:09:17,301 - Knowledge - INFO - Batch sizing: calculated=10, max_allowed=25, queue=61, active_workers=15/17
2025-11-19 10:09:17,373 - Knowledge - INFO - [kw17] Queue=51, InProgress=0, PendingWorkers=15/17, Completed=0/237 (0.0%)
2025-11-19 10:09:17,445 - Knowledge - INFO - knowledge worker kw18 start
2025-11-19 10:09:17,446 - Knowledge - INFO - Worker kw19 created using shared MongoDB connection pool
2025-11-19 10:09:17,526 - Knowledge - INFO - Fast-tracked /app/data/T0015/271517/b4715fp/spacetelescope/jwql/website/jwql_proj/jinja2.py (ext=.py, size=1954)
2025-11-19 10:09:17,606 - Knowledge - INFO - Worker kw1 processing /app/data/T0015/271517/b4715fp/spacetelescope/jwql/jwql_monitors/monitor_cron_jobs.py
2025-11-19 10:09:17,688 - Knowledge - INFO - Worker kw2 processing /app/data/T0015/271517/b4715fp/spacetelescope/jwql/utils/preview_image.py
2025-11-19 10:09:17,800 - Knowledge - INFO - Worker kw3 processing /app/data/T0015/271517/b4715fp/spacetelescope/jwql/database/monitor_table_definitions/fgs/fgs_bad_pixel_stats.txt
2025-11-19 10:09:17,877 - Knowledge - INFO - Worker kw4 processing /app/data/T0015/271517/b4715fp/spacetelescope/jwql/database/monitor_table_definitions/nirspec/nirspec_bias_stats.txt
2025-11-19 10:09:17,982 - Knowledge - INFO - Fast-tracked /app/data/T0015/271517/b4715fp/spacetelescope/jwql/database/monitor_table_definitions/nircam/nircam_dark_query_history.txt (ext=.txt, size=137)
2025-11-19 10:09:18,070 - Knowledge - INFO - Worker kw6 processing /app/data/T0015/271517/b4715fp/spacetelescope/jwql/bokeh_templating/template.py
2025-11-19 10:09:18,172 - Knowledge - INFO - Fast-tracked /app/data/T0015/271517/b4715fp/spacetelescope/jwql/tests/test_data_containers.py (ext=.py, size=6502)
2025-11-19 10:09:18,254 - Knowledge - INFO - Worker kw8 processing /app/data/T0015/271517/b4715fp/spacetelescope/jwql/tests/test_dark_monitor.py
2025-11-19 10:09:18,341 - Knowledge - INFO - Worker kw9 processing /app/data/T0015/271517/b4715fp/spacetelescope/jwql/instrument_monitors/nirspec_monitors/data_trending/utils/sql_interface.py
2025-11-19 10:09:18,448 - Knowledge - INFO - Fast-tracked /app/data/T0015/271517/b4715fp/spacetelescope/jwql/instrument_monitors/common_monitors/dark_monitor_file_thresholds.txt (ext=.txt, size=15925)
2025-11-19 10:09:18,550 - Knowledge - INFO - Worker kw11 processing /app/data/T0015/271517/b4715fp/spacetelescope/jwql/instrument_monitors/miri_monitors/data_trending/utils/condition.py
2025-11-19 10:09:18,662 - Knowledge - INFO - Fast-tracked /app/data/T0015/271517/b4715fp/spacetelescope/jwql/website/apps/jwql/static/js/bootstrap.bundle.min.js (ext=.js, size=67742)
2025-11-19 10:09:18,769 - Knowledge - INFO - Worker kw14 processing /app/data/T0015/271517/b4715fp/spacetelescope/jwql/website/apps/jwql/tests/test_context_processors.py
2025-11-19 10:09:18,874 - Knowledge - INFO - Worker kw15 processing /app/data/T0015/271517/b4715fp/spacetelescope/jwql/website/apps/jwql/monitor_pages/yaml/monitor_readnoise_interface.yaml
2025-11-19 10:09:18,947 - Knowledge - INFO - Worker kw16 processing /app/data/T0015/271517/b4715fp/spacetelescope/jwql/website/apps/jwql/templates/view_image.html
2025-11-19 10:09:19,038 - Knowledge - INFO - Batch sizing: calculated=10, max_allowed=25, queue=51, active_workers=16/18
2025-11-19 10:09:19,156 - Knowledge - INFO - [kw18] Queue=41, InProgress=0, PendingWorkers=16/18, Completed=0/237 (0.0%)
2025-11-19 10:09:19,246 - Knowledge - INFO - knowledge worker kw19 start
2025-11-19 10:09:19,247 - Knowledge - INFO - Worker kw20 created using shared MongoDB connection pool
2025-11-19 10:09:19,383 - Knowledge - INFO - Worker kw12 processing /app/data/T0015/271517/b4715fp/spacetelescope/jwql/website/jwql_proj/urls.py
2025-11-19 10:09:19,494 - Knowledge - INFO - Worker kw1 processing /app/data/T0015/271517/b4715fp/spacetelescope/jwql/jwql_monitors/monitor_mast.py
2025-11-19 10:09:19,568 - Knowledge - INFO - Worker kw2 processing /app/data/T0015/271517/b4715fp/spacetelescope/jwql/utils/monitor_utils.py
2025-11-19 10:09:19,670 - Knowledge - INFO - Fast-tracked /app/data/T0015/271517/b4715fp/spacetelescope/jwql/database/monitor_table_definitions/fgs/fgs_bad_pixel_stats.txt (ext=.txt, size=205)
2025-11-19 10:09:19,764 - Knowledge - INFO - Fast-tracked /app/data/T0015/271517/b4715fp/spacetelescope/jwql/database/monitor_table_definitions/nirspec/nirspec_bias_stats.txt (ext=.txt, size=436)
2025-11-19 10:09:19,878 - Knowledge - INFO - Worker kw5 processing /app/data/T0015/271517/b4715fp/spacetelescope/jwql/database/monitor_table_definitions/miri/miri_bad_pixel_stats.txt
2025-11-19 10:09:19,951 - Knowledge - INFO - Worker kw6 processing /app/data/T0015/271517/b4715fp/spacetelescope/jwql/bokeh_templating/__init__.py
2025-11-19 10:09:20,069 - Knowledge - INFO - Worker kw7 processing /app/data/T0015/271517/b4715fp/spacetelescope/jwql/tests/test_logging_functions.py
2025-11-19 10:09:20,163 - Knowledge - INFO - Fast-tracked /app/data/T0015/271517/b4715fp/spacetelescope/jwql/tests/test_dark_monitor.py (ext=.py, size=4091)
2025-11-19 10:09:20,267 - Knowledge - INFO - Worker kw9 processing /app/data/T0015/271517/b4715fp/spacetelescope/jwql/instrument_monitors/nirspec_monitors/data_trending/utils/process_data.py
2025-11-19 10:09:20,371 - Knowledge - INFO - Worker kw10 processing /app/data/T0015/271517/b4715fp/spacetelescope/jwql/instrument_monitors/common_monitors/bias_monitor.py
2025-11-19 10:09:20,449 - Knowledge - INFO - Worker kw11 processing /app/data/T0015/271517/b4715fp/spacetelescope/jwql/instrument_monitors/miri_monitors/data_trending/utils/csv_to_AstropyTable.py
2025-11-19 10:09:20,528 - Knowledge - INFO - Worker kw13 processing /app/data/T0015/271517/b4715fp/spacetelescope/jwql/website/apps/jwql/static/js/popper.min.js
2025-11-19 10:09:20,626 - Knowledge - INFO - Fast-tracked /app/data/T0015/271517/b4715fp/spacetelescope/jwql/website/apps/jwql/tests/test_context_processors.py (ext=.py, size=1137)
2025-11-19 10:09:20,722 - Knowledge - INFO - Fast-tracked /app/data/T0015/271517/b4715fp/spacetelescope/jwql/website/apps/jwql/monitor_pages/yaml/monitor_readnoise_interface.yaml (ext=.yaml, size=5955)
2025-11-19 10:09:20,801 - Knowledge - INFO - Worker kw16 processing /app/data/T0015/271517/b4715fp/spacetelescope/jwql/website/apps/jwql/templates/readnoise_monitor.html
2025-11-19 10:09:20,888 - Knowledge - INFO - Worker kw17 processing /app/data/T0015/271517/b4715fp/spacetelescope/jwql/website/apps/jwql/templates/view_header.html
2025-11-19 10:09:20,998 - Knowledge - INFO - Batch sizing: calculated=10, max_allowed=25, queue=41, active_workers=17/19
2025-11-19 10:09:21,072 - Knowledge - INFO - [kw19] Queue=31, InProgress=0, PendingWorkers=17/19, Completed=0/237 (0.0%)
2025-11-19 10:09:21,176 - Knowledge - INFO - knowledge worker kw20 start
2025-11-19 10:09:21,276 - Knowledge - INFO - Fast-tracked /app/data/T0015/271517/b4715fp/spacetelescope/jwql/website/jwql_proj/urls.py (ext=.py, size=1906)
2025-11-19 10:09:21,376 - Knowledge - INFO - Worker kw1 processing /app/data/T0015/271517/b4715fp/spacetelescope/jwql/jwql_monitors/monitor_filesystem.py
2025-11-19 10:09:21,489 - Knowledge - INFO - Fast-tracked /app/data/T0015/271517/b4715fp/spacetelescope/jwql/utils/plotting.py (small file (2470 bytes))
2025-11-19 10:09:21,561 - Knowledge - INFO - Worker kw3 processing /app/data/T0015/271517/b4715fp/spacetelescope/jwql/database/monitor_table_definitions/fgs/fgs_bad_pixel_query_history.txt
2025-11-19 10:09:21,631 - Knowledge - INFO - Worker kw4 processing /app/data/T0015/271517/b4715fp/spacetelescope/jwql/database/monitor_table_definitions/nirspec/nirspec_readnoise_query_history.txt
2025-11-19 10:09:21,703 - Knowledge - INFO - Fast-tracked /app/data/T0015/271517/b4715fp/spacetelescope/jwql/database/monitor_table_definitions/miri/miri_bad_pixel_stats.txt (ext=.txt, size=205)
2025-11-19 10:09:21,798 - Knowledge - INFO - Fast-tracked /app/data/T0015/271517/b4715fp/spacetelescope/jwql/bokeh_templating/__init__.py (ext=.py, size=36)
2025-11-19 10:09:21,875 - Knowledge - INFO - Fast-tracked /app/data/T0015/271517/b4715fp/spacetelescope/jwql/tests/test_logging_functions.py (ext=.py, size=2759)
2025-11-19 10:09:21,993 - Knowledge - INFO - Worker kw8 processing /app/data/T0015/271517/b4715fp/spacetelescope/jwql/instrument_monitors/nirspec_monitors/data_trending/15min_to_db.py
2025-11-19 10:09:22,074 - Knowledge - INFO - Worker kw9 processing /app/data/T0015/271517/b4715fp/spacetelescope/jwql/instrument_monitors/nirspec_monitors/data_trending/wheel_to_db.py
2025-11-19 10:09:22,146 - Knowledge - INFO - Worker kw10 processing /app/data/T0015/271517/b4715fp/spacetelescope/jwql/instrument_monitors/miri_monitors/data_trending/15min_to_db.py
2025-11-19 10:09:22,216 - Knowledge - INFO - Worker kw11 processing /app/data/T0015/271517/b4715fp/spacetelescope/jwql/instrument_monitors/miri_monitors/data_trending/utils/sql_interface.py
2025-11-19 10:09:22,297 - Knowledge - INFO - Fast-tracked /app/data/T0015/271517/b4715fp/spacetelescope/jwql/website/apps/jwql/static/js/popper.min.js (ext=.js, size=19235)
2025-11-19 10:09:22,397 - Knowledge - INFO - Worker kw14 processing /app/data/T0015/271517/b4715fp/spacetelescope/jwql/website/apps/jwql/models.py
2025-11-19 10:09:22,467 - Knowledge - INFO - Worker kw15 processing /app/data/T0015/271517/b4715fp/spacetelescope/jwql/website/apps/jwql/monitor_pages/yaml/dark_monitor_interface.yaml
2025-11-19 10:09:22,573 - Knowledge - INFO - Fast-tracked /app/data/T0015/271517/b4715fp/spacetelescope/jwql/website/apps/jwql/templates/readnoise_monitor.html (ext=.html, size=404)
2025-11-19 10:09:22,667 - Knowledge - INFO - Worker kw17 processing /app/data/T0015/271517/b4715fp/spacetelescope/jwql/website/apps/jwql/templates/404_space.html
2025-11-19 10:09:22,732 - Knowledge - INFO - Worker kw18 processing /app/data/T0015/271517/b4715fp/spacetelescope/jwql/website/apps/jwql/templates/dashboard.html
2025-11-19 10:09:22,847 - Knowledge - INFO - Batch sizing: calculated=10, max_allowed=25, queue=31, active_workers=18/20
2025-11-19 10:09:22,932 - Knowledge - INFO - [kw20] Queue=21, InProgress=0, PendingWorkers=18/20, Completed=0/237 (0.0%)
2025-11-19 10:09:23,001 - Knowledge - INFO - Worker kw12 processing /app/data/T0015/271517/b4715fp/spacetelescope/jwql/website/apps/jwql/admin.py
2025-11-19 10:09:23,077 - Knowledge - INFO - Worker kw1 processing /app/data/T0015/271517/b4715fp/spacetelescope/jwql/jwql_monitors/generate_proposal_thumbnails.py
2025-11-19 10:09:23,284 - Knowledge - INFO - Fast-tracked /app/data/T0015/271517/b4715fp/spacetelescope/jwql/database/monitor_table_definitions/fgs/fgs_bad_pixel_query_history.txt (ext=.txt, size=262)
2025-11-19 10:09:23,395 - Knowledge - INFO - Fast-tracked /app/data/T0015/271517/b4715fp/spacetelescope/jwql/database/monitor_table_definitions/nirspec/nirspec_readnoise_query_history.txt (ext=.txt, size=160)
2025-11-19 10:09:23,509 - Knowledge - INFO - Worker kw5 processing /app/data/T0015/271517/b4715fp/spacetelescope/jwql/database/monitor_table_definitions/miri/miri_bad_pixel_query_history.txt
2025-11-19 10:09:23,591 - Knowledge - INFO - Worker kw6 processing /app/data/T0015/271517/b4715fp/spacetelescope/jwql/bokeh_templating/factory.py
2025-11-19 10:09:23,677 - Knowledge - INFO - Worker kw7 processing /app/data/T0015/271517/b4715fp/spacetelescope/jwql/tests/test_loading_times.py
2025-11-19 10:09:23,748 - Knowledge - INFO - Worker kw8 processing /app/data/T0015/271517/b4715fp/spacetelescope/jwql/instrument_monitors/nirspec_monitors/data_trending/day_to_db.py
2025-11-19 10:09:23,814 - Knowledge - INFO - Worker kw9 processing /app/data/T0015/271517/b4715fp/spacetelescope/jwql/instrument_monitors/nirspec_monitors/data_trending/dashboard.py
2025-11-19 10:09:23,889 - Knowledge - INFO - Worker kw10 processing /app/data/T0015/271517/b4715fp/spacetelescope/jwql/instrument_monitors/miri_monitors/data_trending/day_to_db.py
2025-11-19 10:09:23,960 - Knowledge - INFO - Worker kw11 processing /app/data/T0015/271517/b4715fp/spacetelescope/jwql/instrument_monitors/miri_monitors/data_trending/utils/process_data.py
2025-11-19 10:09:24,038 - Knowledge - INFO - Worker kw13 processing /app/data/T0015/271517/b4715fp/spacetelescope/jwql/website/apps/jwql/monitor_views.py
2025-11-19 10:09:24,154 - Knowledge - INFO - Worker kw14 processing /app/data/T0015/271517/b4715fp/spacetelescope/jwql/website/apps/jwql/apps.py
2025-11-19 10:09:24,259 - Knowledge - INFO - Fast-tracked /app/data/T0015/271517/b4715fp/spacetelescope/jwql/website/apps/jwql/monitor_pages/yaml/dark_monitor_interface.yaml (ext=.yaml, size=3486)
2025-11-19 10:09:24,353 - Knowledge - INFO - Worker kw16 processing /app/data/T0015/271517/b4715fp/spacetelescope/jwql/website/apps/jwql/templates/instrument.html
2025-11-19 10:09:24,456 - Knowledge - INFO - Fast-tracked /app/data/T0015/271517/b4715fp/spacetelescope/jwql/website/apps/jwql/templates/404_space.html (ext=.html, size=816)
2025-11-19 10:09:24,539 - Knowledge - INFO - Worker kw18 processing /app/data/T0015/271517/b4715fp/spacetelescope/jwql/website/apps/jwql/templates/miri_data_trending.html
2025-11-19 10:09:24,631 - Knowledge - INFO - Worker kw19 processing /app/data/T0015/271517/b4715fp/spacetelescope/style_guide/typing_demo/typing_demo_3.py
2025-11-19 10:09:24,764 - Knowledge - INFO - Batch sizing: calculated=10, max_allowed=25, queue=21, active_workers=19/20
2025-11-19 10:09:24,849 - Knowledge - INFO - Fast-tracked /app/data/T0015/271517/b4715fp/spacetelescope/jwql/website/apps/jwql/admin.py (ext=.py, size=776)
2025-11-19 10:09:25,025 - Knowledge - INFO - Worker kw3 processing /app/data/T0015/271517/b4715fp/spacetelescope/jwql/database/monitor_table_definitions/niriss/niriss_bias_stats.txt
2025-11-19 10:09:25,181 - Knowledge - INFO - Worker kw4 processing /app/data/T0015/271517/b4715fp/spacetelescope/jwql/database/monitor_table_definitions/nirspec/nirspec_readnoise_stats.txt
2025-11-19 10:09:25,263 - Knowledge - INFO - Fast-tracked /app/data/T0015/271517/b4715fp/spacetelescope/jwql/database/monitor_table_definitions/miri/miri_bad_pixel_query_history.txt (ext=.txt, size=262)
2025-11-19 10:09:25,325 - Knowledge - INFO - Worker kw6 processing /app/data/T0015/271517/b4715fp/spacetelescope/jwql/tests/test_calculations.py
2025-11-19 10:09:25,412 - Knowledge - INFO - Fast-tracked /app/data/T0015/271517/b4715fp/spacetelescope/jwql/tests/test_loading_times.py (ext=.py, size=2321)
2025-11-19 10:09:25,498 - Knowledge - INFO - Worker kw8 processing /app/data/T0015/271517/b4715fp/spacetelescope/jwql/instrument_monitors/nirspec_monitors/data_trending/plots/msa_mce_tab.py
2025-11-19 10:09:25,601 - Knowledge - INFO - Worker kw9 processing /app/data/T0015/271517/b4715fp/spacetelescope/jwql/instrument_monitors/pipeline_tools.py
2025-11-19 10:09:25,695 - Knowledge - INFO - Worker kw10 processing /app/data/T0015/271517/b4715fp/spacetelescope/jwql/instrument_monitors/miri_monitors/data_trending/plots/wheel_ratio_tab.py
2025-11-19 10:09:25,783 - Knowledge - INFO - Worker kw11 processing /app/data/T0015/271517/b4715fp/spacetelescope/jwql/instrument_monitors/miri_monitors/data_trending/dashboard.py
2025-11-19 10:09:25,874 - Knowledge - INFO - Worker kw13 processing /app/data/T0015/271517/b4715fp/spacetelescope/jwql/website/apps/jwql/data_containers.py
2025-11-19 10:09:25,949 - Knowledge - INFO - Fast-tracked /app/data/T0015/271517/b4715fp/spacetelescope/jwql/website/apps/jwql/apps.py (ext=.py, size=609)
2025-11-19 10:09:26,034 - Knowledge - INFO - Worker kw15 processing /app/data/T0015/271517/b4715fp/spacetelescope/jwql/website/apps/jwql/monitor_pages/yaml/badpixel_monitor_interface.yaml
2025-11-19 10:09:26,112 - Knowledge - INFO - Worker kw16 processing /app/data/T0015/271517/b4715fp/spacetelescope/jwql/website/apps/jwql/templates/dark_monitor.html
2025-11-19 10:09:26,193 - Knowledge - INFO - Worker kw17 processing /app/data/T0015/271517/b4715fp/spacetelescope/jwql/website/apps/jwql/templates/not_authenticated.html
2025-11-19 10:09:26,285 - Knowledge - INFO - Fast-tracked /app/data/T0015/271517/b4715fp/spacetelescope/jwql/website/apps/jwql/templates/miri_data_trending.html (ext=.html, size=1996)
2025-11-19 10:09:26,392 - Knowledge - INFO - Fast-tracked /app/data/T0015/271517/b4715fp/spacetelescope/style_guide/typing_demo/typing_demo_3.py (ext=.py, size=1521)
2025-11-19 10:09:26,529 - Knowledge - INFO - Worker kw20 processing /app/data/T0015/271517/b4715fp/spacetelescope/docs/source/instrument_monitors.rst
2025-11-19 10:09:26,608 - Knowledge - INFO - Worker kw12 processing /app/data/T0015/271517/b4715fp/spacetelescope/jwql/website/apps/jwql/static/css/sticky-footer.css
2025-11-19 10:09:26,708 - Knowledge - INFO - Fast-tracked /app/data/T0015/271517/b4715fp/spacetelescope/jwql/database/monitor_table_definitions/niriss/niriss_bias_stats.txt (ext=.txt, size=436)
2025-11-19 10:09:26,783 - Knowledge - INFO - Fast-tracked /app/data/T0015/271517/b4715fp/spacetelescope/jwql/database/monitor_table_definitions/nirspec/nirspec_readnoise_stats.txt (ext=.txt, size=818)
2025-11-19 10:09:26,861 - Knowledge - INFO - Worker kw5 processing /app/data/T0015/271517/b4715fp/spacetelescope/jwql/database/monitor_table_definitions/miri/miri_readnoise_stats.txt
2025-11-19 10:09:26,980 - Knowledge - INFO - Fast-tracked /app/data/T0015/271517/b4715fp/spacetelescope/jwql/tests/test_calculations.py (ext=.py, size=3279)
2025-11-19 10:09:27,053 - Knowledge - INFO - Worker kw7 processing /app/data/T0015/271517/b4715fp/spacetelescope/jwql/tests/test_api_views.py
2025-11-19 10:09:27,145 - Knowledge - INFO - Worker kw8 processing /app/data/T0015/271517/b4715fp/spacetelescope/jwql/instrument_monitors/nirspec_monitors/data_trending/plots/wheel_tab.py
2025-11-19 10:09:27,279 - Knowledge - INFO - Worker kw10 processing /app/data/T0015/271517/b4715fp/spacetelescope/jwql/instrument_monitors/miri_monitors/data_trending/plots/bias_tab.py
2025-11-19 10:09:27,370 - Knowledge - INFO - Worker kw11 processing /app/data/T0015/271517/b4715fp/spacetelescope/jwql/website/manage.py
2025-11-19 10:09:27,441 - Knowledge - INFO - Worker kw13 processing /app/data/T0015/271517/b4715fp/spacetelescope/jwql/website/apps/jwql/forms.py
2025-11-19 10:09:27,545 - Knowledge - INFO - Worker kw14 processing /app/data/T0015/271517/b4715fp/spacetelescope/jwql/website/apps/jwql/bokeh_dashboard.py
2025-11-19 10:09:27,665 - Knowledge - INFO - Fast-tracked /app/data/T0015/271517/b4715fp/spacetelescope/jwql/website/apps/jwql/monitor_pages/yaml/badpixel_monitor_interface.yaml (ext=.yaml, size=14167)
2025-11-19 10:09:27,752 - Knowledge - INFO - Fast-tracked /app/data/T0015/271517/b4715fp/spacetelescope/jwql/website/apps/jwql/templates/dark_monitor.html (ext=.html, size=394)
2025-11-19 10:09:27,855 - Knowledge - INFO - Fast-tracked /app/data/T0015/271517/b4715fp/spacetelescope/jwql/website/apps/jwql/templates/not_authenticated.html (ext=.html, size=248)
2025-11-19 10:09:27,962 - Knowledge - INFO - Worker kw18 processing /app/data/T0015/271517/b4715fp/spacetelescope/jwql/website/apps/jwql/templates/jwqldb_table_viewer.html
2025-11-19 10:09:28,044 - Knowledge - INFO - Worker kw19 processing /app/data/T0015/271517/b4715fp/spacetelescope/style_guide/typing_demo/typing_demo_1.py
2025-11-19 10:09:28,119 - Knowledge - INFO - Fast-tracked /app/data/T0015/271517/b4715fp/spacetelescope/docs/source/instrument_monitors.rst (ext=.rst, size=186)
2025-11-19 10:09:28,229 - Knowledge - INFO - Fast-tracked /app/data/T0015/271517/b4715fp/spacetelescope/jwql/website/apps/jwql/static/css/sticky-footer.css (ext=.css, size=413)
2025-11-19 10:09:28,305 - Knowledge - INFO - Worker kw3 processing /app/data/T0015/271517/b4715fp/spacetelescope/jwql/database/monitor_table_definitions/niriss/niriss_bias_query_history.txt
2025-11-19 10:09:28,414 - Knowledge - INFO - Worker kw4 processing /app/data/T0015/271517/b4715fp/spacetelescope/jwql/database/monitor_table_definitions/nirspec/nirspec_dark_query_history.txt
2025-11-19 10:09:28,514 - Knowledge - INFO - Fast-tracked /app/data/T0015/271517/b4715fp/spacetelescope/jwql/database/monitor_table_definitions/miri/miri_readnoise_stats.txt (ext=.txt, size=818)
2025-11-19 10:09:28,596 - Knowledge - INFO - Worker kw6 processing /app/data/T0015/271517/b4715fp/spacetelescope/jwql/tests/test_bias_monitor.py
2025-11-19 10:09:28,689 - Knowledge - INFO - Fast-tracked /app/data/T0015/271517/b4715fp/spacetelescope/jwql/tests/test_api_views.py (ext=.py, size=3280)
2025-11-19 10:09:28,804 - Knowledge - INFO - Worker kw8 processing /app/data/T0015/271517/b4715fp/spacetelescope/jwql/instrument_monitors/nirspec_monitors/data_trending/plots/caa_tab.py
2025-11-19 10:09:28,897 - Knowledge - INFO - Worker kw10 processing /app/data/T0015/271517/b4715fp/spacetelescope/jwql/instrument_monitors/miri_monitors/data_trending/plots/power_tab.py
2025-11-19 10:09:28,985 - Knowledge - INFO - Fast-tracked /app/data/T0015/271517/b4715fp/spacetelescope/jwql/website/manage.py (ext=.py, size=1894)
2025-11-19 10:09:29,057 - Knowledge - INFO - Worker kw13 processing /app/data/T0015/271517/b4715fp/spacetelescope/jwql/website/apps/jwql/context_processors.py
2025-11-19 10:09:29,159 - Knowledge - INFO - Worker kw14 processing /app/data/T0015/271517/b4715fp/spacetelescope/jwql/website/apps/jwql/monitor_pages/dark_monitor.py
2025-11-19 10:09:29,226 - Knowledge - INFO - Worker kw15 processing /app/data/T0015/271517/b4715fp/spacetelescope/jwql/website/apps/jwql/monitor_pages/yaml/monitor_filesystem_interface.yaml
2025-11-19 10:09:29,336 - Knowledge - INFO - Worker kw16 processing /app/data/T0015/271517/b4715fp/spacetelescope/jwql/website/apps/jwql/templates/query_submit.html
2025-11-19 10:09:29,410 - Knowledge - INFO - Worker kw17 processing /app/data/T0015/271517/b4715fp/spacetelescope/jwql/website/apps/jwql/templates/about.html
2025-11-19 10:09:29,516 - Knowledge - INFO - Worker kw18 processing /app/data/T0015/271517/b4715fp/spacetelescope/jwql/edb/engineering_database.py
2025-11-19 10:09:29,604 - Knowledge - INFO - Worker kw19 processing /app/data/T0015/271517/b4715fp/spacetelescope/style_guide/typing_demo/typing_demo_4.py
2025-11-19 10:09:29,712 - Knowledge - INFO - Worker kw20 processing /app/data/T0015/271517/b4715fp/spacetelescope/docs/source/conf.py
2025-11-19 10:09:29,797 - Knowledge - INFO - Worker kw12 processing /app/data/T0015/271517/b4715fp/spacetelescope/jwql/website/apps/jwql/static/css/loader-magnify.css
2025-11-19 10:09:29,864 - Knowledge - INFO - Fast-tracked /app/data/T0015/271517/b4715fp/spacetelescope/jwql/database/monitor_table_definitions/niriss/niriss_bias_query_history.txt (ext=.txt, size=160)
2025-11-19 10:09:29,959 - Knowledge - INFO - Fast-tracked /app/data/T0015/271517/b4715fp/spacetelescope/jwql/database/monitor_table_definitions/nirspec/nirspec_dark_query_history.txt (ext=.txt, size=137)
2025-11-19 10:09:30,052 - Knowledge - INFO - Worker kw5 processing /app/data/T0015/271517/b4715fp/spacetelescope/jwql/database/monitor_table_definitions/miri/miri_dark_query_history.txt
2025-11-19 10:09:30,163 - Knowledge - INFO - Fast-tracked /app/data/T0015/271517/b4715fp/spacetelescope/jwql/tests/test_bias_monitor.py (ext=.py, size=3798)
2025-11-19 10:09:30,227 - Knowledge - INFO - Worker kw7 processing /app/data/T0015/271517/b4715fp/spacetelescope/jwql/tests/test_bokeh_templating_interface.yaml
2025-11-19 10:09:30,348 - Knowledge - INFO - Worker kw8 processing /app/data/T0015/271517/b4715fp/spacetelescope/jwql/instrument_monitors/nirspec_monitors/data_trending/plots/power_tab.py
2025-11-19 10:09:30,445 - Knowledge - INFO - Worker kw10 processing /app/data/T0015/271517/b4715fp/spacetelescope/jwql/instrument_monitors/miri_monitors/data_trending/plots/plot_functions.py
2025-11-19 10:09:30,514 - Knowledge - INFO - Worker kw11 processing /app/data/T0015/271517/b4715fp/spacetelescope/jwql/website/jwql_proj/settings.py
2025-11-19 10:09:30,608 - Knowledge - INFO - Fast-tracked /app/data/T0015/271517/b4715fp/spacetelescope/jwql/website/apps/jwql/context_processors.py (ext=.py, size=1272)
2025-11-19 10:09:30,716 - Knowledge - INFO - Fast-tracked /app/data/T0015/271517/b4715fp/spacetelescope/jwql/website/apps/jwql/monitor_pages/dark_monitor.py (ext=.py, size=960)
2025-11-19 10:09:30,806 - Knowledge - INFO - Fast-tracked /app/data/T0015/271517/b4715fp/spacetelescope/jwql/website/apps/jwql/monitor_pages/yaml/monitor_filesystem_interface.yaml (ext=.yaml, size=9241)
2025-11-19 10:09:30,895 - Knowledge - INFO - Fast-tracked /app/data/T0015/271517/b4715fp/spacetelescope/jwql/website/apps/jwql/templates/query_submit.html (ext=.html, size=1470)
2025-11-19 10:09:30,972 - Knowledge - INFO - Worker kw17 processing /app/data/T0015/271517/b4715fp/spacetelescope/jwql/website/apps/jwql/templates/base.html
2025-11-19 10:09:31,094 - Knowledge - INFO - Worker kw18 processing /app/data/T0015/271517/b4715fp/spacetelescope/jwql/__init__.py
2025-11-19 10:09:31,169 - Knowledge - INFO - Fast-tracked /app/data/T0015/271517/b4715fp/spacetelescope/style_guide/typing_demo/typing_demo_4.py (ext=.py, size=359)
2025-11-19 10:09:31,246 - Knowledge - INFO - Worker kw20 processing /app/data/T0015/271517/b4715fp/spacetelescope/docs/source/jwql_monitors.rst
2025-11-19 10:09:31,346 - Knowledge - INFO - Fast-tracked /app/data/T0015/271517/b4715fp/spacetelescope/jwql/website/apps/jwql/static/css/loader-magnify.css (ext=.css, size=1799)
2025-11-19 10:09:31,456 - Knowledge - INFO - Worker kw3 processing /app/data/T0015/271517/b4715fp/spacetelescope/jwql/database/monitor_table_definitions/niriss/niriss_dark_dark_current.txt
2025-11-19 10:09:31,571 - Knowledge - INFO - Worker kw4 processing /app/data/T0015/271517/b4715fp/spacetelescope/jwql/database/monitor_table_definitions/nirspec/nirspec_bad_pixel_stats.txt
2025-11-19 10:09:31,654 - Knowledge - INFO - Fast-tracked /app/data/T0015/271517/b4715fp/spacetelescope/jwql/database/monitor_table_definitions/miri/miri_dark_query_history.txt (ext=.txt, size=137)
2025-11-19 10:09:31,730 - Knowledge - INFO - Worker kw6 processing /app/data/T0015/271517/b4715fp/spacetelescope/jwql/tests/test_pipeline_tools.py
2025-11-19 10:09:31,823 - Knowledge - INFO - Fast-tracked /app/data/T0015/271517/b4715fp/spacetelescope/jwql/tests/test_bokeh_templating_interface.yaml (ext=.yaml, size=972)
2025-11-19 10:09:31,923 - Knowledge - INFO - Worker kw8 processing /app/data/T0015/271517/b4715fp/spacetelescope/jwql/instrument_monitors/nirspec_monitors/data_trending/plots/plot_functions.py
2025-11-19 10:09:32,173 - Knowledge - INFO - Worker kw13 processing /app/data/T0015/271517/b4715fp/spacetelescope/jwql/website/apps/jwql/api_views.py
2025-11-19 10:09:32,267 - Knowledge - INFO - Worker kw14 processing /app/data/T0015/271517/b4715fp/spacetelescope/jwql/website/apps/jwql/monitor_pages/monitor_readnoise_bokeh.py
2025-11-19 10:09:32,353 - Knowledge - INFO - Worker kw15 processing /app/data/T0015/271517/b4715fp/spacetelescope/jwql/website/apps/jwql/monitor_pages/yaml/monitor_mast_interface.yaml
2025-11-19 10:09:32,422 - Knowledge - INFO - Worker kw16 processing /app/data/T0015/271517/b4715fp/spacetelescope/jwql/website/apps/jwql/templates/home.html
2025-11-19 10:09:32,507 - Knowledge - INFO - Worker kw17 processing /app/data/T0015/271517/b4715fp/spacetelescope/jwql/website/apps/jwql/templates/404_spacecat.html
2025-11-19 10:09:32,614 - Knowledge - INFO - Fast-tracked /app/data/T0015/271517/b4715fp/spacetelescope/jwql/__init__.py (ext=.py, size=695)
2025-11-19 10:09:32,681 - Knowledge - INFO - Worker kw19 processing /app/data/T0015/271517/b4715fp/spacetelescope/style_guide/typing_demo/typing_demo_2.py
2025-11-19 10:09:32,759 - Knowledge - INFO - Fast-tracked /app/data/T0015/271517/b4715fp/spacetelescope/docs/source/jwql_monitors.rst (ext=.rst, size=730)
2025-11-19 10:09:32,846 - Knowledge - INFO - Worker kw12 processing /app/data/T0015/271517/b4715fp/spacetelescope/jwql/website/apps/jwql/static/css/loader.css
2025-11-19 10:09:32,926 - Knowledge - INFO - Fast-tracked /app/data/T0015/271517/b4715fp/spacetelescope/jwql/database/monitor_table_definitions/niriss/niriss_dark_dark_current.txt (ext=.txt, size=629)
2025-11-19 10:09:33,013 - Knowledge - INFO - Fast-tracked /app/data/T0015/271517/b4715fp/spacetelescope/jwql/database/monitor_table_definitions/nirspec/nirspec_bad_pixel_stats.txt (ext=.txt, size=205)
2025-11-19 10:09:33,120 - Knowledge - INFO - Worker kw5 processing /app/data/T0015/271517/b4715fp/spacetelescope/jwql/database/monitor_table_definitions/miri/miri_readnoise_query_history.txt
2025-11-19 10:09:33,195 - Knowledge - INFO - Fast-tracked /app/data/T0015/271517/b4715fp/spacetelescope/jwql/tests/test_pipeline_tools.py (ext=.py, size=8040)
2025-11-19 10:09:33,268 - Knowledge - INFO - Worker kw7 processing /app/data/T0015/271517/b4715fp/spacetelescope/jwql/tests/test_bokeh_templating.py
2025-11-19 10:09:33,439 - Knowledge - INFO - Worker kw13 processing /app/data/T0015/271517/b4715fp/spacetelescope/jwql/website/apps/jwql/bokeh_containers.py
2025-11-19 10:09:33,547 - Knowledge - INFO - Worker kw14 processing /app/data/T0015/271517/b4715fp/spacetelescope/jwql/website/apps/jwql/monitor_pages/monitor_dark_bokeh.py
2025-11-19 10:09:33,647 - Knowledge - INFO - Fast-tracked /app/data/T0015/271517/b4715fp/spacetelescope/jwql/website/apps/jwql/monitor_pages/yaml/monitor_mast_interface.yaml (ext=.yaml, size=1525)
2025-11-19 10:09:33,709 - Knowledge - INFO - Worker kw16 processing /app/data/T0015/271517/b4715fp/spacetelescope/jwql/website/apps/jwql/templates/engineering_database.html
2025-11-19 10:09:33,776 - Knowledge - INFO - Fast-tracked /app/data/T0015/271517/b4715fp/spacetelescope/jwql/website/apps/jwql/templates/404_spacecat.html (ext=.html, size=986)
2025-11-19 10:09:33,890 - Knowledge - INFO - Worker kw18 processing /app/data/T0015/271517/b4715fp/spacetelescope/style_guide/README.md
2025-11-19 10:09:33,996 - Knowledge - INFO - Worker kw19 processing /app/data/T0015/271517/b4715fp/spacetelescope/docs/source/utils.rst
2025-11-19 10:09:34,074 - Knowledge - INFO - Worker kw20 processing /app/data/T0015/271517/b4715fp/spacetelescope/docs/source/index.rst
2025-11-19 10:09:34,173 - Knowledge - INFO - Fast-tracked /app/data/T0015/271517/b4715fp/spacetelescope/jwql/website/apps/jwql/static/css/loader.css (ext=.css, size=2961)
2025-11-19 10:09:34,300 - Knowledge - INFO - Worker kw3 processing /app/data/T0015/271517/b4715fp/spacetelescope/jwql/database/monitor_table_definitions/niriss/niriss_dark_pixel_stats.txt
2025-11-19 10:09:34,397 - Knowledge - INFO - Worker kw4 processing /app/data/T0015/271517/b4715fp/spacetelescope/jwql/database/monitor_table_definitions/nirspec/nirspec_bad_pixel_query_history.txt
2025-11-19 10:09:34,510 - Knowledge - INFO - Fast-tracked /app/data/T0015/271517/b4715fp/spacetelescope/jwql/database/monitor_table_definitions/miri/miri_readnoise_query_history.txt (ext=.txt, size=160)
2025-11-19 10:09:34,631 - Knowledge - INFO - Worker kw6 processing /app/data/T0015/271517/b4715fp/spacetelescope/jwql/tests/test_monitor_mast.py
2025-11-19 10:09:34,718 - Knowledge - INFO - Fast-tracked /app/data/T0015/271517/b4715fp/spacetelescope/jwql/tests/test_bokeh_templating.py (ext=.py, size=1797)
2025-11-19 10:09:34,815 - Knowledge - INFO - Worker kw13 processing /app/data/T0015/271517/b4715fp/spacetelescope/jwql/website/apps/jwql/views.py
2025-11-19 10:09:34,882 - Knowledge - INFO - Worker kw14 processing /app/data/T0015/271517/b4715fp/spacetelescope/jwql/website/apps/jwql/monitor_pages/monitor_bad_pixel_bokeh.py
2025-11-19 10:09:34,994 - Knowledge - INFO - Worker kw15 processing /app/data/T0015/271517/b4715fp/spacetelescope/jwql/website/apps/jwql/monitor_pages/yaml/monitor_bias_interface.yaml
2025-11-19 10:09:35,100 - Knowledge - INFO - Worker kw16 processing /app/data/T0015/271517/b4715fp/spacetelescope/jwql/website/apps/jwql/templates/bad_pixel_monitor.html
2025-11-19 10:09:35,183 - Knowledge - INFO - Worker kw17 processing /app/data/T0015/271517/b4715fp/spacetelescope/jwql/website/apps/jwql/templates/api_landing.html
2025-11-19 10:09:35,299 - Knowledge - INFO - Fast-tracked /app/data/T0015/271517/b4715fp/spacetelescope/style_guide/README.md (ext=.md, size=5466)
2025-11-19 10:09:35,373 - Knowledge - INFO - Fast-tracked /app/data/T0015/271517/b4715fp/spacetelescope/docs/source/utils.rst (ext=.rst, size=1667)
2025-11-19 10:09:35,479 - Knowledge - INFO - Fast-tracked /app/data/T0015/271517/b4715fp/spacetelescope/docs/source/index.rst (ext=.rst, size=1174)
2025-11-19 10:09:35,548 - Knowledge - INFO - Worker kw12 processing /app/data/T0015/271517/b4715fp/spacetelescope/jwql/website/apps/jwql/static/css/jwql.css
2025-11-19 10:09:35,637 - Knowledge - INFO - Fast-tracked /app/data/T0015/271517/b4715fp/spacetelescope/jwql/database/monitor_table_definitions/niriss/niriss_dark_pixel_stats.txt (ext=.txt, size=234)
2025-11-19 10:09:35,703 - Knowledge - INFO - Fast-tracked /app/data/T0015/271517/b4715fp/spacetelescope/jwql/database/monitor_table_definitions/nirspec/nirspec_bad_pixel_query_history.txt (ext=.txt, size=262)
2025-11-19 10:09:35,830 - Knowledge - INFO - Worker kw5 processing /app/data/T0015/271517/b4715fp/spacetelescope/jwql/database/monitor_table_definitions/miri/miri_dark_dark_current.txt
2025-11-19 10:09:35,919 - Knowledge - INFO - Fast-tracked /app/data/T0015/271517/b4715fp/spacetelescope/jwql/tests/test_monitor_mast.py (ext=.py, size=2538)
2025-11-19 10:09:35,994 - Knowledge - INFO - Worker kw7 processing /app/data/T0015/271517/b4715fp/spacetelescope/jwql/tests/test_instrument_properties.py
2025-11-19 10:09:36,220 - Knowledge - INFO - Fast-tracked /app/data/T0015/271517/b4715fp/spacetelescope/jwql/website/apps/jwql/monitor_pages/yaml/monitor_bias_interface.yaml (ext=.yaml, size=11716)
2025-11-19 10:09:36,340 - Knowledge - INFO - Fast-tracked /app/data/T0015/271517/b4715fp/spacetelescope/jwql/website/apps/jwql/templates/bad_pixel_monitor.html (ext=.html, size=592)
2025-11-19 10:09:36,423 - Knowledge - INFO - Worker kw17 processing /app/data/T0015/271517/b4715fp/spacetelescope/jwql/website/apps/jwql/templates/anomaly_query.html
2025-11-19 10:09:36,505 - Knowledge - INFO - Worker kw18 processing /app/data/T0015/271517/b4715fp/spacetelescope/style_guide/logging_guide.md
2025-11-19 10:09:36,573 - Knowledge - INFO - Worker kw19 processing /app/data/T0015/271517/b4715fp/spacetelescope/docs/source/database.rst
2025-11-19 10:09:36,653 - Knowledge - INFO - Worker kw20 processing /app/data/T0015/271517/b4715fp/spacetelescope/WEBPAGE_TEMPLATE.md
2025-11-19 10:09:36,770 - Knowledge - INFO - Fast-tracked /app/data/T0015/271517/b4715fp/spacetelescope/jwql/website/apps/jwql/static/css/jwql.css (ext=.css, size=9889)
2025-11-19 10:09:36,834 - Knowledge - INFO - Worker kw3 processing /app/data/T0015/271517/b4715fp/spacetelescope/jwql/database/monitor_table_definitions/niriss/niriss_readnoise_query_history.txt
2025-11-19 10:09:36,959 - Knowledge - INFO - Worker kw4 processing /app/data/T0015/271517/b4715fp/spacetelescope/jwql/database/monitor_table_definitions/nircam/nircam_dark_pixel_stats.txt
2025-11-19 10:09:37,037 - Knowledge - INFO - Fast-tracked /app/data/T0015/271517/b4715fp/spacetelescope/jwql/database/monitor_table_definitions/miri/miri_dark_dark_current.txt (ext=.txt, size=629)
2025-11-19 10:09:37,272 - Knowledge - INFO - Fast-tracked /app/data/T0015/271517/b4715fp/spacetelescope/jwql/tests/test_instrument_properties.py (ext=.py, size=3411)
2025-11-19 10:09:37,382 - Knowledge - INFO - Worker kw15 processing /app/data/T0015/271517/b4715fp/spacetelescope/jwql/website/apps/jwql/monitor_pages/monitor_mast_bokeh.py
2025-11-19 10:09:37,501 - Knowledge - INFO - Worker kw16 processing /app/data/T0015/271517/b4715fp/spacetelescope/jwql/website/apps/jwql/templates/thumbnails.html
2025-11-19 10:09:37,574 - Knowledge - INFO - Worker kw17 processing /app/data/T0015/271517/b4715fp/spacetelescope/jwql/website/apps/jwql/templates/bias_monitor.html
2025-11-19 10:09:37,666 - Knowledge - INFO - Fast-tracked /app/data/T0015/271517/b4715fp/spacetelescope/style_guide/logging_guide.md (ext=.md, size=3657)
2025-11-19 10:09:37,774 - Knowledge - INFO - Fast-tracked /app/data/T0015/271517/b4715fp/spacetelescope/docs/source/database.rst (ext=.rst, size=270)
2025-11-19 10:09:37,837 - Knowledge - INFO - Fast-tracked /app/data/T0015/271517/b4715fp/spacetelescope/WEBPAGE_TEMPLATE.md (ext=.md, size=5343)
2025-11-19 10:09:37,947 - Knowledge - INFO - Worker kw12 processing /app/data/T0015/271517/b4715fp/spacetelescope/jwql/website/apps/jwql/static/css/bootstrap.min.css
2025-11-19 10:09:38,040 - Knowledge - INFO - Fast-tracked /app/data/T0015/271517/b4715fp/spacetelescope/jwql/database/monitor_table_definitions/niriss/niriss_readnoise_query_history.txt (ext=.txt, size=160)
2025-11-19 10:09:38,140 - Knowledge - INFO - Fast-tracked /app/data/T0015/271517/b4715fp/spacetelescope/jwql/database/monitor_table_definitions/nircam/nircam_dark_pixel_stats.txt (ext=.txt, size=234)
2025-11-19 10:09:38,226 - Knowledge - INFO - Processing batch of 12 files
2025-11-19 10:09:38,302 - Knowledge - INFO - Worker kw7 processing /app/data/T0015/271517/b4715fp/spacetelescope/jwql/tests/test_database_interface.py
2025-11-19 10:09:38,429 - Knowledge - INFO - Worker kw15 processing /app/data/T0015/271517/b4715fp/spacetelescope/jwql/website/apps/jwql/monitor_pages/monitor_filesystem_bokeh.py
2025-11-19 10:09:38,495 - Knowledge - INFO - Worker kw16 processing /app/data/T0015/271517/b4715fp/spacetelescope/jwql/website/apps/jwql/templates/nirspec_data_trending.html
2025-11-19 10:09:38,591 - Knowledge - INFO - Fast-tracked /app/data/T0015/271517/b4715fp/spacetelescope/jwql/website/apps/jwql/templates/bias_monitor.html (ext=.html, size=394)
2025-11-19 10:09:38,670 - Knowledge - INFO - Worker kw18 processing /app/data/T0015/271517/b4715fp/spacetelescope/style_guide/example.py
2025-11-19 10:09:38,799 - Knowledge - INFO - Worker kw19 processing /app/data/T0015/271517/b4715fp/spacetelescope/docs/source/edb.rst
2025-11-19 10:09:38,869 - Knowledge - INFO - Worker kw20 processing /app/data/T0015/271517/b4715fp/spacetelescope/CODE_OF_CONDUCT.md
2025-11-19 10:09:38,996 - Knowledge - INFO - Fast-tracked /app/data/T0015/271517/b4715fp/spacetelescope/jwql/website/apps/jwql/static/css/bootstrap.min.css (ext=.css, size=144877)
2025-11-19 10:09:39,083 - Knowledge - INFO - Worker kw3 processing /app/data/T0015/271517/b4715fp/spacetelescope/jwql/database/monitor_table_definitions/niriss/niriss_readnoise_stats.txt
2025-11-19 10:09:39,182 - Knowledge - INFO - Worker kw4 processing /app/data/T0015/271517/b4715fp/spacetelescope/jwql/database/monitor_table_definitions/nircam/nircam_bias_stats.txt
2025-11-19 10:09:39,286 - Knowledge - INFO - process ingested knowledge for /app/data/T0015/271517/b4715fp/spacetelescope/jwql/database/monitor_table_definitions/nircam/nircam_dark_dark_current.txt
2025-11-19 10:09:39,378 - Knowledge - INFO - Fast-tracked /app/data/T0015/271517/b4715fp/spacetelescope/jwql/tests/test_database_interface.py (ext=.py, size=4854)
2025-11-19 10:09:39,456 - Knowledge - INFO - Worker kw15 processing /app/data/T0015/271517/b4715fp/spacetelescope/jwql/website/apps/jwql/monitor_pages/__init__.py
2025-11-19 10:09:39,616 - Knowledge - INFO - Worker kw17 processing /app/data/T0015/271517/b4715fp/spacetelescope/jwql/website/apps/jwql/templates/archive.html
2025-11-19 10:09:39,704 - Knowledge - INFO - Worker kw18 processing /app/data/T0015/271517/b4715fp/spacetelescope/style_guide/PEP8_examples.ipynb
2025-11-19 10:09:39,818 - Knowledge - INFO - Fast-tracked /app/data/T0015/271517/b4715fp/spacetelescope/docs/source/edb.rst (ext=.rst, size=140)
2025-11-19 10:09:39,922 - Knowledge - INFO - Fast-tracked /app/data/T0015/271517/b4715fp/spacetelescope/CODE_OF_CONDUCT.md (ext=.md, size=6074)
2025-11-19 10:09:40,011 - Knowledge - INFO - Worker kw12 processing /app/data/T0015/271517/b4715fp/spacetelescope/jwql/website/apps/jwql/static/js/image_click_to_change.js
2025-11-19 10:09:40,186 - Knowledge - INFO - Fast-tracked /app/data/T0015/271517/b4715fp/spacetelescope/jwql/database/monitor_table_definitions/niriss/niriss_readnoise_stats.txt (ext=.txt, size=818)
2025-11-19 10:09:40,256 - Knowledge - INFO - Fast-tracked /app/data/T0015/271517/b4715fp/spacetelescope/jwql/database/monitor_table_definitions/nircam/nircam_bias_stats.txt (ext=.txt, size=436)
2025-11-19 10:09:40,360 - Knowledge - INFO - process ingested knowledge for /app/data/T0015/271517/b4715fp/spacetelescope/jwql/database/monitor_table_definitions/nircam/nircam_bad_pixel_query_history.txt
2025-11-19 10:09:40,547 - Knowledge - INFO - Processing batch of 12 files
2025-11-19 10:09:40,560 - Knowledge - INFO - Fast-tracked /app/data/T0015/271517/b4715fp/spacetelescope/jwql/website/apps/jwql/monitor_pages/__init__.py (ext=.py, size=295)
2025-11-19 10:09:40,725 - Knowledge - INFO - Worker kw18 processing /app/data/T0015/271517/b4715fp/spacetelescope/style_guide/accessibility_guidelines.md
2025-11-19 10:09:40,836 - Knowledge - INFO - Worker kw19 processing /app/data/T0015/271517/b4715fp/spacetelescope/docs/source/common_monitors.rst
2025-11-19 10:09:40,943 - Knowledge - INFO - Worker kw20 processing /app/data/T0015/271517/b4715fp/spacetelescope/README.md
2025-11-19 10:09:41,045 - Knowledge - INFO - Fast-tracked /app/data/T0015/271517/b4715fp/spacetelescope/jwql/website/apps/jwql/static/js/image_click_to_change.js (ext=.js, size=555)
2025-11-19 10:09:41,221 - Knowledge - INFO - Worker kw4 processing /app/data/T0015/271517/b4715fp/spacetelescope/jwql/database/monitor_table_definitions/nircam/nircam_bias_query_history.txt
2025-11-19 10:09:41,292 - Knowledge - INFO - process ingested knowledge for /app/data/T0015/271517/b4715fp/spacetelescope/jwql/database/monitor_table_definitions/nircam/nircam_bad_pixel_stats.txt
2025-11-19 10:09:41,423 - Knowledge - INFO - process ingested knowledge for /app/data/T0015/271517/b4715fp/spacetelescope/jwql/tests/test_permissions.py
2025-11-19 10:09:41,576 - Knowledge - INFO - Fast-tracked /app/data/T0015/271517/b4715fp/spacetelescope/style_guide/accessibility_guidelines.md (ext=.md, size=3891)
2025-11-19 10:09:41,647 - Knowledge - INFO - Fast-tracked /app/data/T0015/271517/b4715fp/spacetelescope/docs/source/common_monitors.rst (ext=.rst, size=625)
2025-11-19 10:09:41,729 - Knowledge - INFO - Fast-tracked /app/data/T0015/271517/b4715fp/spacetelescope/README.md (ext=.md, size=11856)
2025-11-19 10:09:41,836 - Knowledge - INFO - Worker kw12 processing /app/data/T0015/271517/b4715fp/spacetelescope/jwql/website/apps/jwql/static/js/tinysort.min.js
2025-11-19 10:09:41,932 - Knowledge - INFO - Fast-tracked /app/data/T0015/271517/b4715fp/spacetelescope/jwql/database/monitor_table_definitions/nircam/nircam_bias_query_history.txt (ext=.txt, size=160)
2025-11-19 10:09:41,998 - Knowledge - INFO - process ingested knowledge for /app/data/T0015/271517/b4715fp/spacetelescope/jwql/database/monitor_table_definitions/nircam/nircam_readnoise_query_history.txt
2025-11-19 10:09:42,099 - Knowledge - INFO - process ingested knowledge for /app/data/T0015/271517/b4715fp/spacetelescope/jwql/tests/test_preview_image.py
2025-11-19 10:09:42,308 - Knowledge - INFO - Worker kw19 processing /app/data/T0015/271517/b4715fp/spacetelescope/docs/source/website.rst
2025-11-19 10:09:42,391 - Knowledge - INFO - Worker kw20 processing /app/data/T0015/271517/b4715fp/spacetelescope/codecov.yml
2025-11-19 10:09:42,513 - Knowledge - INFO - Fast-tracked /app/data/T0015/271517/b4715fp/spacetelescope/jwql/website/apps/jwql/static/js/tinysort.min.js (ext=.js, size=4497)
2025-11-19 10:09:42,647 - Knowledge - INFO - Processing batch of 15 files
2025-11-19 10:09:42,760 - Knowledge - INFO - process ingested knowledge for /app/data/T0015/271517/b4715fp/spacetelescope/jwql/database/monitor_table_definitions/nircam/nircam_readnoise_stats.txt
2025-11-19 10:09:42,856 - Knowledge - INFO - process ingested knowledge for /app/data/T0015/271517/b4715fp/spacetelescope/jwql/tests/test_edb.py
2025-11-19 10:09:42,947 - Knowledge - INFO - Fast-tracked /app/data/T0015/271517/b4715fp/spacetelescope/docs/source/website.rst (ext=.rst, size=1226)
2025-11-19 10:09:43,031 - Knowledge - INFO - Fast-tracked /app/data/T0015/271517/b4715fp/spacetelescope/codecov.yml (ext=.yml, size=608)
2025-11-19 10:09:43,142 - Knowledge - INFO - Worker kw12 processing /app/data/T0015/271517/b4715fp/spacetelescope/jwql/website/apps/jwql/static/js/jwql.js
2025-11-19 10:09:43,219 - Knowledge - INFO - process ingested knowledge for /app/data/T0015/271517/b4715fp/spacetelescope/jwql/database/monitor_table_definitions/niriss/niriss_dark_query_history.txt
2025-11-19 10:09:43,313 - Knowledge - INFO - process ingested knowledge for /app/data/T0015/271517/b4715fp/spacetelescope/jwql/database/monitor_table_definitions/nircam/nircam_dark_query_history.txt
2025-11-19 10:09:43,382 - Knowledge - INFO - process ingested knowledge for /app/data/T0015/271517/b4715fp/spacetelescope/jwql/tests/test_bad_pixel_monitor.py
2025-11-19 10:09:43,453 - Knowledge - INFO - Worker kw19 processing /app/data/T0015/271517/b4715fp/spacetelescope/docs/source/tests.rst
2025-11-19 10:09:43,528 - Knowledge - INFO - Worker kw20 processing /app/data/T0015/271517/b4715fp/spacetelescope/rtd_requirements.txt
2025-11-19 10:09:43,718 - Knowledge - INFO - process ingested knowledge for /app/data/T0015/271517/b4715fp/spacetelescope/jwql/database/monitor_table_definitions/niriss/niriss_bad_pixel_query_history.txt
2025-11-19 10:09:43,791 - Knowledge - INFO - process ingested knowledge for /app/data/T0015/271517/b4715fp/spacetelescope/jwql/database/monitor_table_definitions/miri/miri_bad_pixel_stats.txt
2025-11-19 10:09:43,902 - Knowledge - INFO - process ingested knowledge for /app/data/T0015/271517/b4715fp/spacetelescope/jwql/tests/test_data_containers.py
2025-11-19 10:09:43,987 - Knowledge - INFO - Fast-tracked /app/data/T0015/271517/b4715fp/spacetelescope/style_guide/typing_demo/typing_demo_1.py (small file (2597 bytes))
2025-11-19 10:09:44,097 - Knowledge - INFO - Fast-tracked /app/data/T0015/271517/b4715fp/spacetelescope/rtd_requirements.txt (ext=.txt, size=214)
2025-11-19 10:09:44,157 - Knowledge - INFO - process ingested knowledge for /app/data/T0015/271517/b4715fp/spacetelescope/jwql/database/monitor_table_definitions/niriss/niriss_bad_pixel_stats.txt
2025-11-19 10:09:44,251 - Knowledge - INFO - process ingested knowledge for /app/data/T0015/271517/b4715fp/spacetelescope/jwql/database/monitor_table_definitions/miri/miri_bad_pixel_query_history.txt
2025-11-19 10:09:44,319 - Knowledge - INFO - process ingested knowledge for /app/data/T0015/271517/b4715fp/spacetelescope/jwql/tests/test_logging_functions.py
2025-11-19 10:09:44,436 - Knowledge - INFO - Fast-tracked /app/data/T0015/271517/b4715fp/spacetelescope/style_guide/typing_demo/typing_demo_2.py (small file (2963 bytes))
2025-11-19 10:09:44,524 - Knowledge - INFO - Worker kw20 processing /app/data/T0015/271517/b4715fp/spacetelescope/pytest.ini
2025-11-19 10:09:44,608 - Knowledge - INFO - process ingested knowledge for /app/data/T0015/271517/b4715fp/spacetelescope/jwql/database/monitor_table_definitions/nirspec/nirspec_dark_pixel_stats.txt
2025-11-19 10:09:44,682 - Knowledge - INFO - process ingested knowledge for /app/data/T0015/271517/b4715fp/spacetelescope/jwql/database/monitor_table_definitions/miri/miri_readnoise_stats.txt
2025-11-19 10:09:44,768 - Knowledge - INFO - process ingested knowledge for /app/data/T0015/271517/b4715fp/spacetelescope/jwql/tests/test_loading_times.py
2025-11-19 10:09:44,837 - Knowledge - INFO - Fast-tracked /app/data/T0015/271517/b4715fp/spacetelescope/docs/source/tests.rst (small file (2353 bytes))
2025-11-19 10:09:44,908 - Knowledge - INFO - Fast-tracked /app/data/T0015/271517/b4715fp/spacetelescope/pytest.ini (ext=.ini, size=31)
2025-11-19 10:09:45,000 - Knowledge - INFO - process ingested knowledge for /app/data/T0015/271517/b4715fp/spacetelescope/jwql/database/monitor_table_definitions/nirspec/nirspec_bias_query_history.txt
2025-11-19 10:09:45,070 - Knowledge - INFO - process ingested knowledge for /app/data/T0015/271517/b4715fp/spacetelescope/jwql/database/monitor_table_definitions/miri/miri_dark_query_history.txt
2025-11-19 10:09:45,152 - Knowledge - INFO - process ingested knowledge for /app/data/T0015/271517/b4715fp/spacetelescope/jwql/tests/test_api_views.py
2025-11-19 10:09:45,300 - Knowledge - INFO - Processing batch of 10 files
2025-11-19 10:09:45,437 - Knowledge - INFO - process ingested knowledge for /app/data/T0015/271517/b4715fp/spacetelescope/jwql/database/monitor_table_definitions/nirspec/nirspec_dark_dark_current.txt
2025-11-19 10:09:45,512 - Knowledge - INFO - process ingested knowledge for /app/data/T0015/271517/b4715fp/spacetelescope/jwql/database/monitor_table_definitions/miri/miri_readnoise_query_history.txt
2025-11-19 10:09:45,615 - Knowledge - INFO - process ingested knowledge for /app/data/T0015/271517/b4715fp/spacetelescope/jwql/tests/test_bokeh_templating_interface.yaml
2025-11-19 10:09:45,726 - Knowledge - INFO - process ingested knowledge for /app/data/T0015/271517/b4715fp/spacetelescope/style_guide/typing_demo/typing_demo_3.py
2025-11-19 10:09:45,811 - Knowledge - INFO - process ingested knowledge for /app/data/T0015/271517/b4715fp/spacetelescope/jwql/database/monitor_table_definitions/nirspec/nirspec_bias_stats.txt
2025-11-19 10:09:45,880 - Knowledge - INFO - process ingested knowledge for /app/data/T0015/271517/b4715fp/spacetelescope/jwql/database/monitor_table_definitions/miri/miri_dark_dark_current.txt
2025-11-19 10:09:45,962 - Knowledge - INFO - process ingested knowledge for /app/data/T0015/271517/b4715fp/spacetelescope/jwql/tests/test_bokeh_templating.py
2025-11-19 10:09:46,105 - Knowledge - INFO - process ingested knowledge for /app/data/T0015/271517/b4715fp/spacetelescope/style_guide/typing_demo/typing_demo_1.py
2025-11-19 10:09:46,202 - Knowledge - INFO - process ingested knowledge for /app/data/T0015/271517/b4715fp/spacetelescope/jwql/database/monitor_table_definitions/nirspec/nirspec_readnoise_query_history.txt
2025-11-19 10:09:46,407 - Knowledge - INFO - process ingested knowledge for /app/data/T0015/271517/b4715fp/spacetelescope/jwql/tests/test_instrument_properties.py
2025-11-19 10:09:46,505 - Knowledge - INFO - process ingested knowledge for /app/data/T0015/271517/b4715fp/spacetelescope/style_guide/typing_demo/typing_demo_4.py
2025-11-19 10:09:46,637 - Knowledge - INFO - process ingested knowledge for /app/data/T0015/271517/b4715fp/spacetelescope/jwql/database/monitor_table_definitions/nirspec/nirspec_readnoise_stats.txt
2025-11-19 10:09:46,638 - Knowledge - INFO - process ingested knowledge for /app/data/T0015/271517/b4715fp/spacetelescope/jwql/tests/test_database_interface.py
2025-11-19 10:09:46,751 - Knowledge - INFO - process ingested knowledge for /app/data/T0015/271517/b4715fp/spacetelescope/style_guide/typing_demo/typing_demo_2.py
2025-11-19 10:09:46,903 - Knowledge - INFO - process ingested knowledge for /app/data/T0015/271517/b4715fp/spacetelescope/jwql/database/monitor_table_definitions/nirspec/nirspec_dark_query_history.txt
2025-11-19 10:09:47,160 - Knowledge - INFO - process ingested knowledge for /app/data/T0015/271517/b4715fp/spacetelescope/docs/source/utils.rst
2025-11-19 10:09:47,237 - Knowledge - INFO - process ingested knowledge for /app/data/T0015/271517/b4715fp/spacetelescope/jwql/database/monitor_table_definitions/nirspec/nirspec_bad_pixel_stats.txt
2025-11-19 10:09:47,415 - Knowledge - INFO - process ingested knowledge for /app/data/T0015/271517/b4715fp/spacetelescope/docs/source/database.rst
2025-11-19 10:09:47,496 - Knowledge - INFO - process ingested knowledge for /app/data/T0015/271517/b4715fp/spacetelescope/jwql/database/monitor_table_definitions/nirspec/nirspec_bad_pixel_query_history.txt
2025-11-19 10:09:47,728 - Knowledge - INFO - process ingested knowledge for /app/data/T0015/271517/b4715fp/spacetelescope/docs/source/edb.rst
2025-11-19 10:09:47,730 - Knowledge - INFO - process ingested knowledge for /app/data/T0015/271517/b4715fp/spacetelescope/jwql/database/monitor_table_definitions/nircam/nircam_dark_pixel_stats.txt
2025-11-19 10:09:48,018 - Knowledge - INFO - process ingested knowledge for /app/data/T0015/271517/b4715fp/spacetelescope/docs/source/common_monitors.rst
2025-11-19 10:09:48,092 - Knowledge - INFO - process ingested knowledge for /app/data/T0015/271517/b4715fp/spacetelescope/jwql/database/monitor_table_definitions/nircam/nircam_bias_stats.txt
2025-11-19 10:09:48,092 - Knowledge - INFO - [WEBSOCKET] Sent: Type=progress_update, Size: 290, Duration: 0ms
2025-11-19 10:09:48,311 - Knowledge - INFO - process ingested knowledge for /app/data/T0015/271517/b4715fp/spacetelescope/docs/source/website.rst
2025-11-19 10:09:48,330 - Knowledge - INFO - process ingested knowledge for /app/data/T0015/271517/b4715fp/spacetelescope/jwql/database/monitor_table_definitions/nircam/nircam_bias_query_history.txt
2025-11-19 10:09:48,421 - Knowledge - INFO - [WEBSOCKET] Sent: Type=unknown, Size: ?, Duration: 329ms
2025-11-19 10:09:48,534 - Knowledge - INFO - process ingested knowledge for /app/data/T0015/271517/b4715fp/spacetelescope/docs/source/tests.rst
2025-11-19 10:09:48,717 - Knowledge - INFO - Progress: 20.7% | Files: 49/237 | Rate: 0.79 files/sec | Queue: 1
2025-11-19 10:09:48,719 - Knowledge - INFO - [kw7] Queue=1, InProgress=0, PendingWorkers=20/20, Completed=49/237 (20.7%)
2025-11-19 10:09:48,989 - Knowledge - INFO - [kw5] Queue=1, InProgress=0, PendingWorkers=20/20, Completed=49/237 (20.7%)
2025-11-19 10:09:49,019 - Knowledge - INFO - Batch sizing: calculated=1, max_allowed=25, queue=1, active_workers=20/20
2025-11-19 10:09:49,200 - Knowledge - INFO - Batch sizing: calculated=1, max_allowed=25, queue=1, active_workers=20/20
2025-11-19 10:09:49,366 - Knowledge - INFO - Async storing batch of 12 embeddings
2025-11-19 10:09:49,545 - Knowledge - INFO - Worker kw7 processing /app/data/T0015/271517/b4715fp/spacetelescope/environment_python_3_8.yml
2025-11-19 10:09:49,738 - Knowledge - INFO - Fast-tracked /app/data/T0015/271517/b4715fp/spacetelescope/environment_python_3_8.yml (ext=.yml, size=1522)
2025-11-19 10:09:49,917 - Knowledge - INFO - Async storage completed for 12 embeddings
2025-11-19 10:09:50,187 - Knowledge - INFO - Processing batch of 1 files
2025-11-19 10:09:50,356 - Knowledge - INFO - process ingested knowledge for /app/data/T0015/271517/b4715fp/spacetelescope/environment_python_3_8.yml
2025-11-19 10:09:51,919 - Knowledge - INFO - Fast-tracked /app/data/T0015/271517/b4715fp/spacetelescope/jwql/website/apps/jwql/templates/instrument.html (small file (2927 bytes))
2025-11-19 10:09:53,036 - Knowledge - INFO - Fast-tracked /app/data/T0015/271517/b4715fp/spacetelescope/jwql/website/apps/jwql/models.py (small file (2300 bytes))
2025-11-19 10:09:58,929 - Knowledge - INFO - [LLM_CALL] Completed: factory.py:chunk1, Duration: 14378ms, PromptTokens: 5226, CompletionTokens: 368, Cost: $0.00067
2025-11-19 10:09:59,124 - Knowledge - INFO - done ingest for /app/data/T0015/271517/b4715fp/spacetelescope/jwql/bokeh_templating/factory.py
2025-11-19 10:10:00,721 - Knowledge - INFO - Fast-tracked /app/data/T0015/271517/b4715fp/spacetelescope/jwql/utils/credentials.py (small file (2415 bytes))
2025-11-19 10:10:07,849 - Knowledge - INFO - [LLM_CALL] Completed: conf.py:chunk1, Duration: 22504ms, PromptTokens: 3462, CompletionTokens: 292, Cost: $0.00046
2025-11-19 10:10:08,037 - Knowledge - INFO - done ingest for /app/data/T0015/271517/b4715fp/spacetelescope/docs/source/conf.py
2025-11-19 10:10:08,122 - Knowledge - INFO - [LLM_CALL] Completed: template.py:chunk1, Duration: 30923ms, PromptTokens: 4820, CompletionTokens: 750, Cost: $0.00078
2025-11-19 10:10:08,381 - Knowledge - INFO - done ingest for /app/data/T0015/271517/b4715fp/spacetelescope/jwql/bokeh_templating/template.py
2025-11-19 10:10:08,567 - Knowledge - INFO - Processing batch of 10 files
2025-11-19 10:10:08,718 - Knowledge - INFO - process ingested knowledge for /app/data/T0015/271517/b4715fp/spacetelescope/docs/source/instrument_monitors.rst
2025-11-19 10:10:08,956 - Knowledge - INFO - process ingested knowledge for /app/data/T0015/271517/b4715fp/spacetelescope/docs/source/conf.py
2025-11-19 10:10:08,956 - Knowledge - INFO - Processing batch of 12 files
2025-11-19 10:10:09,214 - Knowledge - INFO - process ingested knowledge for /app/data/T0015/271517/b4715fp/spacetelescope/docs/source/jwql_monitors.rst
2025-11-19 10:10:09,295 - Knowledge - INFO - process ingested knowledge for /app/data/T0015/271517/b4715fp/spacetelescope/jwql/database/monitor_table_definitions/miri/miri_dark_pixel_stats.txt
2025-11-19 10:10:09,392 - Knowledge - INFO - [LLM_CALL] Completed: database_interface.py:chunk1, Duration: 28251ms, PromptTokens: 8012, CompletionTokens: 923, Cost: $0.00117
2025-11-19 10:10:09,443 - Knowledge - INFO - process ingested knowledge for /app/data/T0015/271517/b4715fp/spacetelescope/docs/source/index.rst
2025-11-19 10:10:09,553 - Knowledge - INFO - process ingested knowledge for /app/data/T0015/271517/b4715fp/spacetelescope/jwql/database/reset_database.py
2025-11-19 10:10:09,634 - Knowledge - INFO - done ingest for /app/data/T0015/271517/b4715fp/spacetelescope/jwql/database/database_interface.py
2025-11-19 10:10:09,741 - Knowledge - INFO - process ingested knowledge for /app/data/T0015/271517/b4715fp/spacetelescope/WEBPAGE_TEMPLATE.md
2025-11-19 10:10:09,833 - Knowledge - INFO - process ingested knowledge for /app/data/T0015/271517/b4715fp/spacetelescope/jwql/bokeh_templating/example/main.py
2025-11-19 10:10:10,030 - Knowledge - INFO - Processing batch of 15 files
2025-11-19 10:10:10,055 - Knowledge - INFO - process ingested knowledge for /app/data/T0015/271517/b4715fp/spacetelescope/CODE_OF_CONDUCT.md
2025-11-19 10:10:10,192 - Knowledge - INFO - process ingested knowledge for /app/data/T0015/271517/b4715fp/spacetelescope/jwql/bokeh_templating/example/example_interface.yaml
2025-11-19 10:10:10,292 - Knowledge - INFO - process ingested knowledge for /app/data/T0015/271517/b4715fp/spacetelescope/jwql/example_config.json
2025-11-19 10:10:10,422 - Knowledge - INFO - process ingested knowledge for /app/data/T0015/271517/b4715fp/spacetelescope/README.md
2025-11-19 10:10:10,505 - Knowledge - INFO - process ingested knowledge for /app/data/T0015/271517/b4715fp/spacetelescope/jwql/bokeh_templating/keyword_map.py
2025-11-19 10:10:10,507 - Knowledge - INFO - [LLM_CALL] Completed: jwql.js:chunk1, Duration: 26874ms, PromptTokens: 12264, CompletionTokens: 878, Cost: $0.00158
2025-11-19 10:10:10,602 - Knowledge - INFO - process ingested knowledge for /app/data/T0015/271517/b4715fp/spacetelescope/jwql/database/database_interface.py
2025-11-19 10:10:10,696 - Knowledge - INFO - process ingested knowledge for /app/data/T0015/271517/b4715fp/spacetelescope/codecov.yml
2025-11-19 10:10:10,799 - Knowledge - INFO - process ingested knowledge for /app/data/T0015/271517/b4715fp/spacetelescope/jwql/bokeh_templating/template.py
2025-11-19 10:10:10,900 - Knowledge - INFO - done ingest for /app/data/T0015/271517/b4715fp/spacetelescope/jwql/website/apps/jwql/static/js/jwql.js
2025-11-19 10:10:11,004 - Knowledge - INFO - process ingested knowledge for /app/data/T0015/271517/b4715fp/spacetelescope/jwql/database/monitor_table_definitions/fgs/fgs_dark_dark_current.txt
2025-11-19 10:10:11,093 - Knowledge - INFO - process ingested knowledge for /app/data/T0015/271517/b4715fp/spacetelescope/rtd_requirements.txt
2025-11-19 10:10:11,197 - Knowledge - INFO - process ingested knowledge for /app/data/T0015/271517/b4715fp/spacetelescope/jwql/bokeh_templating/__init__.py
2025-11-19 10:10:11,378 - Knowledge - INFO - process ingested knowledge for /app/data/T0015/271517/b4715fp/spacetelescope/jwql/database/monitor_table_definitions/fgs/fgs_dark_pixel_stats.txt
2025-11-19 10:10:11,430 - Knowledge - INFO - Processing batch of 12 files
2025-11-19 10:10:11,476 - Knowledge - INFO - process ingested knowledge for /app/data/T0015/271517/b4715fp/spacetelescope/pytest.ini
2025-11-19 10:10:11,571 - Knowledge - INFO - process ingested knowledge for /app/data/T0015/271517/b4715fp/spacetelescope/jwql/bokeh_templating/factory.py
2025-11-19 10:10:11,654 - Knowledge - INFO - process ingested knowledge for /app/data/T0015/271517/b4715fp/spacetelescope/jwql/database/monitor_table_definitions/fgs/fgs_dark_query_history.txt
2025-11-19 10:10:11,730 - Knowledge - INFO - process ingested knowledge for /app/data/T0015/271517/b4715fp/spacetelescope/jwql/website/jwql_proj/wsgi.py
2025-11-19 10:10:11,944 - Knowledge - INFO - process ingested knowledge for /app/data/T0015/271517/b4715fp/spacetelescope/jwql/tests/test_calculations.py
2025-11-19 10:10:12,032 - Knowledge - INFO - process ingested knowledge for /app/data/T0015/271517/b4715fp/spacetelescope/jwql/database/monitor_table_definitions/fgs/fgs_readnoise_stats.txt
2025-11-19 10:10:12,137 - Knowledge - INFO - process ingested knowledge for /app/data/T0015/271517/b4715fp/spacetelescope/jwql/website/jwql_proj/jinja2.py
2025-11-19 10:10:12,225 - Knowledge - INFO - process ingested knowledge for /app/data/T0015/271517/b4715fp/spacetelescope/jwql/tests/test_bias_monitor.py
2025-11-19 10:10:12,345 - Knowledge - INFO - process ingested knowledge for /app/data/T0015/271517/b4715fp/spacetelescope/jwql/database/monitor_table_definitions/fgs/fgs_readnoise_query_history.txt
2025-11-19 10:10:12,455 - Knowledge - INFO - process ingested knowledge for /app/data/T0015/271517/b4715fp/spacetelescope/jwql/website/jwql_proj/urls.py
2025-11-19 10:10:12,476 - Knowledge - INFO - process ingested knowledge for /app/data/T0015/271517/b4715fp/spacetelescope/jwql/tests/test_pipeline_tools.py
2025-11-19 10:10:12,582 - Knowledge - INFO - process ingested knowledge for /app/data/T0015/271517/b4715fp/spacetelescope/jwql/database/monitor_table_definitions/fgs/fgs_bad_pixel_stats.txt
2025-11-19 10:10:12,701 - Knowledge - INFO - process ingested knowledge for /app/data/T0015/271517/b4715fp/spacetelescope/jwql/website/apps/jwql/admin.py
2025-11-19 10:10:12,807 - Knowledge - INFO - process ingested knowledge for /app/data/T0015/271517/b4715fp/spacetelescope/jwql/tests/test_monitor_mast.py
2025-11-19 10:10:12,922 - Knowledge - INFO - process ingested knowledge for /app/data/T0015/271517/b4715fp/spacetelescope/jwql/database/monitor_table_definitions/fgs/fgs_bad_pixel_query_history.txt
2025-11-19 10:10:12,958 - Knowledge - INFO - [WEBSOCKET] Sent: Type=progress_update, Size: 289, Duration: 0ms
2025-11-19 10:10:12,966 - Knowledge - INFO - process ingested knowledge for /app/data/T0015/271517/b4715fp/spacetelescope/jwql/website/apps/jwql/static/css/sticky-footer.css
2025-11-19 10:10:13,150 - Knowledge - INFO - process ingested knowledge for /app/data/T0015/271517/b4715fp/spacetelescope/jwql/database/monitor_table_definitions/niriss/niriss_bias_stats.txt
2025-11-19 10:10:13,220 - Knowledge - INFO - [WEBSOCKET] Sent: Type=unknown, Size: ?, Duration: 262ms
2025-11-19 10:10:13,342 - Knowledge - INFO - process ingested knowledge for /app/data/T0015/271517/b4715fp/spacetelescope/jwql/website/apps/jwql/static/css/loader-magnify.css
2025-11-19 10:10:13,373 - Knowledge - INFO - process ingested knowledge for /app/data/T0015/271517/b4715fp/spacetelescope/jwql/database/monitor_table_definitions/niriss/niriss_bias_query_history.txt
2025-11-19 10:10:13,472 - Knowledge - INFO - Progress: 41.8% | Files: 99/237 | Rate: 1.14 files/sec | Queue: 0
2025-11-19 10:10:13,570 - Knowledge - INFO - process ingested knowledge for /app/data/T0015/271517/b4715fp/spacetelescope/jwql/website/apps/jwql/static/css/loader.css
2025-11-19 10:10:13,678 - Knowledge - INFO - process ingested knowledge for /app/data/T0015/271517/b4715fp/spacetelescope/jwql/database/monitor_table_definitions/niriss/niriss_dark_dark_current.txt
2025-11-19 10:10:13,927 - Knowledge - INFO - process ingested knowledge for /app/data/T0015/271517/b4715fp/spacetelescope/jwql/website/apps/jwql/static/css/jwql.css
2025-11-19 10:10:13,935 - Knowledge - INFO - process ingested knowledge for /app/data/T0015/271517/b4715fp/spacetelescope/jwql/database/monitor_table_definitions/niriss/niriss_dark_pixel_stats.txt
2025-11-19 10:10:14,119 - Knowledge - INFO - process ingested knowledge for /app/data/T0015/271517/b4715fp/spacetelescope/jwql/website/apps/jwql/static/css/bootstrap.min.css
2025-11-19 10:10:14,268 - Knowledge - INFO - process ingested knowledge for /app/data/T0015/271517/b4715fp/spacetelescope/jwql/database/monitor_table_definitions/niriss/niriss_readnoise_query_history.txt
2025-11-19 10:10:14,399 - Knowledge - INFO - process ingested knowledge for /app/data/T0015/271517/b4715fp/spacetelescope/jwql/website/apps/jwql/static/js/image_click_to_change.js
2025-11-19 10:10:14,528 - Knowledge - INFO - process ingested knowledge for /app/data/T0015/271517/b4715fp/spacetelescope/jwql/database/monitor_table_definitions/niriss/niriss_readnoise_stats.txt
2025-11-19 10:10:14,575 - Knowledge - INFO - process ingested knowledge for /app/data/T0015/271517/b4715fp/spacetelescope/jwql/website/apps/jwql/static/js/tinysort.min.js
2025-11-19 10:10:14,887 - Knowledge - INFO - process ingested knowledge for /app/data/T0015/271517/b4715fp/spacetelescope/jwql/website/apps/jwql/static/js/jwql.js
2025-11-19 10:10:16,627 - Knowledge - INFO - Fast-tracked /app/data/T0015/271517/b4715fp/spacetelescope/jwql/website/apps/jwql/templates/thumbnails.html (small file (2317 bytes))
2025-11-19 10:10:16,802 - Knowledge - INFO - Fast-tracked /app/data/T0015/271517/b4715fp/spacetelescope/jwql/website/apps/jwql/templates/nirspec_data_trending.html (small file (3010 bytes))
2025-11-19 10:10:19,847 - Knowledge - INFO - [LLM_CALL] Completed: home.html:chunk1, Duration: 27753ms, PromptTokens: 2508, CompletionTokens: 59, Cost: $0.00027
2025-11-19 10:10:20,047 - Knowledge - INFO - done ingest for /app/data/T0015/271517/b4715fp/spacetelescope/jwql/website/apps/jwql/templates/home.html
2025-11-19 10:10:21,589 - Knowledge - INFO - [LLM_CALL] Completed: engineering_database.html:chunk1, Duration: 14128ms, PromptTokens: 4534, CompletionTokens: 110, Cost: $0.00050
2025-11-19 10:10:21,800 - Knowledge - INFO - done ingest for /app/data/T0015/271517/b4715fp/spacetelescope/jwql/website/apps/jwql/templates/engineering_database.html
2025-11-19 10:10:22,029 - Knowledge - INFO - [LLM_CALL] Completed: view_image.html:chunk1, Duration: 42486ms, PromptTokens: 3516, CompletionTokens: 59, Cost: $0.00038
2025-11-19 10:10:22,205 - Knowledge - INFO - done ingest for /app/data/T0015/271517/b4715fp/spacetelescope/jwql/website/apps/jwql/templates/view_image.html
2025-11-19 10:10:22,419 - Knowledge - INFO - Processing batch of 10 files
2025-11-19 10:10:22,602 - Knowledge - INFO - process ingested knowledge for /app/data/T0015/271517/b4715fp/spacetelescope/jwql/website/apps/jwql/templates/view_image.html
2025-11-19 10:10:23,236 - Knowledge - INFO - process ingested knowledge for /app/data/T0015/271517/b4715fp/spacetelescope/jwql/website/apps/jwql/templates/readnoise_monitor.html
2025-11-19 10:10:23,403 - Knowledge - INFO - process ingested knowledge for /app/data/T0015/271517/b4715fp/spacetelescope/jwql/website/apps/jwql/templates/instrument.html
2025-11-19 10:10:23,574 - Knowledge - INFO - process ingested knowledge for /app/data/T0015/271517/b4715fp/spacetelescope/jwql/website/apps/jwql/templates/dark_monitor.html
2025-11-19 10:10:23,756 - Knowledge - INFO - process ingested knowledge for /app/data/T0015/271517/b4715fp/spacetelescope/jwql/website/apps/jwql/templates/query_submit.html
2025-11-19 10:10:23,918 - Knowledge - INFO - process ingested knowledge for /app/data/T0015/271517/b4715fp/spacetelescope/jwql/website/apps/jwql/templates/home.html
2025-11-19 10:10:24,079 - Knowledge - INFO - process ingested knowledge for /app/data/T0015/271517/b4715fp/spacetelescope/jwql/website/apps/jwql/templates/engineering_database.html
2025-11-19 10:10:24,480 - Knowledge - INFO - process ingested knowledge for /app/data/T0015/271517/b4715fp/spacetelescope/jwql/website/apps/jwql/templates/bad_pixel_monitor.html
2025-11-19 10:10:24,846 - Knowledge - INFO - process ingested knowledge for /app/data/T0015/271517/b4715fp/spacetelescope/jwql/website/apps/jwql/templates/thumbnails.html
2025-11-19 10:10:25,252 - Knowledge - INFO - process ingested knowledge for /app/data/T0015/271517/b4715fp/spacetelescope/jwql/website/apps/jwql/templates/nirspec_data_trending.html
2025-11-19 10:10:27,076 - Knowledge - INFO - [WEBSOCKET] Sent: Type=progress_update, Size: 292, Duration: 0ms
2025-11-19 10:10:27,288 - Knowledge - INFO - [LLM_CALL] Completed: monitor_mast_bokeh.py:chunk1, Duration: 34762ms, PromptTokens: 2406, CompletionTokens: 450, Cost: $0.00042
2025-11-19 10:10:27,463 - Knowledge - INFO - done ingest for /app/data/T0015/271517/b4715fp/spacetelescope/jwql/website/apps/jwql/monitor_pages/monitor_mast_bokeh.py
2025-11-19 10:10:27,463 - Knowledge - INFO - [WEBSOCKET] Sent: Type=unknown, Size: ?, Duration: 387ms
2025-11-19 10:10:27,814 - Knowledge - INFO - Progress: 46.0% | Files: 109/237 | Rate: 1.08 files/sec | Queue: 0
2025-11-19 10:10:27,912 - Knowledge - INFO - [LLM_CALL] Completed: monitor_filesystem_bokeh.py:chunk1, Duration: 19870ms, PromptTokens: 5228, CompletionTokens: 512, Cost: $0.00073
2025-11-19 10:10:28,152 - Knowledge - INFO - done ingest for /app/data/T0015/271517/b4715fp/spacetelescope/jwql/website/apps/jwql/monitor_pages/monitor_filesystem_bokeh.py
2025-11-19 10:10:30,039 - Knowledge - INFO - [LLM_CALL] Completed: monitor_bias_bokeh.py:chunk1, Duration: 48533ms, PromptTokens: 4454, CompletionTokens: 608, Cost: $0.00069
2025-11-19 10:10:30,192 - Knowledge - INFO - done ingest for /app/data/T0015/271517/b4715fp/spacetelescope/jwql/website/apps/jwql/monitor_pages/monitor_bias_bokeh.py
2025-11-19 10:10:30,447 - Knowledge - INFO - Processing batch of 10 files
2025-11-19 10:10:30,663 - Knowledge - INFO - process ingested knowledge for /app/data/T0015/271517/b4715fp/spacetelescope/jwql/website/apps/jwql/monitor_pages/monitor_bias_bokeh.py
2025-11-19 10:10:30,833 - Knowledge - INFO - process ingested knowledge for /app/data/T0015/271517/b4715fp/spacetelescope/jwql/website/apps/jwql/monitor_pages/yaml/monitor_readnoise_interface.yaml
2025-11-19 10:10:31,029 - Knowledge - INFO - process ingested knowledge for /app/data/T0015/271517/b4715fp/spacetelescope/jwql/website/apps/jwql/monitor_pages/yaml/dark_monitor_interface.yaml
2025-11-19 10:10:31,211 - Knowledge - INFO - process ingested knowledge for /app/data/T0015/271517/b4715fp/spacetelescope/jwql/website/apps/jwql/monitor_pages/yaml/badpixel_monitor_interface.yaml
2025-11-19 10:10:31,405 - Knowledge - INFO - process ingested knowledge for /app/data/T0015/271517/b4715fp/spacetelescope/jwql/website/apps/jwql/monitor_pages/yaml/monitor_filesystem_interface.yaml
2025-11-19 10:10:31,568 - Knowledge - INFO - process ingested knowledge for /app/data/T0015/271517/b4715fp/spacetelescope/jwql/website/apps/jwql/monitor_pages/yaml/monitor_mast_interface.yaml
2025-11-19 10:10:31,769 - Knowledge - INFO - process ingested knowledge for /app/data/T0015/271517/b4715fp/spacetelescope/jwql/website/apps/jwql/monitor_pages/yaml/monitor_bias_interface.yaml
2025-11-19 10:10:31,953 - Knowledge - INFO - process ingested knowledge for /app/data/T0015/271517/b4715fp/spacetelescope/jwql/website/apps/jwql/monitor_pages/monitor_mast_bokeh.py
2025-11-19 10:10:32,140 - Knowledge - INFO - process ingested knowledge for /app/data/T0015/271517/b4715fp/spacetelescope/jwql/website/apps/jwql/monitor_pages/monitor_filesystem_bokeh.py
2025-11-19 10:10:32,350 - Knowledge - INFO - process ingested knowledge for /app/data/T0015/271517/b4715fp/spacetelescope/jwql/website/apps/jwql/monitor_pages/__init__.py
2025-11-19 10:10:33,439 - Knowledge - INFO - [WEBSOCKET] Sent: Type=progress_update, Size: 293, Duration: 0ms
2025-11-19 10:10:33,535 - Knowledge - INFO - Fast-tracked /app/data/T0015/271517/b4715fp/spacetelescope/jwql/website/apps/jwql/templates/archive.html (small file (2599 bytes))
2025-11-19 10:10:33,642 - Knowledge - INFO - [WEBSOCKET] Sent: Type=unknown, Size: ?, Duration: 203ms
2025-11-19 10:10:33,866 - Knowledge - INFO - Progress: 50.2% | Files: 119/237 | Rate: 1.11 files/sec | Queue: 0
2025-11-19 10:10:34,348 - Knowledge - INFO - Fast-tracked /app/data/T0015/271517/b4715fp/spacetelescope/jwql/jwql_monitors/generate_proposal_thumbnails.py (small file (2251 bytes))
2025-11-19 10:10:34,592 - Knowledge - ERROR - Timeout processing /app/data/T0015/271517/b4715fp/spacetelescope/CHANGES.rst after 90s
2025-11-19 10:10:35,281 - Knowledge - INFO - [LLM_CALL] Completed: api_landing.html:chunk1, Duration: 19243ms, PromptTokens: 4942, CompletionTokens: 115, Cost: $0.00054
2025-11-19 10:10:35,494 - Knowledge - INFO - done ingest for /app/data/T0015/271517/b4715fp/spacetelescope/jwql/website/apps/jwql/templates/api_landing.html
2025-11-19 10:10:36,228 - Knowledge - INFO - [LLM_CALL] Completed: keywords_in_multiple_headers.ipynb:chunk1, Duration: 69907ms, PromptTokens: 4578, CompletionTokens: 59, Cost: $0.00048
2025-11-19 10:10:36,468 - Knowledge - INFO - done ingest for /app/data/T0015/271517/b4715fp/spacetelescope/notebooks/keywords_in_multiple_headers.ipynb
2025-11-19 10:10:36,472 - Knowledge - INFO - [LLM_CALL] Completed: PEP8_examples.ipynb:chunk1, Duration: 15248ms, PromptTokens: 14390, CompletionTokens: 59, Cost: $0.00146
2025-11-19 10:10:36,892 - Knowledge - INFO - done ingest for /app/data/T0015/271517/b4715fp/spacetelescope/style_guide/PEP8_examples.ipynb
2025-11-19 10:10:36,892 - Knowledge - INFO - [LLM_CALL] Completed: anomaly_query.html:chunk1, Duration: 10243ms, PromptTokens: 9422, CompletionTokens: 112, Cost: $0.00099
2025-11-19 10:10:37,134 - Knowledge - INFO - done ingest for /app/data/T0015/271517/b4715fp/spacetelescope/jwql/website/apps/jwql/templates/anomaly_query.html
2025-11-19 10:10:37,136 - Knowledge - INFO - [LLM_CALL] Completed: dashboard.html:chunk1, Duration: 54963ms, PromptTokens: 2220, CompletionTokens: 59, Cost: $0.00025
2025-11-19 10:10:37,591 - Knowledge - INFO - done ingest for /app/data/T0015/271517/b4715fp/spacetelescope/jwql/website/apps/jwql/templates/dashboard.html
2025-11-19 10:10:38,255 - Knowledge - INFO - [LLM_CALL] Completed: jwqldb_table_viewer.html:chunk1, Duration: 47564ms, PromptTokens: 2630, CompletionTokens: 59, Cost: $0.00029
2025-11-19 10:10:38,475 - Knowledge - INFO - done ingest for /app/data/T0015/271517/b4715fp/spacetelescope/jwql/website/apps/jwql/templates/jwqldb_table_viewer.html
2025-11-19 10:10:38,487 - Knowledge - INFO - [LLM_CALL] Completed: view_header.html:chunk1, Duration: 57829ms, PromptTokens: 2452, CompletionTokens: 59, Cost: $0.00027
2025-11-19 10:10:39,020 - Knowledge - INFO - done ingest for /app/data/T0015/271517/b4715fp/spacetelescope/jwql/website/apps/jwql/templates/view_header.html
2025-11-19 10:10:40,162 - Knowledge - INFO - [LLM_CALL] Completed: example.py:chunk1, Duration: 28548ms, PromptTokens: 3310, CompletionTokens: 328, Cost: $0.00046
2025-11-19 10:10:40,335 - Knowledge - INFO - done ingest for /app/data/T0015/271517/b4715fp/spacetelescope/style_guide/example.py
2025-11-19 10:10:41,049 - Knowledge - INFO - [LLM_CALL] Completed: base.html:chunk1, Duration: 31975ms, PromptTokens: 5982, CompletionTokens: 59, Cost: $0.00062
2025-11-19 10:10:41,280 - Knowledge - INFO - done ingest for /app/data/T0015/271517/b4715fp/spacetelescope/jwql/website/apps/jwql/templates/base.html
2025-11-19 10:10:42,496 - Knowledge - INFO - [LLM_CALL] Completed: about.html:chunk1, Duration: 51190ms, PromptTokens: 4908, CompletionTokens: 109, Cost: $0.00053
2025-11-19 10:10:42,723 - Knowledge - INFO - done ingest for /app/data/T0015/271517/b4715fp/spacetelescope/jwql/website/apps/jwql/templates/about.html
2025-11-19 10:10:42,951 - Knowledge - INFO - Processing batch of 10 files
2025-11-19 10:10:43,111 - Knowledge - INFO - process ingested knowledge for /app/data/T0015/271517/b4715fp/spacetelescope/jwql/website/apps/jwql/templates/view_header.html
2025-11-19 10:10:43,609 - Knowledge - INFO - process ingested knowledge for /app/data/T0015/271517/b4715fp/spacetelescope/jwql/website/apps/jwql/templates/404_space.html
2025-11-19 10:10:43,615 - Knowledge - INFO - [LLM_CALL] Completed: integrating_auth_mast_service.ipynb:chunk1, Duration: 73273ms, PromptTokens: 8986, CompletionTokens: 59, Cost: $0.00092
2025-11-19 10:10:44,066 - Knowledge - INFO - done ingest for /app/data/T0015/271517/b4715fp/spacetelescope/notebooks/integrating_auth_mast_service.ipynb
2025-11-19 10:10:44,203 - Knowledge - INFO - process ingested knowledge for /app/data/T0015/271517/b4715fp/spacetelescope/jwql/website/apps/jwql/templates/not_authenticated.html
2025-11-19 10:10:44,591 - Knowledge - INFO - [LLM_CALL] Completed: engineering_database.py:chunk1, Duration: 42618ms, PromptTokens: 6578, CompletionTokens: 586, Cost: $0.00089
2025-11-19 10:10:44,609 - Knowledge - INFO - process ingested knowledge for /app/data/T0015/271517/b4715fp/spacetelescope/jwql/website/apps/jwql/templates/about.html
2025-11-19 10:10:44,654 - Knowledge - ERROR - Timeout processing /app/data/T0015/271517/b4715fp/spacetelescope/jwql/utils/utils.py after 90s
2025-11-19 10:10:44,717 - Knowledge - INFO - Fast-tracked /app/data/T0015/271517/b4715fp/spacetelescope/jwql/instrument_monitors/nirspec_monitors/data_trending/wheel_to_db.py (small file (2000 bytes))
2025-11-19 10:10:44,796 - Knowledge - INFO - done ingest for /app/data/T0015/271517/b4715fp/spacetelescope/jwql/edb/engineering_database.py
2025-11-19 10:10:45,090 - Knowledge - INFO - process ingested knowledge for /app/data/T0015/271517/b4715fp/spacetelescope/jwql/website/apps/jwql/templates/base.html
2025-11-19 10:10:45,153 - Knowledge - ERROR - Timeout processing /app/data/T0015/271517/b4715fp/spacetelescope/jwql/utils/constants.py after 90s
2025-11-19 10:10:45,472 - Knowledge - INFO - Fast-tracked /app/data/T0015/271517/b4715fp/spacetelescope/jwql/instrument_monitors/nirspec_monitors/data_trending/dashboard.py (small file (3055 bytes))
2025-11-19 10:10:45,960 - Knowledge - INFO - process ingested knowledge for /app/data/T0015/271517/b4715fp/spacetelescope/jwql/website/apps/jwql/templates/404_spacecat.html
2025-11-19 10:10:45,962 - Knowledge - ERROR - Timeout processing /app/data/T0015/271517/b4715fp/spacetelescope/jwql/utils/instrument_properties.py after 90s
2025-11-19 10:10:46,316 - Knowledge - ERROR - Timeout processing /app/data/T0015/271517/b4715fp/spacetelescope/jwql/utils/mast_utils.py after 90s
2025-11-19 10:10:46,415 - Knowledge - INFO - [LLM_CALL] Completed: monitor_bad_pixel_bokeh.py:chunk1, Duration: 16552ms, PromptTokens: 8582, CompletionTokens: 773, Cost: $0.00117
2025-11-19 10:10:46,416 - Knowledge - INFO - process ingested knowledge for /app/data/T0015/271517/b4715fp/spacetelescope/jwql/website/apps/jwql/templates/api_landing.html
2025-11-19 10:10:46,781 - Knowledge - ERROR - Timeout processing /app/data/T0015/271517/b4715fp/spacetelescope/jwql/utils/organize_filesystem.py after 90s
2025-11-19 10:10:47,024 - Knowledge - INFO - done ingest for /app/data/T0015/271517/b4715fp/spacetelescope/jwql/website/apps/jwql/monitor_pages/monitor_bad_pixel_bokeh.py
2025-11-19 10:10:47,210 - Knowledge - ERROR - Timeout processing /app/data/T0015/271517/b4715fp/spacetelescope/jwql/utils/monitor_template.py after 90s
2025-11-19 10:10:47,421 - Knowledge - ERROR - Timeout processing /app/data/T0015/271517/b4715fp/spacetelescope/jwql/utils/logging_functions.py after 90s
2025-11-19 10:10:47,664 - Knowledge - ERROR - Timeout processing /app/data/T0015/271517/b4715fp/spacetelescope/jwql/utils/calculations.py after 90s
2025-11-19 10:10:47,977 - Knowledge - INFO - process ingested knowledge for /app/data/T0015/271517/b4715fp/spacetelescope/jwql/website/apps/jwql/templates/anomaly_query.html
2025-11-19 10:10:48,136 - Knowledge - INFO - Processing batch of 10 files
2025-11-19 10:10:48,185 - Knowledge - ERROR - Timeout processing /app/data/T0015/271517/b4715fp/spacetelescope/jwql/utils/permissions.py after 90s
2025-11-19 10:10:48,442 - Knowledge - INFO - process ingested knowledge for /app/data/T0015/271517/b4715fp/spacetelescope/jwql/website/apps/jwql/templates/dashboard.html
2025-11-19 10:10:48,452 - Knowledge - INFO - process ingested knowledge for /app/data/T0015/271517/b4715fp/spacetelescope/jwql/website/apps/jwql/templates/bias_monitor.html
2025-11-19 10:10:48,572 - Knowledge - ERROR - Timeout processing /app/data/T0015/271517/b4715fp/spacetelescope/jwql/utils/crds_tools.py after 90s
2025-11-19 10:10:49,033 - Knowledge - INFO - process ingested knowledge for /app/data/T0015/271517/b4715fp/spacetelescope/jwql/website/apps/jwql/templates/miri_data_trending.html
2025-11-19 10:10:49,413 - Knowledge - INFO - process ingested knowledge for /app/data/T0015/271517/b4715fp/spacetelescope/jwql/website/apps/jwql/templates/archive.html
2025-11-19 10:10:49,631 - Knowledge - INFO - process ingested knowledge for /app/data/T0015/271517/b4715fp/spacetelescope/jwql/website/apps/jwql/templates/jwqldb_table_viewer.html
2025-11-19 10:10:49,695 - Knowledge - ERROR - Timeout processing /app/data/T0015/271517/b4715fp/spacetelescope/jwql/utils/preview_image.py after 90s
2025-11-19 10:10:50,492 - Knowledge - INFO - [LLM_CALL] Completed: database_anomoly_table.ipynb:chunk1, Duration: 82643ms, PromptTokens: 7796, CompletionTokens: 52, Cost: $0.00080
2025-11-19 10:10:50,634 - Knowledge - INFO - process ingested knowledge for /app/data/T0015/271517/b4715fp/spacetelescope/jwql/edb/engineering_database.py
2025-11-19 10:10:50,875 - Knowledge - INFO - done ingest for /app/data/T0015/271517/b4715fp/spacetelescope/notebooks/database_anomoly_table.ipynb
2025-11-19 10:10:52,000 - Knowledge - INFO - process ingested knowledge for /app/data/T0015/271517/b4715fp/spacetelescope/jwql/__init__.py
2025-11-19 10:10:52,103 - Knowledge - ERROR - Timeout processing /app/data/T0015/271517/b4715fp/spacetelescope/jwql/utils/monitor_utils.py after 90s
2025-11-19 10:10:52,588 - Knowledge - INFO - [LLM_CALL] Completed: edb_mnemonic_query.ipynb:chunk1, Duration: 79457ms, PromptTokens: 3038, CompletionTokens: 59, Cost: $0.00033
2025-11-19 10:10:52,825 - Knowledge - ERROR - Timeout processing /app/data/T0015/271517/b4715fp/spacetelescope/jwql/instrument_monitors/nirspec_monitors/data_trending/plots/fpe_fpa_tab.py after 90s
2025-11-19 10:10:52,835 - Knowledge - INFO - process ingested knowledge for /app/data/T0015/271517/b4715fp/spacetelescope/style_guide/README.md
2025-11-19 10:10:52,836 - Knowledge - INFO - done ingest for /app/data/T0015/271517/b4715fp/spacetelescope/notebooks/edb_mnemonic_query.ipynb
2025-11-19 10:10:53,028 - Knowledge - ERROR - Timeout processing /app/data/T0015/271517/b4715fp/spacetelescope/jwql/instrument_monitors/nirspec_monitors/data_trending/plots/temperature_tab.py after 90s
2025-11-19 10:10:53,085 - Knowledge - WARNING - File /app/data/T0015/271517/b4715fp/spacetelescope/jwql/utils/utils.py not successfully processed
2025-11-19 10:10:53,430 - Knowledge - INFO - Fast-tracked /app/data/T0015/271517/b4715fp/spacetelescope/jwql/instrument_monitors/miri_monitors/data_trending/dashboard.py (small file (3011 bytes))
2025-11-19 10:10:53,556 - Knowledge - ERROR - Timeout processing /app/data/T0015/271517/b4715fp/spacetelescope/jwql/instrument_monitors/nirspec_monitors/data_trending/plots/voltage_tab.py after 90s
2025-11-19 10:10:53,568 - Knowledge - INFO - process ingested knowledge for /app/data/T0015/271517/b4715fp/spacetelescope/style_guide/logging_guide.md
2025-11-19 10:10:53,653 - Knowledge - WARNING - File /app/data/T0015/271517/b4715fp/spacetelescope/jwql/utils/constants.py not successfully processed
2025-11-19 10:10:53,877 - Knowledge - ERROR - Timeout processing /app/data/T0015/271517/b4715fp/spacetelescope/jwql/instrument_monitors/nirspec_monitors/data_trending/dt_cron_job.py after 90s
2025-11-19 10:10:54,132 - Knowledge - WARNING - File /app/data/T0015/271517/b4715fp/spacetelescope/jwql/utils/instrument_properties.py not successfully processed
2025-11-19 10:10:54,247 - Knowledge - ERROR - Timeout processing /app/data/T0015/271517/b4715fp/spacetelescope/jwql/instrument_monitors/nirspec_monitors/data_trending/utils/mnemonics.py after 90s
2025-11-19 10:10:54,403 - Knowledge - WARNING - File /app/data/T0015/271517/b4715fp/spacetelescope/jwql/utils/mast_utils.py not successfully processed
2025-11-19 10:10:54,427 - Knowledge - INFO - [LLM_CALL] Completed: monitor_dark_bokeh.py:chunk1, Duration: 35063ms, PromptTokens: 4908, CompletionTokens: 656, Cost: $0.00075
2025-11-19 10:10:54,514 - Knowledge - ERROR - Timeout processing /app/data/T0015/271517/b4715fp/spacetelescope/jwql/instrument_monitors/nirspec_monitors/data_trending/utils/condition.py after 90s
2025-11-19 10:10:54,756 - Knowledge - INFO - done ingest for /app/data/T0015/271517/b4715fp/spacetelescope/jwql/website/apps/jwql/monitor_pages/monitor_dark_bokeh.py
2025-11-19 10:10:54,990 - Knowledge - ERROR - Timeout processing /app/data/T0015/271517/b4715fp/spacetelescope/jwql/instrument_monitors/nirspec_monitors/data_trending/utils/csv_to_AstropyTable.py after 90s
2025-11-19 10:10:54,991 - Knowledge - INFO - process ingested knowledge for /app/data/T0015/271517/b4715fp/spacetelescope/style_guide/example.py
2025-11-19 10:10:55,156 - Knowledge - WARNING - File /app/data/T0015/271517/b4715fp/spacetelescope/jwql/utils/organize_filesystem.py not successfully processed
2025-11-19 10:10:55,170 - Knowledge - INFO - [LLM_CALL] Completed: test_mast_api.ipynb:chunk1, Duration: 75337ms, PromptTokens: 19908, CompletionTokens: 59, Cost: $0.00201
2025-11-19 10:10:55,314 - Knowledge - ERROR - Timeout processing /app/data/T0015/271517/b4715fp/spacetelescope/jwql/instrument_monitors/nirspec_monitors/data_trending/utils/sql_interface.py after 90s
2025-11-19 10:10:55,604 - Knowledge - WARNING - File /app/data/T0015/271517/b4715fp/spacetelescope/jwql/utils/monitor_template.py not successfully processed
2025-11-19 10:10:55,688 - Knowledge - INFO - process ingested knowledge for /app/data/T0015/271517/b4715fp/spacetelescope/style_guide/PEP8_examples.ipynb
2025-11-19 10:10:55,835 - Knowledge - INFO - done ingest for /app/data/T0015/271517/b4715fp/spacetelescope/notebooks/test_mast_api.ipynb
2025-11-19 10:10:56,069 - Knowledge - ERROR - Timeout processing /app/data/T0015/271517/b4715fp/spacetelescope/jwql/instrument_monitors/nirspec_monitors/data_trending/utils/process_data.py after 90s
2025-11-19 10:10:56,191 - Knowledge - WARNING - File /app/data/T0015/271517/b4715fp/spacetelescope/jwql/utils/logging_functions.py not successfully processed
2025-11-19 10:10:56,640 - Knowledge - ERROR - Timeout processing /app/data/T0015/271517/b4715fp/spacetelescope/jwql/instrument_monitors/common_monitors/dark_monitor.py after 90s
2025-11-19 10:10:56,714 - Knowledge - ERROR - Timeout processing /app/data/T0015/271517/b4715fp/spacetelescope/jwql/instrument_monitors/miri_monitors/data_trending/plots/fpe_voltage_tab.py after 90s
2025-11-19 10:10:56,862 - Knowledge - WARNING - File /app/data/T0015/271517/b4715fp/spacetelescope/jwql/utils/calculations.py not successfully processed
2025-11-19 10:10:57,031 - Knowledge - INFO - process ingested knowledge for /app/data/T0015/271517/b4715fp/spacetelescope/style_guide/accessibility_guidelines.md
2025-11-19 10:10:57,038 - Knowledge - ERROR - Timeout processing /app/data/T0015/271517/b4715fp/spacetelescope/jwql/instrument_monitors/common_monitors/readnoise_monitor.py after 90s
2025-11-19 10:10:57,187 - Knowledge - ERROR - Timeout processing /app/data/T0015/271517/b4715fp/spacetelescope/jwql/instrument_monitors/miri_monitors/data_trending/plots/temperature_tab.py after 90s
2025-11-19 10:10:57,312 - Knowledge - ERROR - Timeout processing /app/data/T0015/271517/b4715fp/spacetelescope/jwql/instrument_monitors/pipeline_tools.py after 90s
2025-11-19 10:10:57,670 - Knowledge - ERROR - Timeout processing /app/data/T0015/271517/b4715fp/spacetelescope/jwql/instrument_monitors/common_monitors/bad_pixel_monitor.py after 90s
2025-11-19 10:10:57,815 - Knowledge - ERROR - Timeout processing /app/data/T0015/271517/b4715fp/spacetelescope/jwql/instrument_monitors/miri_monitors/data_trending/plots/ice_voltage_tab.py after 90s
2025-11-19 10:10:57,816 - Knowledge - WARNING - File /app/data/T0015/271517/b4715fp/spacetelescope/jwql/utils/crds_tools.py not successfully processed
2025-11-19 10:10:57,977 - Knowledge - WARNING - File /app/data/T0015/271517/b4715fp/spacetelescope/jwql/instrument_monitors/nirspec_monitors/data_trending/plots/fpe_fpa_tab.py not successfully processed
2025-11-19 10:10:58,079 - Knowledge - ERROR - Timeout processing /app/data/T0015/271517/b4715fp/spacetelescope/jwql/instrument_monitors/common_monitors/bias_monitor.py after 90s
2025-11-19 10:10:58,195 - Knowledge - ERROR - Timeout processing /app/data/T0015/271517/b4715fp/spacetelescope/jwql/instrument_monitors/miri_monitors/data_trending/dt_cron_job.py after 90s
2025-11-19 10:10:58,381 - Knowledge - WARNING - File /app/data/T0015/271517/b4715fp/spacetelescope/jwql/utils/permissions.py not successfully processed
2025-11-19 10:10:58,584 - Knowledge - WARNING - File /app/data/T0015/271517/b4715fp/spacetelescope/jwql/instrument_monitors/nirspec_monitors/data_trending/plots/temperature_tab.py not successfully processed
2025-11-19 10:10:58,700 - Knowledge - ERROR - Timeout processing /app/data/T0015/271517/b4715fp/spacetelescope/jwql/instrument_monitors/miri_monitors/data_trending/15min_to_db.py after 90s
2025-11-19 10:10:58,816 - Knowledge - INFO - [LLM_CALL] Completed: urls.py:chunk1, Duration: 82664ms, PromptTokens: 3772, CompletionTokens: 722, Cost: $0.00067
2025-11-19 10:10:58,894 - Knowledge - ERROR - Timeout processing /app/data/T0015/271517/b4715fp/spacetelescope/jwql/instrument_monitors/miri_monitors/data_trending/utils/mnemonics.py after 90s
2025-11-19 10:10:59,019 - Knowledge - WARNING - File /app/data/T0015/271517/b4715fp/spacetelescope/jwql/utils/preview_image.py not successfully processed
2025-11-19 10:10:59,132 - Knowledge - WARNING - File /app/data/T0015/271517/b4715fp/spacetelescope/jwql/instrument_monitors/nirspec_monitors/data_trending/plots/voltage_tab.py not successfully processed
2025-11-19 10:10:59,237 - Knowledge - ERROR - Timeout processing /app/data/T0015/271517/b4715fp/spacetelescope/jwql/instrument_monitors/miri_monitors/data_trending/day_to_db.py after 90s
2025-11-19 10:10:59,342 - Knowledge - INFO - done ingest for /app/data/T0015/271517/b4715fp/spacetelescope/jwql/website/apps/jwql/urls.py
2025-11-19 10:10:59,487 - Knowledge - ERROR - Timeout processing /app/data/T0015/271517/b4715fp/spacetelescope/jwql/instrument_monitors/miri_monitors/data_trending/utils/condition.py after 90s
2025-11-19 10:10:59,615 - Knowledge - WARNING - File /app/data/T0015/271517/b4715fp/spacetelescope/jwql/utils/monitor_utils.py not successfully processed
2025-11-19 10:10:59,791 - Knowledge - WARNING - File /app/data/T0015/271517/b4715fp/spacetelescope/jwql/instrument_monitors/nirspec_monitors/data_trending/dt_cron_job.py not successfully processed
2025-11-19 10:10:59,908 - Knowledge - ERROR - Timeout processing /app/data/T0015/271517/b4715fp/spacetelescope/jwql/instrument_monitors/miri_monitors/data_trending/plots/bias_tab.py after 90s
2025-11-19 10:10:59,927 - Knowledge - INFO - [LLM_CALL] Completed: caa_tab.py:chunk1, Duration: 40346ms, PromptTokens: 5080, CompletionTokens: 367, Cost: $0.00065
2025-11-19 10:11:00,173 - Knowledge - ERROR - Timeout processing /app/data/T0015/271517/b4715fp/spacetelescope/jwql/instrument_monitors/miri_monitors/data_trending/utils/csv_to_AstropyTable.py after 90s
2025-11-19 10:11:00,546 - Knowledge - WARNING - File /app/data/T0015/271517/b4715fp/spacetelescope/jwql/instrument_monitors/nirspec_monitors/data_trending/utils/mnemonics.py not successfully processed
2025-11-19 10:11:00,660 - Knowledge - ERROR - Timeout processing /app/data/T0015/271517/b4715fp/spacetelescope/jwql/instrument_monitors/miri_monitors/data_trending/plots/wheel_ratio_tab.py after 90s
2025-11-19 10:11:00,798 - Knowledge - INFO - done ingest for /app/data/T0015/271517/b4715fp/spacetelescope/jwql/instrument_monitors/nirspec_monitors/data_trending/plots/caa_tab.py
2025-11-19 10:11:00,820 - Knowledge - INFO - [LLM_CALL] Completed: bokeh_dashboard.py:chunk1, Duration: 67629ms, PromptTokens: 6026, CompletionTokens: 602, Cost: $0.00084
2025-11-19 10:11:00,934 - Knowledge - ERROR - Timeout processing /app/data/T0015/271517/b4715fp/spacetelescope/jwql/instrument_monitors/miri_monitors/data_trending/utils/sql_interface.py after 90s
2025-11-19 10:11:01,099 - Knowledge - WARNING - File /app/data/T0015/271517/b4715fp/spacetelescope/jwql/instrument_monitors/nirspec_monitors/data_trending/utils/condition.py not successfully processed
2025-11-19 10:11:01,527 - Knowledge - INFO - done ingest for /app/data/T0015/271517/b4715fp/spacetelescope/jwql/website/apps/jwql/bokeh_dashboard.py
2025-11-19 10:11:01,405 - Knowledge - ERROR - Timeout processing /app/data/T0015/271517/b4715fp/spacetelescope/jwql/instrument_monitors/miri_monitors/data_trending/plots/power_tab.py after 90s
2025-11-19 10:11:01,558 - Knowledge - INFO - Processing batch of 3 files
2025-11-19 10:11:01,572 - Knowledge - INFO - [WEBSOCKET] Sent: Type=progress_update, Size: 291, Duration: 762ms
2025-11-19 10:11:01,651 - Knowledge - ERROR - Timeout processing /app/data/T0015/271517/b4715fp/spacetelescope/jwql/instrument_monitors/miri_monitors/data_trending/utils/process_data.py after 90s
2025-11-19 10:11:01,816 - Knowledge - WARNING - File /app/data/T0015/271517/b4715fp/spacetelescope/jwql/instrument_monitors/nirspec_monitors/data_trending/utils/csv_to_AstropyTable.py not successfully processed
2025-11-19 10:11:02,602 - Knowledge - INFO - process ingested knowledge for /app/data/T0015/271517/b4715fp/spacetelescope/jwql/utils/plotting.py
2025-11-19 10:11:02,620 - Knowledge - ERROR - Timeout processing /app/data/T0015/271517/b4715fp/spacetelescope/jwql/instrument_monitors/miri_monitors/data_trending/plots/plot_functions.py after 90s
2025-11-19 10:11:03,022 - Knowledge - INFO - [LLM_CALL] Completed: monitor_filesystem.py:chunk1, Duration: 39249ms, PromptTokens: 9698, CompletionTokens: 699, Cost: $0.00125
2025-11-19 10:11:03,173 - Knowledge - ERROR - Timeout processing /app/data/T0015/271517/b4715fp/spacetelescope/jwql/website/jwql_proj/settings.py after 90s
2025-11-19 10:11:03,288 - Knowledge - WARNING - File /app/data/T0015/271517/b4715fp/spacetelescope/jwql/instrument_monitors/nirspec_monitors/data_trending/utils/sql_interface.py not successfully processed
2025-11-19 10:11:04,011 - Knowledge - WARNING - File /app/data/T0015/271517/b4715fp/spacetelescope/jwql/instrument_monitors/common_monitors/dark_monitor.py not successfully processed
2025-11-19 10:11:04,130 - Knowledge - INFO - process ingested knowledge for /app/data/T0015/271517/b4715fp/spacetelescope/jwql/utils/anomaly_query_config.py
2025-11-19 10:11:04,150 - Knowledge - INFO - done ingest for /app/data/T0015/271517/b4715fp/spacetelescope/jwql/jwql_monitors/monitor_filesystem.py
2025-11-19 10:11:04,151 - Knowledge - INFO - [WEBSOCKET] Sent: Type=unknown, Size: ?, Duration: 3341ms
2025-11-19 10:11:04,231 - Knowledge - WARNING - File /app/data/T0015/271517/b4715fp/spacetelescope/jwql/instrument_monitors/miri_monitors/data_trending/plots/fpe_voltage_tab.py not successfully processed
2025-11-19 10:11:04,348 - Knowledge - WARNING - File /app/data/T0015/271517/b4715fp/spacetelescope/jwql/instrument_monitors/nirspec_monitors/data_trending/utils/process_data.py not successfully processed
2025-11-19 10:11:04,428 - Knowledge - WARNING - File /app/data/T0015/271517/b4715fp/spacetelescope/jwql/instrument_monitors/common_monitors/readnoise_monitor.py not successfully processed
2025-11-19 10:11:04,500 - Knowledge - INFO - process ingested knowledge for /app/data/T0015/271517/b4715fp/spacetelescope/jwql/utils/credentials.py
2025-11-19 10:11:04,830 - Knowledge - INFO - Progress: 59.9% | Files: 142/237 | Rate: 1.06 files/sec | Queue: 0
2025-11-19 10:11:04,854 - Knowledge - INFO - [LLM_CALL] Completed: monitor_views.py:chunk1, Duration: 88782ms, PromptTokens: 2556, CompletionTokens: 489, Cost: $0.00045
2025-11-19 10:11:05,041 - Knowledge - WARNING - File /app/data/T0015/271517/b4715fp/spacetelescope/jwql/instrument_monitors/miri_monitors/data_trending/plots/temperature_tab.py not successfully processed
2025-11-19 10:11:05,833 - Knowledge - WARNING - File /app/data/T0015/271517/b4715fp/spacetelescope/jwql/instrument_monitors/common_monitors/bad_pixel_monitor.py not successfully processed
2025-11-19 10:11:06,061 - Knowledge - INFO - done ingest for /app/data/T0015/271517/b4715fp/spacetelescope/jwql/website/apps/jwql/monitor_views.py
2025-11-19 10:11:06,061 - Knowledge - INFO - [LLM_CALL] Completed: msa_mce_tab.py:chunk1, Duration: 78025ms, PromptTokens: 11740, CompletionTokens: 307, Cost: $0.00130
2025-11-19 10:11:06,173 - Knowledge - WARNING - File /app/data/T0015/271517/b4715fp/spacetelescope/jwql/instrument_monitors/miri_monitors/data_trending/plots/ice_voltage_tab.py not successfully processed
2025-11-19 10:11:06,265 - Knowledge - WARNING - File /app/data/T0015/271517/b4715fp/spacetelescope/jwql/instrument_monitors/common_monitors/bias_monitor.py not successfully processed
2025-11-19 10:11:06,505 - Knowledge - INFO - done ingest for /app/data/T0015/271517/b4715fp/spacetelescope/jwql/instrument_monitors/nirspec_monitors/data_trending/plots/msa_mce_tab.py
2025-11-19 10:11:06,524 - Knowledge - INFO - [LLM_CALL] Completed: db.py:chunk1, Duration: 83581ms, PromptTokens: 2574, CompletionTokens: 459, Cost: $0.00044
2025-11-19 10:11:06,594 - Knowledge - WARNING - File /app/data/T0015/271517/b4715fp/spacetelescope/jwql/instrument_monitors/miri_monitors/data_trending/dt_cron_job.py not successfully processed
2025-11-19 10:11:06,679 - Knowledge - WARNING - File /app/data/T0015/271517/b4715fp/spacetelescope/jwql/instrument_monitors/miri_monitors/data_trending/15min_to_db.py not successfully processed
2025-11-19 10:11:06,838 - Knowledge - INFO - done ingest for /app/data/T0015/271517/b4715fp/spacetelescope/jwql/website/apps/jwql/db.py
2025-11-19 10:11:06,861 - Knowledge - INFO - [LLM_CALL] Completed: monitor_mast.py:chunk1, Duration: 52852ms, PromptTokens: 4718, CompletionTokens: 477, Cost: $0.00066
2025-11-19 10:11:07,020 - Knowledge - WARNING - File /app/data/T0015/271517/b4715fp/spacetelescope/jwql/instrument_monitors/miri_monitors/data_trending/utils/mnemonics.py not successfully processed
2025-11-19 10:11:07,189 - Knowledge - WARNING - File /app/data/T0015/271517/b4715fp/spacetelescope/jwql/instrument_monitors/miri_monitors/data_trending/day_to_db.py not successfully processed
2025-11-19 10:11:07,478 - Knowledge - INFO - done ingest for /app/data/T0015/271517/b4715fp/spacetelescope/jwql/jwql_monitors/monitor_mast.py
2025-11-19 10:11:07,510 - Knowledge - INFO - [LLM_CALL] Completed: day_to_db.py:chunk1, Duration: 46554ms, PromptTokens: 2724, CompletionTokens: 410, Cost: $0.00044
2025-11-19 10:11:07,572 - Knowledge - WARNING - File /app/data/T0015/271517/b4715fp/spacetelescope/jwql/instrument_monitors/miri_monitors/data_trending/utils/condition.py not successfully processed
2025-11-19 10:11:07,672 - Knowledge - WARNING - File /app/data/T0015/271517/b4715fp/spacetelescope/jwql/instrument_monitors/miri_monitors/data_trending/plots/wheel_ratio_tab.py not successfully processed
2025-11-19 10:11:07,733 - Knowledge - ERROR - Timeout processing /app/data/T0015/271517/b4715fp/spacetelescope/jwql/jwql_monitors/generate_preview_images.py after 90s
2025-11-19 10:11:07,845 - Knowledge - INFO - done ingest for /app/data/T0015/271517/b4715fp/spacetelescope/jwql/instrument_monitors/nirspec_monitors/data_trending/day_to_db.py
2025-11-19 10:11:07,846 - Knowledge - INFO - [LLM_CALL] Completed: bokeh_containers.py:chunk1, Duration: 46806ms, PromptTokens: 6512, CompletionTokens: 498, Cost: $0.00085
2025-11-19 10:11:07,955 - Knowledge - WARNING - File /app/data/T0015/271517/b4715fp/spacetelescope/jwql/instrument_monitors/miri_monitors/data_trending/utils/csv_to_AstropyTable.py not successfully processed
2025-11-19 10:11:08,027 - Knowledge - WARNING - File /app/data/T0015/271517/b4715fp/spacetelescope/jwql/instrument_monitors/miri_monitors/data_trending/plots/bias_tab.py not successfully processed
2025-11-19 10:11:08,144 - Knowledge - ERROR - Timeout processing /app/data/T0015/271517/b4715fp/spacetelescope/jwql/jwql_monitors/monitor_cron_jobs.py after 90s
2025-11-19 10:11:08,429 - Knowledge - INFO - done ingest for /app/data/T0015/271517/b4715fp/spacetelescope/jwql/website/apps/jwql/bokeh_containers.py
2025-11-19 10:11:08,438 - Knowledge - INFO - [LLM_CALL] Completed: monitor_readnoise_bokeh.py:chunk1, Duration: 58804ms, PromptTokens: 3892, CompletionTokens: 557, Cost: $0.00061
2025-11-19 10:11:08,597 - Knowledge - WARNING - File /app/data/T0015/271517/b4715fp/spacetelescope/jwql/instrument_monitors/miri_monitors/data_trending/utils/sql_interface.py not successfully processed
2025-11-19 10:11:08,722 - Knowledge - WARNING - File /app/data/T0015/271517/b4715fp/spacetelescope/jwql/instrument_monitors/miri_monitors/data_trending/plots/power_tab.py not successfully processed
2025-11-19 10:11:08,948 - Knowledge - WARNING - File /app/data/T0015/271517/b4715fp/spacetelescope/CHANGES.rst not successfully processed
2025-11-19 10:11:09,531 - Knowledge - INFO - done ingest for /app/data/T0015/271517/b4715fp/spacetelescope/jwql/website/apps/jwql/monitor_pages/monitor_readnoise_bokeh.py
2025-11-19 10:11:09,545 - Knowledge - WARNING - File /app/data/T0015/271517/b4715fp/spacetelescope/jwql/instrument_monitors/pipeline_tools.py not successfully processed
2025-11-19 10:11:09,576 - Knowledge - WARNING - File /app/data/T0015/271517/b4715fp/spacetelescope/jwql/instrument_monitors/miri_monitors/data_trending/utils/process_data.py not successfully processed
2025-11-19 10:11:09,723 - Knowledge - WARNING - File /app/data/T0015/271517/b4715fp/spacetelescope/jwql/instrument_monitors/miri_monitors/data_trending/plots/plot_functions.py not successfully processed
2025-11-19 10:11:10,339 - Knowledge - INFO - Processing batch of 2 files
2025-11-19 10:11:10,504 - Knowledge - ERROR - Timeout processing /app/data/T0015/271517/b4715fp/spacetelescope/jwql/instrument_monitors/nirspec_monitors/data_trending/15min_to_db.py after 90s
2025-11-19 10:11:10,542 - Knowledge - INFO - Processing batch of 2 files
2025-11-19 10:11:10,645 - Knowledge - INFO - process ingested knowledge for /app/data/T0015/271517/b4715fp/spacetelescope/jwql/instrument_monitors/nirspec_monitors/data_trending/wheel_to_db.py
2025-11-19 10:11:10,841 - Knowledge - WARNING - File /app/data/T0015/271517/b4715fp/spacetelescope/jwql/jwql_monitors/generate_preview_images.py not successfully processed
2025-11-19 10:11:10,906 - Knowledge - WARNING - File /app/data/T0015/271517/b4715fp/spacetelescope/jwql/website/jwql_proj/settings.py not successfully processed
2025-11-19 10:11:10,906 - Knowledge - ERROR - Timeout processing /app/data/T0015/271517/b4715fp/spacetelescope/jwql/instrument_monitors/nirspec_monitors/data_trending/plots/wheel_tab.py after 90s
2025-11-19 10:11:10,987 - Knowledge - INFO - process ingested knowledge for /app/data/T0015/271517/b4715fp/spacetelescope/jwql/instrument_monitors/common_monitors/bad_pixel_file_thresholds.txt
2025-11-19 10:11:11,134 - Knowledge - INFO - process ingested knowledge for /app/data/T0015/271517/b4715fp/spacetelescope/jwql/instrument_monitors/nirspec_monitors/data_trending/dashboard.py
2025-11-19 10:11:11,317 - Knowledge - INFO - Processing batch of 2 files
2025-11-19 10:11:11,420 - Knowledge - WARNING - File /app/data/T0015/271517/b4715fp/spacetelescope/jwql/jwql_monitors/monitor_cron_jobs.py not successfully processed
2025-11-19 10:11:11,424 - Knowledge - ERROR - Timeout processing /app/data/T0015/271517/b4715fp/spacetelescope/jwql/instrument_monitors/nirspec_monitors/data_trending/plots/power_tab.py after 90s
2025-11-19 10:11:12,054 - Knowledge - INFO - process ingested knowledge for /app/data/T0015/271517/b4715fp/spacetelescope/jwql/instrument_monitors/miri_monitors/data_trending/dashboard.py
2025-11-19 10:11:12,056 - Knowledge - INFO - process ingested knowledge for /app/data/T0015/271517/b4715fp/spacetelescope/jwql/instrument_monitors/common_monitors/dark_monitor_file_thresholds.txt
2025-11-19 10:11:12,679 - Knowledge - ERROR - Timeout processing /app/data/T0015/271517/b4715fp/spacetelescope/jwql/instrument_monitors/nirspec_monitors/data_trending/plots/plot_functions.py after 90s
2025-11-19 10:11:14,062 - Knowledge - INFO - [LLM_CALL] Completed: forms.py:chunk1, Duration: 77408ms, PromptTokens: 11152, CompletionTokens: 912, Cost: $0.00148
2025-11-19 10:11:14,137 - Knowledge - INFO - process ingested knowledge for /app/data/T0015/271517/b4715fp/spacetelescope/jwql/website/manage.py
2025-11-19 10:11:14,255 - Knowledge - INFO - done ingest for /app/data/T0015/271517/b4715fp/spacetelescope/jwql/website/apps/jwql/forms.py
2025-11-19 10:11:14,320 - Knowledge - INFO - [WEBSOCKET] Sent: Type=progress_update, Size: 292, Duration: 0ms
2025-11-19 10:11:14,668 - Knowledge - INFO - [WEBSOCKET] Sent: Type=unknown, Size: ?, Duration: 348ms
2025-11-19 10:11:14,879 - Knowledge - INFO - Progress: 70.0% | Files: 169/237 | Rate: 1.14 files/sec | Queue: 0
2025-11-19 10:11:14,887 - Knowledge - INFO - [LLM_CALL] Completed: views.py:chunk1, Duration: 42705ms, PromptTokens: 11416, CompletionTokens: 1318, Cost: $0.00167
2025-11-19 10:11:15,196 - Knowledge - INFO - done ingest for /app/data/T0015/271517/b4715fp/spacetelescope/jwql/website/apps/jwql/views.py
2025-11-19 10:11:15,221 - Knowledge - INFO - Processing batch of 12 files
2025-11-19 10:11:15,226 - Knowledge - WARNING - File /app/data/T0015/271517/b4715fp/spacetelescope/jwql/instrument_monitors/nirspec_monitors/data_trending/15min_to_db.py not successfully processed
2025-11-19 10:11:15,231 - Knowledge - INFO - Processing batch of 10 files
2025-11-19 10:11:15,562 - Knowledge - INFO - process ingested knowledge for /app/data/T0015/271517/b4715fp/spacetelescope/environment_python_3_9.yml
2025-11-19 10:11:15,903 - Knowledge - INFO - process ingested knowledge for /app/data/T0015/271517/b4715fp/spacetelescope/jwql/website/apps/jwql/urls.py
2025-11-19 10:11:15,995 - Knowledge - INFO - [LLM_CALL] Completed: api_views.py:chunk1, Duration: 63629ms, PromptTokens: 4846, CompletionTokens: 732, Cost: $0.00078
2025-11-19 10:11:16,016 - Knowledge - INFO - process ingested knowledge for /app/data/T0015/271517/b4715fp/spacetelescope/setup.py
2025-11-19 10:11:16,122 - Knowledge - INFO - process ingested knowledge for /app/data/T0015/271517/b4715fp/spacetelescope/jwql/website/apps/jwql/db.py
2025-11-19 10:11:16,189 - Knowledge - INFO - done ingest for /app/data/T0015/271517/b4715fp/spacetelescope/jwql/website/apps/jwql/api_views.py
2025-11-19 10:11:16,212 - Knowledge - WARNING - File /app/data/T0015/271517/b4715fp/spacetelescope/jwql/instrument_monitors/nirspec_monitors/data_trending/plots/wheel_tab.py not successfully processed
2025-11-19 10:11:16,286 - Knowledge - INFO - process ingested knowledge for /app/data/T0015/271517/b4715fp/spacetelescope/notebooks/keywords_in_multiple_headers.ipynb
2025-11-19 10:11:16,375 - Knowledge - INFO - process ingested knowledge for /app/data/T0015/271517/b4715fp/spacetelescope/jwql/website/apps/jwql/tests/test_context_processors.py
2025-11-19 10:11:16,478 - Knowledge - ERROR - Timeout processing /app/data/T0015/271517/b4715fp/spacetelescope/jwql/website/apps/jwql/data_containers.py after 90s
2025-11-19 10:11:16,562 - Knowledge - WARNING - File /app/data/T0015/271517/b4715fp/spacetelescope/jwql/instrument_monitors/nirspec_monitors/data_trending/plots/power_tab.py not successfully processed
2025-11-19 10:11:16,633 - Knowledge - INFO - process ingested knowledge for /app/data/T0015/271517/b4715fp/spacetelescope/notebooks/database_anomoly_table.ipynb
2025-11-19 10:11:16,757 - Knowledge - INFO - process ingested knowledge for /app/data/T0015/271517/b4715fp/spacetelescope/jwql/website/apps/jwql/models.py
2025-11-19 10:11:16,903 - Knowledge - WARNING - File /app/data/T0015/271517/b4715fp/spacetelescope/jwql/website/apps/jwql/data_containers.py not successfully processed
2025-11-19 10:11:16,920 - Knowledge - WARNING - File /app/data/T0015/271517/b4715fp/spacetelescope/jwql/instrument_monitors/nirspec_monitors/data_trending/plots/plot_functions.py not successfully processed
2025-11-19 10:11:17,011 - Knowledge - INFO - process ingested knowledge for /app/data/T0015/271517/b4715fp/spacetelescope/notebooks/integrating_auth_mast_service.ipynb
2025-11-19 10:11:17,101 - Knowledge - INFO - process ingested knowledge for /app/data/T0015/271517/b4715fp/spacetelescope/jwql/website/apps/jwql/apps.py
2025-11-19 10:11:17,260 - Knowledge - INFO - Processing batch of 9 files
2025-11-19 10:11:17,293 - Knowledge - INFO - Processing batch of 8 files
2025-11-19 10:11:17,377 - Knowledge - INFO - process ingested knowledge for /app/data/T0015/271517/b4715fp/spacetelescope/notebooks/edb_mnemonic_query.ipynb
2025-11-19 10:11:17,482 - Knowledge - INFO - process ingested knowledge for /app/data/T0015/271517/b4715fp/spacetelescope/jwql/website/apps/jwql/bokeh_dashboard.py
2025-11-19 10:11:17,559 - Knowledge - INFO - process ingested knowledge for /app/data/T0015/271517/b4715fp/spacetelescope/jwql/website/apps/jwql/static/js/jquery-3.3.1.min.js
2025-11-19 10:11:17,691 - Knowledge - INFO - process ingested knowledge for /app/data/T0015/271517/b4715fp/spacetelescope/jwql/tests/test_utils.py
2025-11-19 10:11:17,827 - Knowledge - INFO - process ingested knowledge for /app/data/T0015/271517/b4715fp/spacetelescope/notebooks/test_mast_api.ipynb
2025-11-19 10:11:17,893 - Knowledge - INFO - process ingested knowledge for /app/data/T0015/271517/b4715fp/spacetelescope/jwql/website/apps/jwql/monitor_pages/dark_monitor.py
2025-11-19 10:11:18,050 - Knowledge - INFO - process ingested knowledge for /app/data/T0015/271517/b4715fp/spacetelescope/jwql/website/apps/jwql/static/js/bootstrap.bundle.min.js
2025-11-19 10:11:18,123 - Knowledge - INFO - process ingested knowledge for /app/data/T0015/271517/b4715fp/spacetelescope/jwql/tests/test_readnoise_monitor.py
2025-11-19 10:11:18,245 - Knowledge - INFO - process ingested knowledge for /app/data/T0015/271517/b4715fp/spacetelescope/requirements.txt
2025-11-19 10:11:18,364 - Knowledge - INFO - process ingested knowledge for /app/data/T0015/271517/b4715fp/spacetelescope/jwql/website/apps/jwql/monitor_pages/monitor_readnoise_bokeh.py
2025-11-19 10:11:18,512 - Knowledge - INFO - process ingested knowledge for /app/data/T0015/271517/b4715fp/spacetelescope/jwql/tests/test_plotting.py
2025-11-19 10:11:18,433 - Knowledge - INFO - process ingested knowledge for /app/data/T0015/271517/b4715fp/spacetelescope/jwql/website/apps/jwql/static/js/popper.min.js
2025-11-19 10:11:18,627 - Knowledge - INFO - process ingested knowledge for /app/data/T0015/271517/b4715fp/spacetelescope/jwql/jwql_monitors/create_initial_preview_and_thumbnail_listfiles.py
2025-11-19 10:11:18,726 - Knowledge - INFO - process ingested knowledge for /app/data/T0015/271517/b4715fp/spacetelescope/jwql/website/apps/jwql/monitor_pages/monitor_dark_bokeh.py
2025-11-19 10:11:18,842 - Knowledge - INFO - process ingested knowledge for /app/data/T0015/271517/b4715fp/spacetelescope/jwql/tests/test_setup.py
2025-11-19 10:11:18,943 - Knowledge - INFO - process ingested knowledge for /app/data/T0015/271517/b4715fp/spacetelescope/jwql/website/apps/jwql/monitor_views.py
2025-11-19 10:11:19,010 - Knowledge - INFO - process ingested knowledge for /app/data/T0015/271517/b4715fp/spacetelescope/jwql/jwql_monitors/monitor_mast.py
2025-11-19 10:11:19,092 - Knowledge - INFO - process ingested knowledge for /app/data/T0015/271517/b4715fp/spacetelescope/jwql/website/apps/jwql/monitor_pages/monitor_bad_pixel_bokeh.py
2025-11-19 10:11:19,170 - Knowledge - INFO - process ingested knowledge for /app/data/T0015/271517/b4715fp/spacetelescope/jwql/tests/test_dark_monitor.py
2025-11-19 10:11:19,256 - Knowledge - INFO - process ingested knowledge for /app/data/T0015/271517/b4715fp/spacetelescope/jwql/website/apps/jwql/forms.py
2025-11-19 10:11:19,354 - Knowledge - INFO - process ingested knowledge for /app/data/T0015/271517/b4715fp/spacetelescope/jwql/jwql_monitors/monitor_filesystem.py
2025-11-19 10:11:19,507 - Knowledge - INFO - process ingested knowledge for /app/data/T0015/271517/b4715fp/spacetelescope/jwql/instrument_monitors/nirspec_monitors/data_trending/day_to_db.py
2025-11-19 10:11:19,621 - Knowledge - INFO - process ingested knowledge for /app/data/T0015/271517/b4715fp/spacetelescope/jwql/website/apps/jwql/context_processors.py
2025-11-19 10:11:19,726 - Knowledge - INFO - process ingested knowledge for /app/data/T0015/271517/b4715fp/spacetelescope/jwql/jwql_monitors/generate_proposal_thumbnails.py
2025-11-19 10:11:19,805 - Knowledge - INFO - process ingested knowledge for /app/data/T0015/271517/b4715fp/spacetelescope/jwql/instrument_monitors/nirspec_monitors/data_trending/plots/msa_mce_tab.py
2025-11-19 10:11:19,897 - Knowledge - INFO - process ingested knowledge for /app/data/T0015/271517/b4715fp/spacetelescope/jwql/website/apps/jwql/api_views.py
2025-11-19 10:11:20,121 - Knowledge - INFO - process ingested knowledge for /app/data/T0015/271517/b4715fp/spacetelescope/jwql/instrument_monitors/nirspec_monitors/data_trending/plots/caa_tab.py
2025-11-19 10:11:20,255 - Knowledge - INFO - process ingested knowledge for /app/data/T0015/271517/b4715fp/spacetelescope/jwql/website/apps/jwql/bokeh_containers.py
2025-11-19 10:11:20,505 - Knowledge - INFO - process ingested knowledge for /app/data/T0015/271517/b4715fp/spacetelescope/jwql/website/apps/jwql/views.py
2025-11-19 10:11:20,776 - Knowledge - INFO - [WEBSOCKET] Sent: Type=progress_update, Size: 293, Duration: 0ms
2025-11-19 10:11:20,957 - Knowledge - INFO - [WEBSOCKET] Sent: Type=unknown, Size: ?, Duration: 181ms
2025-11-19 10:11:21,123 - Knowledge - INFO - Progress: 78.9% | Files: 187/237 | Rate: 1.21 files/sec | Queue: 0
2025-11-19 10:11:22,105 - Knowledge - INFO - Knowledge creation complete
2025-11-19 10:11:22,268 - Knowledge - INFO - ==================================================
2025-11-19 10:11:22,479 - Knowledge - INFO - KNOWLEDGE GRAPH GENERATION PERFORMANCE SUMMARY
2025-11-19 10:11:22,653 - Knowledge - INFO - ==================================================
2025-11-19 10:11:22,812 - Knowledge - INFO - Total processing time: 156.35 seconds (2.61 minutes)
2025-11-19 10:11:22,977 - Knowledge - INFO - Files processed: 0
2025-11-19 10:11:23,129 - Knowledge - INFO - Processing rate: 0.00 files/second
2025-11-19 10:11:23,327 - Knowledge - INFO - 
[TIME_BREAKDOWN]
2025-11-19 10:11:23,513 - Knowledge - INFO - File Reading: 0.00s (0.0%)
2025-11-19 10:11:23,713 - Knowledge - INFO - LLM Processing: 1971.15s (1260.7%)
2025-11-19 10:11:23,903 - Knowledge - INFO - MongoDB Operations: 0.00s (0.0%)
2025-11-19 10:11:24,048 - Knowledge - INFO - Redis Operations: 0.00s (0.0%)
2025-11-19 10:11:24,214 - Knowledge - INFO - WebSocket Communication: 5.81s (3.7%)
2025-11-19 10:11:24,438 - Knowledge - INFO - 
[LLM_STATS]
2025-11-19 10:11:24,605 - Knowledge - INFO - Total LLM calls: 42
2025-11-19 10:11:24,817 - Knowledge - INFO - Average LLM response time: 46932ms
2025-11-19 10:11:24,994 - Knowledge - INFO - Average prompt tokens: 6137.3
2025-11-19 10:11:25,182 - Knowledge - INFO - Average completion tokens: 400.5
2025-11-19 10:11:25,380 - Knowledge - INFO - Total prompt tokens: 257766
2025-11-19 10:11:25,576 - Knowledge - INFO - Total completion tokens: 16820
2025-11-19 10:11:25,763 - Knowledge - INFO - Total LLM cost: $0.0325
2025-11-19 10:11:25,958 - Knowledge - INFO - 
[DATABASE_STATS]
2025-11-19 10:11:26,139 - Knowledge - INFO - MongoDB operations: 0
2025-11-19 10:11:26,321 - Knowledge - INFO - Redis operations: 0
2025-11-19 10:11:26,523 - Knowledge - INFO - 
[COMMUNICATION_STATS]
2025-11-19 10:11:26,695 - Knowledge - INFO - WebSocket messages sent: 14
2025-11-19 10:11:26,877 - Knowledge - INFO - Average message size: 145.7 bytes
2025-11-19 10:11:27,089 - Knowledge - INFO - 
[WORKER_STATS]
2025-11-19 10:11:27,241 - Knowledge - INFO - 
[FILE_TYPE_STATS]
2025-11-19 10:11:27,402 - Knowledge - INFO - 
[SLOWEST_FILES]
2025-11-19 10:11:27,576 - Knowledge - INFO - ==================================================
2025-11-19 10:11:27,748 - Knowledge - INFO - ==================================================
2025-11-19 10:11:27,950 - Knowledge - INFO - KNOWLEDGE GRAPH GENERATION PERFORMANCE SUMMARY
2025-11-19 10:11:28,112 - Knowledge - INFO - ==================================================
2025-11-19 10:11:28,324 - Knowledge - INFO - Total processing time: 161.89 seconds (2.70 minutes)
2025-11-19 10:11:28,507 - Knowledge - INFO - Files processed: 187 of 237
2025-11-19 10:11:28,668 - Knowledge - INFO - Processing rate: 1.16 files/second
2025-11-19 10:11:28,840 - Knowledge - INFO - WebSocket messages sent: 7
2025-11-19 10:11:29,022 - Knowledge - INFO - MongoDB operations: 187
2025-11-19 10:11:29,225 - Knowledge - INFO - Average MongoDB ops per file: 1.00
2025-11-19 10:11:29,387 - Knowledge - INFO - LLM costs: $0.0325
2025-11-19 10:11:29,609 - Knowledge - INFO - Prompt tokens: 257766
2025-11-19 10:11:29,779 - Knowledge - INFO - Completion tokens: 16820
2025-11-19 10:11:29,992 - Knowledge - INFO - Updating org costs, total cost: 0.032504599999999995
2025-11-19 10:11:31,180 - Knowledge - INFO - [WEBSOCKET] Sent: Type=progress_update, Size: 269, Duration: 0ms
2025-11-19 10:11:31,446 - Knowledge - INFO - Saving knowledge to Redis...
2025-11-19 10:11:31,734 - Knowledge - INFO - Knowledge saved to Redis successfully
